churn_id,customer_id,churn_date,churn_reason,competitor_name,last_active_days
1,29905,2023-09-05,Missing Features,Monday.com,116
2,37698,2024-04-20,Poor Experience,Asana,109
3,39287,2022-05-18,Technical Issues,ClickUp,52
4,48500,2022-08-06,Technical Issues,Notion,41
5,31296,2024-09-22,Technical Issues,Slack,106
6,46417,2024-05-18,High Pricing,ClickUp,11
7,22798,2024-05-15,Low Usage,Asana,1
8,12883,2022-09-04,Missing Features,Monday.com,101
9,22035,2024-02-07,Poor Experience,ClickUp,14
10,14727,2025-01-30,Missing Features,ClickUp,38
11,22079,2025-02-22,High Pricing,ClickUp,51
12,12415,2023-02-12,Switched Competitor,ClickUp,75
13,46048,2023-03-21,Switched Competitor,Monday.com,76
14,5151,2023-02-08,Poor Experience,Asana,90
15,31205,2022-05-01,Poor Experience,Asana,95
16,44065,2023-03-06,Switched Competitor,Asana,57
17,5470,2024-12-08,Poor Experience,Notion,30
18,17420,2023-09-07,High Pricing,Slack,30
19,24929,2023-03-29,Missing Features,Slack,78
20,16226,2022-06-24,Poor Experience,Monday.com,111
21,19026,2024-06-08,Low Usage,ClickUp,93
22,26857,2022-12-22,Technical Issues,Asana,53
23,562,2022-05-25,Poor Experience,Slack,90
24,36626,2022-12-29,Poor Experience,Asana,92
25,48627,2025-01-25,Switched Competitor,Notion,119
26,25053,2024-05-15,Missing Features,Slack,100
27,27983,2022-09-10,Missing Features,ClickUp,27
28,42138,2025-01-19,High Pricing,ClickUp,40
29,15139,2022-02-27,Missing Features,Asana,50
30,18884,2023-09-01,Technical Issues,ClickUp,94
31,34820,2023-03-13,Missing Features,Asana,118
32,16758,2024-03-07,Missing Features,Notion,35
33,280,2022-07-23,Switched Competitor,Slack,117
34,16084,2024-01-16,Technical Issues,Notion,84
35,49144,2024-06-05,Poor Experience,Slack,92
36,16566,2023-04-10,Low Usage,ClickUp,58
37,627,2023-06-04,Low Usage,Slack,74
38,30232,2024-12-01,Switched Competitor,Monday.com,58
39,12611,2024-11-11,Technical Issues,Notion,49
40,5112,2024-01-23,Technical Issues,Slack,114
41,34976,2023-09-22,Switched Competitor,Slack,119
42,27203,2024-12-27,Low Usage,Slack,66
43,19331,2024-11-08,Missing Features,Slack,25
44,7718,2022-01-28,Low Usage,Slack,94
45,8008,2023-06-06,Technical Issues,Monday.com,31
46,33900,2023-10-10,Low Usage,Slack,58
47,47766,2022-06-12,Technical Issues,Asana,106
48,46315,2024-03-20,Missing Features,Notion,85
49,22284,2024-11-14,Missing Features,Notion,87
50,21220,2024-02-25,Poor Experience,Asana,117
51,22851,2022-02-06,Poor Experience,Asana,114
52,38931,2022-07-30,High Pricing,ClickUp,54
53,20708,2023-05-18,High Pricing,ClickUp,14
54,11854,2024-03-07,Switched Competitor,Asana,7
55,36073,2023-11-17,Technical Issues,ClickUp,24
56,36720,2022-05-18,Low Usage,Notion,89
57,47066,2023-01-23,Switched Competitor,Asana,117
58,19163,2025-01-29,High Pricing,Monday.com,35
59,27919,2024-01-30,Low Usage,Slack,27
60,32103,2025-02-12,Poor Experience,ClickUp,84
61,19020,2024-11-17,Low Usage,Asana,64
62,47081,2023-11-19,Technical Issues,Monday.com,99
63,32028,2023-01-16,Missing Features,Asana,108
64,46696,2024-03-02,Poor Experience,Asana,56
65,42392,2022-11-27,High Pricing,Monday.com,62
66,41825,2023-01-24,High Pricing,Monday.com,20
67,36866,2023-10-29,Low Usage,Notion,5
68,14841,2023-10-14,Low Usage,ClickUp,7
69,3026,2023-06-09,Low Usage,Notion,54
70,41972,2023-04-27,Poor Experience,ClickUp,109
71,13274,2025-03-14,Switched Competitor,Notion,39
72,23136,2024-01-03,Poor Experience,Notion,47
73,3921,2022-06-02,Poor Experience,ClickUp,59
74,14215,2022-11-17,Technical Issues,ClickUp,113
75,49076,2025-03-05,High Pricing,Monday.com,83
76,6990,2022-11-26,High Pricing,ClickUp,6
77,44488,2023-09-08,Switched Competitor,Notion,101
78,35013,2022-06-28,Switched Competitor,Asana,25
79,9607,2023-02-26,Low Usage,Asana,83
80,23081,2022-01-13,Poor Experience,Notion,2
81,13531,2023-05-20,Poor Experience,Notion,31
82,23886,2023-05-21,Technical Issues,Monday.com,103
83,48241,2022-06-27,Switched Competitor,Slack,73
84,17060,2023-09-06,Poor Experience,Monday.com,82
85,47520,2023-04-13,Low Usage,Slack,3
86,615,2024-06-01,Poor Experience,Slack,119
87,32357,2024-03-14,High Pricing,Monday.com,108
88,35283,2024-03-21,Switched Competitor,ClickUp,83
89,38686,2022-07-14,Low Usage,Monday.com,28
90,34709,2022-02-02,High Pricing,Slack,109
91,34288,2025-01-13,High Pricing,ClickUp,1
92,17088,2024-12-01,Switched Competitor,Slack,99
93,48665,2024-08-08,Switched Competitor,Notion,103
94,30659,2024-04-18,Switched Competitor,ClickUp,52
95,45067,2023-04-21,High Pricing,Monday.com,73
96,13208,2023-08-01,Missing Features,Monday.com,10
97,19241,2025-03-08,Missing Features,Notion,16
98,28973,2023-05-06,Low Usage,Asana,46
99,31594,2023-10-19,Technical Issues,ClickUp,42
100,5490,2024-11-30,Missing Features,ClickUp,63
101,591,2024-10-03,Low Usage,Asana,55
102,12480,2023-03-02,Poor Experience,Asana,52
103,1701,2023-06-05,High Pricing,Notion,6
104,42592,2023-07-02,Missing Features,ClickUp,33
105,2822,2023-03-09,Switched Competitor,Slack,13
106,16776,2024-08-18,High Pricing,Asana,13
107,33252,2023-09-08,Low Usage,Monday.com,3
108,16731,2023-05-31,Technical Issues,Monday.com,100
109,32497,2023-08-28,Poor Experience,ClickUp,102
110,39834,2023-06-09,Missing Features,Notion,87
111,27505,2022-02-18,High Pricing,Asana,92
112,8226,2024-06-18,Missing Features,Monday.com,64
113,505,2024-01-26,Missing Features,Asana,66
114,27109,2024-12-20,Poor Experience,Monday.com,98
115,13596,2023-09-04,Switched Competitor,Monday.com,76
116,24460,2023-09-08,High Pricing,Slack,37
117,37489,2022-04-10,Low Usage,Slack,105
118,21919,2022-11-19,Missing Features,Asana,72
119,32152,2024-12-11,Poor Experience,Monday.com,8
120,25047,2023-03-11,Missing Features,Asana,75
121,14616,2022-07-16,Low Usage,ClickUp,4
122,34861,2024-05-08,Switched Competitor,Slack,61
123,4478,2022-10-03,Low Usage,Slack,116
124,10337,2022-11-10,Low Usage,ClickUp,27
125,3469,2022-12-06,Poor Experience,Asana,18
126,25322,2024-02-09,Switched Competitor,Slack,116
127,23138,2024-03-07,Low Usage,Monday.com,24
128,32546,2023-02-21,Switched Competitor,Slack,110
129,40662,2024-07-08,Missing Features,Monday.com,14
130,17634,2025-04-10,Missing Features,ClickUp,28
131,1852,2024-08-07,Poor Experience,Asana,88
132,23924,2025-01-07,High Pricing,Asana,60
133,14931,2022-11-05,Missing Features,Asana,10
134,14885,2024-10-22,Missing Features,ClickUp,93
135,27006,2023-08-30,Switched Competitor,ClickUp,12
136,19997,2024-10-06,Missing Features,Slack,40
137,15788,2023-01-13,Switched Competitor,Monday.com,27
138,36578,2022-05-13,Switched Competitor,Slack,110
139,37578,2023-05-18,Low Usage,Asana,65
140,13204,2023-03-18,High Pricing,Slack,110
141,40564,2023-09-15,Switched Competitor,Monday.com,34
142,19681,2022-11-24,Missing Features,Monday.com,84
143,16881,2023-09-16,Poor Experience,Asana,78
144,35350,2023-10-01,Poor Experience,Notion,19
145,17542,2023-09-21,Missing Features,Asana,52
146,22248,2025-02-03,Technical Issues,Monday.com,7
147,28199,2025-04-11,Low Usage,Monday.com,92
148,33552,2024-02-25,Switched Competitor,Monday.com,103
149,36358,2022-02-20,Switched Competitor,Notion,13
150,45198,2023-08-11,Low Usage,Asana,50
151,5003,2022-02-16,Poor Experience,Monday.com,112
152,2224,2023-11-04,High Pricing,Monday.com,49
153,12200,2024-05-21,Poor Experience,Monday.com,24
154,2205,2024-01-23,Switched Competitor,Monday.com,67
155,24807,2024-04-12,High Pricing,Asana,69
156,48915,2023-10-06,Poor Experience,Monday.com,86
157,8210,2025-02-24,Low Usage,Asana,108
158,27402,2023-03-16,Missing Features,Notion,59
159,8561,2023-05-10,Switched Competitor,Asana,104
160,13248,2023-12-13,Poor Experience,Slack,73
161,43959,2023-07-03,Low Usage,ClickUp,81
162,11576,2023-01-23,Switched Competitor,Slack,111
163,41144,2022-11-07,Switched Competitor,Notion,40
164,13367,2023-01-13,Switched Competitor,Slack,53
165,26167,2022-03-06,High Pricing,ClickUp,78
166,32903,2023-03-12,Low Usage,Monday.com,77
167,15471,2023-03-07,Technical Issues,ClickUp,93
168,39419,2024-07-14,Switched Competitor,Monday.com,67
169,26268,2023-11-07,Technical Issues,Notion,97
170,21624,2023-02-19,High Pricing,Monday.com,19
171,2709,2024-03-02,Low Usage,Notion,35
172,48698,2024-07-07,Missing Features,Monday.com,56
173,8005,2024-11-14,High Pricing,Monday.com,11
174,1665,2022-12-16,Missing Features,Slack,1
175,10797,2022-12-19,Low Usage,Notion,13
176,27750,2025-02-07,Low Usage,Notion,23
177,1221,2022-06-13,Low Usage,ClickUp,115
178,10644,2022-06-04,Missing Features,Slack,17
179,4594,2025-03-30,Missing Features,Notion,77
180,33995,2022-06-18,Poor Experience,Slack,118
181,12014,2025-01-07,Technical Issues,ClickUp,47
182,2062,2025-01-24,High Pricing,ClickUp,89
183,9105,2025-04-01,Poor Experience,Monday.com,27
184,27362,2023-06-16,Low Usage,Monday.com,4
185,24217,2024-06-26,Missing Features,Asana,78
186,28973,2023-10-06,High Pricing,ClickUp,26
187,27576,2022-02-02,Low Usage,Slack,46
188,36668,2024-04-12,Technical Issues,Monday.com,118
189,37791,2022-07-22,High Pricing,Asana,44
190,20368,2023-08-04,Technical Issues,ClickUp,85
191,782,2022-05-19,Missing Features,Monday.com,104
192,13726,2022-10-03,Missing Features,Slack,111
193,20415,2023-02-19,Technical Issues,Notion,20
194,8655,2024-11-29,Switched Competitor,Notion,28
195,49161,2023-08-07,Missing Features,ClickUp,66
196,8048,2024-07-11,Switched Competitor,Monday.com,74
197,33691,2024-09-10,Poor Experience,Asana,49
198,18788,2024-11-27,Low Usage,ClickUp,60
199,14134,2023-04-20,Missing Features,Monday.com,50
200,43946,2022-07-20,Missing Features,Monday.com,54
201,18230,2022-08-12,Poor Experience,Notion,26
202,15816,2023-10-08,Low Usage,ClickUp,86
203,27170,2023-07-22,Technical Issues,ClickUp,59
204,28592,2022-12-27,Technical Issues,Notion,57
205,9583,2023-05-30,Missing Features,Asana,73
206,22187,2022-05-27,Missing Features,Slack,23
207,6169,2024-01-10,Low Usage,Notion,38
208,2314,2022-06-03,Technical Issues,Monday.com,68
209,20368,2023-02-19,Poor Experience,Slack,46
210,5565,2024-07-04,High Pricing,ClickUp,50
211,43509,2022-04-16,Poor Experience,ClickUp,120
212,587,2022-01-22,Low Usage,Slack,18
213,17035,2024-12-12,Technical Issues,Monday.com,25
214,42662,2024-11-25,Low Usage,Monday.com,91
215,48116,2023-09-11,Switched Competitor,Asana,97
216,27302,2022-06-18,Technical Issues,ClickUp,72
217,17770,2025-03-28,Switched Competitor,Slack,13
218,22679,2023-02-02,Missing Features,ClickUp,63
219,11572,2024-08-16,Poor Experience,Slack,73
220,32690,2023-05-20,High Pricing,Asana,113
221,3964,2025-04-02,Low Usage,Monday.com,66
222,19800,2024-07-31,Missing Features,ClickUp,56
223,40968,2023-07-25,Missing Features,Monday.com,29
224,16233,2023-06-03,High Pricing,Slack,72
225,45426,2025-02-18,Missing Features,ClickUp,73
226,47452,2023-08-09,Technical Issues,ClickUp,61
227,16015,2022-11-04,Low Usage,Asana,107
228,39607,2024-07-12,Poor Experience,Asana,50
229,47514,2023-10-15,Technical Issues,Slack,97
230,8972,2024-02-22,Low Usage,Asana,97
231,5730,2023-12-21,Poor Experience,Slack,17
232,47476,2025-03-27,Poor Experience,Notion,92
233,17634,2022-06-20,Technical Issues,Notion,116
234,6541,2023-01-06,Poor Experience,Monday.com,80
235,35729,2022-01-07,Technical Issues,Slack,5
236,36529,2022-04-27,Switched Competitor,Notion,85
237,21522,2023-03-01,High Pricing,Asana,36
238,36471,2022-07-13,Poor Experience,ClickUp,55
239,20503,2022-01-05,Missing Features,Asana,102
240,38000,2024-01-31,Technical Issues,Monday.com,41
241,30640,2022-12-24,Missing Features,Monday.com,42
242,15687,2024-06-21,Switched Competitor,Slack,72
243,10720,2024-01-21,Technical Issues,Asana,82
244,3056,2024-12-09,Missing Features,ClickUp,111
245,31158,2024-07-02,Switched Competitor,Monday.com,115
246,45574,2025-03-27,High Pricing,ClickUp,96
247,4977,2023-01-25,Low Usage,ClickUp,40
248,40637,2023-04-26,Technical Issues,Notion,19
249,13323,2022-03-14,Missing Features,ClickUp,91
250,38938,2023-12-24,Switched Competitor,ClickUp,44
251,38080,2024-06-23,Low Usage,ClickUp,62
252,48751,2024-01-28,Poor Experience,ClickUp,72
253,48935,2023-06-29,Switched Competitor,Asana,71
254,38103,2023-11-08,Technical Issues,Monday.com,10
255,5520,2023-12-31,Switched Competitor,Monday.com,84
256,7580,2022-05-13,Missing Features,ClickUp,113
257,20600,2022-06-15,Switched Competitor,Notion,32
258,4305,2024-05-20,Low Usage,Notion,84
259,30149,2024-02-07,Switched Competitor,Asana,66
260,47529,2024-10-13,Technical Issues,Slack,101
261,15418,2024-06-15,Switched Competitor,Notion,59
262,46062,2024-05-16,Technical Issues,Monday.com,77
263,24446,2023-09-14,Switched Competitor,ClickUp,96
264,21604,2022-12-23,Switched Competitor,ClickUp,53
265,25559,2024-09-30,Poor Experience,Asana,34
266,13873,2024-03-22,Low Usage,Asana,24
267,5503,2022-12-30,Poor Experience,Slack,110
268,24327,2022-10-09,High Pricing,Notion,18
269,43304,2023-12-26,Switched Competitor,Slack,120
270,27738,2024-05-15,Low Usage,Asana,9
271,35870,2022-06-14,Missing Features,Slack,101
272,39384,2024-12-27,Switched Competitor,ClickUp,99
273,43226,2022-01-26,Low Usage,Slack,113
274,29441,2024-11-12,Missing Features,Monday.com,49
275,29978,2023-09-15,Switched Competitor,Asana,48
276,24311,2024-06-02,Low Usage,Notion,77
277,47012,2023-04-15,Switched Competitor,Asana,120
278,27674,2024-02-25,Missing Features,Monday.com,95
279,28030,2023-05-25,Switched Competitor,Notion,56
280,39274,2023-05-09,Switched Competitor,Notion,25
281,11014,2023-08-26,Poor Experience,Asana,28
282,29295,2025-02-26,High Pricing,Notion,78
283,25903,2024-02-04,Poor Experience,ClickUp,25
284,14347,2022-08-02,Technical Issues,Notion,106
285,9781,2022-05-22,Switched Competitor,Monday.com,23
286,14001,2024-11-28,Technical Issues,Asana,60
287,9115,2025-02-25,Switched Competitor,Monday.com,89
288,33416,2022-09-28,Switched Competitor,Asana,41
289,49468,2022-09-21,Switched Competitor,Asana,13
290,9521,2024-10-31,Technical Issues,Asana,84
291,44655,2023-07-18,Technical Issues,Slack,63
292,30338,2022-08-14,Poor Experience,Monday.com,92
293,26378,2022-03-16,Switched Competitor,Notion,109
294,37132,2025-04-01,Switched Competitor,Slack,40
295,19226,2023-01-22,Poor Experience,ClickUp,110
296,42888,2023-09-10,Switched Competitor,Monday.com,66
297,42380,2022-03-31,Missing Features,Slack,34
298,38276,2023-03-30,High Pricing,Asana,52
299,17775,2024-11-11,Missing Features,Slack,37
300,30048,2025-01-05,Low Usage,Slack,3
301,4100,2023-03-26,High Pricing,ClickUp,64
302,25605,2025-02-04,Switched Competitor,Asana,28
303,47145,2022-01-19,Technical Issues,Notion,105
304,548,2022-09-08,Low Usage,Slack,93
305,22307,2024-12-21,Poor Experience,Notion,43
306,25346,2023-02-04,Missing Features,ClickUp,41
307,30951,2024-05-23,Low Usage,Asana,109
308,3886,2022-11-25,Missing Features,Monday.com,53
309,20095,2023-09-21,Switched Competitor,Asana,28
310,41447,2022-10-07,Technical Issues,Notion,93
311,35005,2024-04-04,Switched Competitor,Monday.com,119
312,1200,2023-05-21,High Pricing,Asana,55
313,35943,2023-10-13,Missing Features,Slack,80
314,13175,2025-01-11,Technical Issues,Slack,37
315,27920,2024-05-05,Switched Competitor,Asana,35
316,20223,2022-12-07,Technical Issues,Notion,120
317,22582,2024-10-27,Technical Issues,Slack,20
318,47747,2022-11-30,High Pricing,Slack,35
319,25579,2022-09-11,Low Usage,ClickUp,89
320,12116,2022-01-28,Missing Features,Notion,52
321,47672,2023-08-17,Technical Issues,Slack,63
322,44168,2023-02-21,Missing Features,Asana,57
323,22436,2023-04-07,Technical Issues,Slack,36
324,38181,2024-02-15,High Pricing,Monday.com,21
325,48276,2023-02-14,Poor Experience,ClickUp,53
326,28206,2025-02-24,Switched Competitor,ClickUp,71
327,25534,2023-10-21,Technical Issues,Slack,15
328,49307,2023-06-09,High Pricing,Monday.com,102
329,4738,2022-04-20,Technical Issues,Monday.com,2
330,38234,2025-04-06,Technical Issues,Notion,50
331,47049,2023-07-18,Technical Issues,Slack,72
332,39753,2024-02-23,Switched Competitor,Slack,76
333,36087,2023-06-18,Technical Issues,Monday.com,28
334,8,2022-10-27,Low Usage,ClickUp,120
335,45771,2025-02-13,High Pricing,Slack,101
336,21025,2025-02-07,Switched Competitor,Slack,50
337,41625,2024-12-31,Poor Experience,Notion,107
338,32000,2024-05-12,Switched Competitor,ClickUp,68
339,26622,2024-09-14,Technical Issues,Asana,48
340,3213,2024-07-21,Technical Issues,Asana,58
341,46519,2025-04-09,High Pricing,Slack,4
342,26693,2023-04-17,Missing Features,Slack,24
343,10340,2022-08-27,High Pricing,Asana,18
344,3535,2022-01-23,Missing Features,Monday.com,95
345,24459,2023-08-25,Technical Issues,Monday.com,6
346,43520,2022-06-06,Poor Experience,ClickUp,14
347,14928,2023-08-22,Missing Features,Notion,73
348,15338,2022-07-05,Missing Features,Slack,34
349,28216,2022-01-25,Missing Features,Asana,57
350,14095,2024-08-06,Missing Features,Monday.com,39
351,11010,2024-05-25,Technical Issues,ClickUp,68
352,33231,2022-10-22,High Pricing,Notion,85
353,1299,2024-12-20,Technical Issues,Notion,55
354,27364,2024-07-22,Technical Issues,Asana,18
355,38221,2022-08-31,High Pricing,ClickUp,61
356,24950,2023-06-25,Technical Issues,Asana,67
357,4736,2024-07-15,Switched Competitor,Asana,20
358,2494,2024-01-06,High Pricing,ClickUp,87
359,19825,2022-04-16,Switched Competitor,Asana,89
360,26717,2025-02-18,Switched Competitor,Asana,99
361,17517,2023-03-30,High Pricing,ClickUp,88
362,38976,2022-11-29,Poor Experience,Slack,74
363,25158,2023-08-17,Poor Experience,Asana,94
364,21748,2023-01-23,High Pricing,Notion,80
365,25277,2022-07-25,Missing Features,Monday.com,58
366,44371,2024-05-10,Technical Issues,Monday.com,94
367,35186,2024-11-07,Low Usage,ClickUp,70
368,46869,2023-09-13,Technical Issues,Notion,3
369,18038,2023-12-09,Missing Features,Monday.com,47
370,9323,2024-05-02,Switched Competitor,Notion,102
371,5133,2022-09-04,Low Usage,Slack,32
372,41273,2022-06-20,Low Usage,ClickUp,6
373,35139,2023-03-20,Poor Experience,ClickUp,29
374,12498,2023-09-24,Switched Competitor,Slack,111
375,25253,2023-10-29,Poor Experience,Monday.com,83
376,43832,2022-06-07,High Pricing,Asana,29
377,7129,2022-11-02,Switched Competitor,Asana,2
378,6061,2024-05-20,High Pricing,ClickUp,46
379,33097,2022-05-11,High Pricing,Notion,12
380,43656,2024-10-01,Missing Features,Notion,50
381,36963,2022-04-15,Missing Features,Slack,67
382,8386,2022-11-14,Switched Competitor,Notion,9
383,48708,2022-05-07,Switched Competitor,ClickUp,107
384,44754,2022-05-19,Poor Experience,Notion,52
385,84,2024-01-13,Low Usage,ClickUp,109
386,28948,2023-01-28,High Pricing,Notion,2
387,44421,2024-03-27,Switched Competitor,ClickUp,100
388,11846,2022-05-26,High Pricing,Notion,74
389,24084,2022-05-26,Low Usage,Asana,110
390,2613,2022-11-07,Switched Competitor,Monday.com,66
391,3766,2023-03-20,High Pricing,Notion,20
392,15829,2024-08-07,Poor Experience,Slack,16
393,8598,2024-07-26,Switched Competitor,ClickUp,114
394,42318,2022-12-29,High Pricing,Notion,75
395,42326,2023-09-28,Missing Features,Asana,93
396,25573,2025-01-13,Low Usage,ClickUp,107
397,28778,2023-02-13,Poor Experience,Slack,14
398,1268,2024-03-06,Missing Features,Slack,76
399,44058,2024-08-15,Poor Experience,Slack,41
400,36640,2024-12-22,Switched Competitor,Monday.com,3
401,25770,2024-11-22,High Pricing,Notion,65
402,6278,2023-12-03,Technical Issues,Monday.com,57
403,30971,2023-09-19,Missing Features,Notion,98
404,15131,2022-11-26,High Pricing,Slack,112
405,44838,2023-12-09,Technical Issues,Slack,18
406,35124,2023-12-18,Low Usage,Asana,103
407,9048,2023-08-14,Low Usage,Notion,117
408,7226,2023-07-04,Technical Issues,Slack,64
409,7649,2023-03-11,Low Usage,Notion,106
410,41868,2024-07-10,Poor Experience,Notion,5
411,5642,2025-03-18,Switched Competitor,Asana,93
412,24306,2024-10-14,Switched Competitor,Slack,10
413,18310,2024-08-22,Technical Issues,Slack,65
414,16145,2024-06-08,High Pricing,Notion,3
415,4674,2023-12-31,Missing Features,Monday.com,97
416,14954,2023-10-14,High Pricing,ClickUp,12
417,31665,2023-09-22,Low Usage,Asana,96
418,41994,2023-11-29,Switched Competitor,Monday.com,56
419,45577,2024-07-15,Low Usage,Asana,29
420,13869,2022-08-25,High Pricing,Monday.com,29
421,29871,2022-01-18,Poor Experience,Asana,118
422,34329,2023-12-30,Switched Competitor,Slack,101
423,30195,2023-10-06,Low Usage,Notion,111
424,5195,2022-10-06,Low Usage,Notion,55
425,24163,2024-08-25,Low Usage,Slack,34
426,32945,2024-09-07,Technical Issues,ClickUp,30
427,15185,2022-06-07,Missing Features,Asana,79
428,29177,2022-03-22,Missing Features,ClickUp,31
429,39540,2022-06-29,Technical Issues,Monday.com,86
430,37195,2024-07-11,Technical Issues,Asana,116
431,15845,2024-06-24,Technical Issues,Monday.com,110
432,1064,2022-03-21,Poor Experience,ClickUp,97
433,21431,2024-09-17,Low Usage,Slack,101
434,2676,2025-04-07,Missing Features,Slack,34
435,43730,2024-02-12,Poor Experience,Asana,54
436,19859,2024-01-07,Poor Experience,ClickUp,87
437,19936,2023-03-21,Technical Issues,Asana,103
438,2780,2022-08-02,Switched Competitor,Notion,114
439,27594,2024-06-14,Technical Issues,Monday.com,41
440,37794,2025-04-07,Technical Issues,Asana,43
441,13898,2024-12-02,High Pricing,Slack,24
442,36707,2023-03-06,Switched Competitor,Notion,68
443,19357,2024-12-21,Poor Experience,Notion,33
444,26364,2022-07-20,Technical Issues,Slack,30
445,15481,2022-03-14,Poor Experience,Notion,54
446,3858,2022-02-06,Missing Features,Monday.com,11
447,5742,2023-11-22,Low Usage,ClickUp,63
448,49760,2022-01-18,Switched Competitor,Asana,65
449,44270,2022-07-12,Low Usage,Notion,106
450,26888,2024-12-29,Poor Experience,Asana,47
451,18178,2024-11-09,Switched Competitor,ClickUp,95
452,36348,2024-11-07,Poor Experience,Slack,31
453,17568,2023-05-14,Low Usage,ClickUp,1
454,11793,2023-12-22,Poor Experience,Asana,47
455,29750,2023-02-07,Technical Issues,Monday.com,57
456,41125,2023-02-02,Missing Features,Monday.com,103
457,19902,2023-09-06,Low Usage,ClickUp,39
458,24949,2023-09-28,High Pricing,ClickUp,31
459,5375,2023-09-25,Poor Experience,Asana,19
460,4786,2022-08-21,Switched Competitor,Monday.com,38
461,12274,2024-05-18,Poor Experience,Asana,49
462,49506,2022-12-10,Switched Competitor,Slack,101
463,46378,2022-08-14,High Pricing,Asana,27
464,13535,2022-05-01,Low Usage,Monday.com,86
465,14335,2022-09-16,Missing Features,Monday.com,31
466,30878,2022-07-14,Low Usage,Slack,37
467,17754,2024-08-10,Missing Features,Notion,64
468,34914,2025-03-22,Switched Competitor,Monday.com,47
469,4692,2024-09-16,Low Usage,Monday.com,78
470,39768,2024-11-28,Low Usage,Asana,14
471,24278,2024-12-26,Poor Experience,Slack,10
472,6895,2024-01-07,High Pricing,Notion,67
473,43424,2022-04-26,Technical Issues,ClickUp,56
474,6436,2024-01-10,Technical Issues,Monday.com,22
475,33356,2025-04-11,Low Usage,Notion,55
476,42325,2023-09-29,Missing Features,Slack,81
477,4497,2025-04-05,Technical Issues,Monday.com,103
478,16591,2022-09-09,Technical Issues,Asana,61
479,46285,2024-12-12,Technical Issues,Monday.com,12
480,10634,2022-09-26,Low Usage,Monday.com,59
481,2433,2023-01-10,Switched Competitor,Notion,98
482,41388,2023-03-18,Low Usage,Asana,34
483,39386,2022-11-17,Missing Features,Notion,4
484,29516,2024-08-17,Missing Features,Asana,79
485,10496,2022-10-15,High Pricing,Notion,23
486,14924,2022-09-07,Poor Experience,Asana,118
487,46538,2023-02-14,Switched Competitor,Monday.com,67
488,46712,2023-03-17,Poor Experience,Slack,16
489,47267,2022-03-10,Missing Features,Asana,91
490,39616,2022-04-25,Technical Issues,Asana,45
491,42556,2025-02-07,High Pricing,Slack,101
492,17782,2023-06-07,Switched Competitor,ClickUp,21
493,2677,2023-01-07,High Pricing,Notion,100
494,21171,2023-07-14,Switched Competitor,Monday.com,116
495,48133,2022-01-28,Technical Issues,ClickUp,75
496,32685,2024-04-17,Technical Issues,Slack,28
497,8007,2022-06-26,Technical Issues,Slack,87
498,3774,2022-04-06,High Pricing,ClickUp,114
499,32156,2025-01-18,Missing Features,Monday.com,45
500,42432,2023-05-09,High Pricing,Asana,88
501,16998,2024-12-08,Technical Issues,Asana,40
502,15759,2022-01-05,Low Usage,Asana,67
503,46228,2023-05-18,Low Usage,Slack,38
504,45853,2024-10-12,Switched Competitor,Asana,41
505,35163,2024-07-09,High Pricing,Notion,37
506,49082,2023-09-22,Low Usage,Notion,114
507,19833,2024-04-04,High Pricing,Slack,46
508,18831,2025-03-23,Switched Competitor,Asana,64
509,49576,2024-06-09,Low Usage,Asana,42
510,12099,2022-06-26,Missing Features,ClickUp,17
511,40693,2022-08-07,Missing Features,Slack,2
512,26654,2023-10-16,Missing Features,Notion,71
513,25476,2022-07-12,Missing Features,Asana,110
514,33603,2024-02-02,Low Usage,Asana,79
515,19009,2025-02-20,Missing Features,Notion,104
516,44402,2023-10-25,Switched Competitor,ClickUp,29
517,17311,2024-06-19,Switched Competitor,Asana,27
518,3101,2023-09-14,Missing Features,Notion,34
519,38899,2024-10-07,Poor Experience,Notion,50
520,47475,2023-08-02,High Pricing,Slack,68
521,28646,2023-12-19,Technical Issues,ClickUp,92
522,20987,2025-01-17,High Pricing,Asana,23
523,10422,2022-04-11,Missing Features,Monday.com,1
524,47084,2022-06-02,Missing Features,ClickUp,49
525,10516,2023-10-13,High Pricing,Notion,31
526,49120,2022-07-10,Technical Issues,Slack,34
527,41395,2024-05-19,Poor Experience,ClickUp,100
528,47197,2024-12-29,Poor Experience,ClickUp,58
529,39648,2022-08-02,Missing Features,Asana,2
530,39795,2022-05-13,Low Usage,Asana,47
531,46947,2024-06-20,Switched Competitor,Slack,39
532,5657,2024-03-13,Technical Issues,Asana,1
533,15437,2024-10-20,Missing Features,Notion,74
534,10347,2024-04-23,Low Usage,Asana,119
535,15635,2024-01-28,Technical Issues,ClickUp,19
536,40259,2022-11-15,Low Usage,Slack,85
537,34299,2022-01-03,High Pricing,ClickUp,47
538,994,2023-10-23,Switched Competitor,ClickUp,19
539,25021,2025-02-14,Technical Issues,Asana,31
540,35980,2023-03-02,Poor Experience,Monday.com,103
541,617,2024-06-10,Switched Competitor,Slack,90
542,23648,2024-07-01,Technical Issues,Slack,118
543,11210,2022-04-06,Switched Competitor,ClickUp,31
544,26640,2022-01-30,Poor Experience,Monday.com,63
545,43886,2022-01-12,Missing Features,Monday.com,38
546,33945,2022-02-17,Poor Experience,Asana,106
547,42746,2024-10-01,Poor Experience,Slack,60
548,28800,2024-09-21,Missing Features,Slack,27
549,16777,2022-08-12,Technical Issues,Asana,22
550,22428,2022-05-14,Technical Issues,ClickUp,85
551,11937,2023-05-27,Low Usage,ClickUp,33
552,9669,2024-09-22,Switched Competitor,Asana,39
553,29386,2024-04-27,Poor Experience,ClickUp,110
554,6176,2024-05-26,High Pricing,Monday.com,13
555,39386,2023-12-13,Switched Competitor,ClickUp,57
556,17882,2022-02-21,Technical Issues,ClickUp,47
557,10315,2023-07-30,Technical Issues,Monday.com,47
558,1081,2023-11-22,High Pricing,ClickUp,12
559,42131,2024-09-03,High Pricing,Notion,105
560,36580,2023-11-04,Switched Competitor,ClickUp,78
561,18481,2023-05-09,Technical Issues,Asana,70
562,30908,2024-04-12,Poor Experience,Asana,86
563,27615,2023-03-20,Missing Features,ClickUp,2
564,42147,2022-12-18,Low Usage,Slack,95
565,18692,2022-07-17,Switched Competitor,ClickUp,72
566,1675,2022-12-20,Poor Experience,Monday.com,86
567,46562,2023-03-26,Switched Competitor,Slack,24
568,42610,2023-12-18,Low Usage,Asana,113
569,45741,2022-09-07,High Pricing,Monday.com,15
570,36328,2023-01-13,Switched Competitor,Monday.com,46
571,28676,2023-06-02,Missing Features,Asana,71
572,21722,2022-04-14,High Pricing,Monday.com,114
573,43264,2022-08-14,Technical Issues,Slack,38
574,18042,2025-02-04,Missing Features,Notion,105
575,22388,2022-08-23,Technical Issues,Monday.com,59
576,42181,2022-04-07,Missing Features,Notion,11
577,677,2023-09-27,Low Usage,Slack,92
578,7153,2023-12-04,Switched Competitor,ClickUp,78
579,28020,2022-08-08,Technical Issues,Notion,1
580,14090,2023-07-20,Technical Issues,Slack,82
581,26611,2024-12-13,Low Usage,Slack,62
582,16829,2023-11-13,Technical Issues,Slack,103
583,32378,2024-10-18,Low Usage,Monday.com,111
584,8952,2022-11-11,Technical Issues,Slack,69
585,36537,2023-12-03,Poor Experience,Monday.com,21
586,11706,2024-02-27,Poor Experience,Asana,51
587,48324,2022-08-06,Missing Features,Slack,64
588,6061,2022-10-17,Low Usage,ClickUp,85
589,27099,2024-06-02,Missing Features,Notion,19
590,37204,2022-09-08,High Pricing,Asana,32
591,49013,2023-02-10,Low Usage,ClickUp,73
592,3411,2024-06-01,Low Usage,ClickUp,41
593,13516,2024-02-04,Technical Issues,ClickUp,19
594,19528,2024-12-13,Poor Experience,Slack,57
595,6251,2023-05-01,High Pricing,ClickUp,83
596,1858,2023-12-30,Switched Competitor,ClickUp,12
597,23769,2023-06-17,Low Usage,Notion,63
598,28336,2023-12-15,Low Usage,Notion,74
599,11868,2023-08-23,Switched Competitor,ClickUp,36
600,17943,2023-02-28,Low Usage,Slack,40
601,16220,2024-04-18,Switched Competitor,Notion,99
602,34106,2023-09-01,Switched Competitor,Slack,41
603,29402,2022-02-12,Missing Features,Monday.com,2
604,29862,2023-12-11,High Pricing,Notion,7
605,10241,2023-05-02,Low Usage,Asana,64
606,18642,2024-09-18,High Pricing,Notion,13
607,16052,2024-10-12,Technical Issues,ClickUp,24
608,10162,2022-05-04,Technical Issues,Asana,57
609,44821,2023-01-19,High Pricing,Asana,70
610,16999,2022-08-14,Missing Features,Notion,62
611,37427,2023-08-14,Technical Issues,Monday.com,119
612,47075,2023-11-01,High Pricing,Monday.com,91
613,25064,2023-01-06,Switched Competitor,Asana,25
614,48556,2023-12-29,Poor Experience,Asana,89
615,36956,2024-11-07,Poor Experience,Slack,51
616,44376,2024-01-18,Technical Issues,Monday.com,37
617,7404,2023-05-24,Technical Issues,Slack,45
618,48111,2023-02-12,High Pricing,Notion,85
619,36814,2024-12-16,High Pricing,ClickUp,100
620,4307,2024-08-03,Technical Issues,Slack,73
621,15937,2022-04-02,Poor Experience,Slack,13
622,4905,2024-08-21,Poor Experience,Asana,47
623,42732,2023-02-03,Missing Features,Asana,90
624,15178,2025-03-10,Poor Experience,ClickUp,35
625,49478,2023-12-28,Missing Features,Monday.com,64
626,42904,2023-02-01,Missing Features,ClickUp,56
627,15033,2023-04-27,Missing Features,ClickUp,31
628,33484,2023-12-07,Switched Competitor,Asana,63
629,22279,2022-12-27,Poor Experience,ClickUp,110
630,33213,2023-05-23,High Pricing,Slack,76
631,15004,2024-02-03,Technical Issues,ClickUp,80
632,21800,2024-02-26,Missing Features,Monday.com,77
633,49255,2022-02-11,Technical Issues,Asana,63
634,5774,2022-11-11,High Pricing,ClickUp,74
635,31575,2022-12-22,Low Usage,Slack,31
636,1969,2023-12-16,High Pricing,Notion,38
637,42304,2022-03-02,Technical Issues,ClickUp,42
638,6823,2024-07-22,Missing Features,ClickUp,12
639,34500,2022-06-04,Poor Experience,Monday.com,85
640,44647,2022-02-18,Switched Competitor,Notion,84
641,42394,2023-07-04,Missing Features,ClickUp,48
642,15149,2024-02-12,Switched Competitor,Slack,29
643,3639,2024-10-11,Technical Issues,ClickUp,93
644,23276,2022-11-21,Low Usage,Asana,15
645,4951,2023-01-20,Poor Experience,Slack,30
646,19464,2023-09-01,Low Usage,Slack,40
647,4142,2025-03-09,High Pricing,Monday.com,66
648,35187,2024-08-16,Low Usage,Monday.com,101
649,7789,2024-03-25,Low Usage,Monday.com,42
650,13764,2023-02-13,Missing Features,Asana,87
651,49793,2024-10-11,Technical Issues,ClickUp,19
652,26148,2022-07-28,Switched Competitor,Asana,113
653,23285,2022-05-13,Missing Features,Asana,88
654,34201,2024-05-09,High Pricing,Slack,75
655,18840,2023-11-22,Missing Features,Monday.com,73
656,39370,2024-12-28,High Pricing,Monday.com,69
657,17275,2023-09-23,Technical Issues,Slack,7
658,9576,2024-11-14,Poor Experience,Asana,28
659,41511,2023-06-02,Technical Issues,Slack,81
660,35367,2022-04-01,Poor Experience,Asana,66
661,39704,2022-11-24,Low Usage,Slack,116
662,28767,2023-03-10,Technical Issues,ClickUp,36
663,49348,2025-02-15,Low Usage,ClickUp,73
664,26535,2022-05-12,Poor Experience,Asana,22
665,22887,2022-04-25,High Pricing,Asana,104
666,28640,2024-06-27,Technical Issues,Slack,7
667,505,2023-10-12,Low Usage,Slack,89
668,24618,2023-06-05,Switched Competitor,Monday.com,71
669,41144,2022-05-22,Low Usage,ClickUp,16
670,14057,2024-08-24,Technical Issues,Asana,108
671,15080,2022-04-15,Low Usage,Monday.com,8
672,19024,2022-11-05,High Pricing,Asana,4
673,1931,2024-06-26,Technical Issues,ClickUp,22
674,40736,2023-05-01,Technical Issues,Slack,96
675,5753,2022-10-30,Missing Features,ClickUp,108
676,6517,2023-06-30,Low Usage,Monday.com,1
677,7733,2023-01-20,Technical Issues,Monday.com,11
678,23177,2024-04-22,Missing Features,Monday.com,26
679,7953,2023-01-29,Poor Experience,Asana,100
680,42432,2024-01-21,Switched Competitor,Asana,76
681,7051,2023-05-20,Missing Features,Notion,108
682,47120,2022-09-27,Poor Experience,Monday.com,97
683,47699,2024-10-24,Poor Experience,Notion,98
684,2965,2022-09-22,High Pricing,Asana,29
685,9652,2024-01-07,Low Usage,Monday.com,59
686,30713,2024-11-17,High Pricing,Monday.com,45
687,23823,2022-04-04,Low Usage,Slack,95
688,11120,2022-07-24,Technical Issues,Slack,53
689,48564,2022-01-18,High Pricing,Monday.com,109
690,24722,2024-09-12,Missing Features,Monday.com,115
691,44641,2024-06-26,Poor Experience,Notion,32
692,31817,2022-03-28,Missing Features,Notion,40
693,42531,2024-01-16,Missing Features,Slack,108
694,42442,2025-04-05,Low Usage,ClickUp,26
695,43299,2022-05-16,Poor Experience,Monday.com,112
696,11898,2022-11-30,High Pricing,Asana,62
697,42880,2022-07-17,Low Usage,ClickUp,25
698,1665,2022-04-14,Technical Issues,Monday.com,89
699,49338,2024-10-04,Technical Issues,Monday.com,26
700,44098,2022-12-28,Low Usage,Monday.com,59
701,4486,2023-10-17,Low Usage,Monday.com,101
702,32452,2022-08-09,High Pricing,Slack,114
703,9236,2024-09-22,Technical Issues,ClickUp,75
704,35876,2022-07-25,Low Usage,Notion,104
705,48470,2022-03-16,Missing Features,Notion,16
706,33704,2022-01-13,High Pricing,Notion,13
707,40375,2022-09-13,Switched Competitor,Slack,16
708,25999,2022-11-05,High Pricing,ClickUp,20
709,39998,2023-08-11,Poor Experience,Monday.com,21
710,30610,2025-04-12,High Pricing,Slack,84
711,18029,2022-02-04,Low Usage,Notion,35
712,27932,2023-05-13,Switched Competitor,ClickUp,87
713,29772,2023-05-09,Missing Features,Monday.com,44
714,18256,2025-02-27,Poor Experience,Monday.com,16
715,8996,2022-06-26,Switched Competitor,Asana,25
716,20243,2022-02-19,Low Usage,Slack,92
717,12322,2023-03-23,Poor Experience,Monday.com,119
718,39653,2023-09-01,Low Usage,Asana,113
719,36433,2022-05-18,Low Usage,Notion,72
720,41332,2023-05-29,Missing Features,ClickUp,99
721,34990,2022-05-03,Poor Experience,Monday.com,93
722,191,2024-01-17,Switched Competitor,Monday.com,54
723,16917,2023-07-06,Switched Competitor,Slack,119
724,27730,2024-08-14,High Pricing,ClickUp,85
725,1915,2024-10-29,Switched Competitor,Monday.com,109
726,17757,2022-12-26,Missing Features,Monday.com,70
727,25394,2024-05-06,Technical Issues,Monday.com,33
728,8133,2022-09-03,Switched Competitor,Slack,54
729,10382,2023-09-24,High Pricing,Monday.com,74
730,4963,2024-11-12,Missing Features,Asana,10
731,15390,2024-06-15,Technical Issues,Slack,38
732,49828,2023-01-05,Switched Competitor,Asana,61
733,45656,2024-08-20,Switched Competitor,Slack,85
734,9415,2025-02-02,Low Usage,Notion,50
735,43494,2022-10-27,Poor Experience,Monday.com,47
736,37107,2023-02-14,Technical Issues,ClickUp,40
737,3845,2024-06-03,Low Usage,Slack,18
738,40549,2024-01-09,Switched Competitor,Asana,97
739,28150,2022-01-26,Switched Competitor,Monday.com,81
740,33473,2024-09-30,Switched Competitor,Slack,13
741,22840,2024-12-11,Poor Experience,Monday.com,8
742,19551,2023-10-26,Missing Features,ClickUp,106
743,12506,2022-10-12,Low Usage,Monday.com,50
744,10410,2023-07-02,Missing Features,Notion,51
745,12542,2023-11-02,Technical Issues,Slack,11
746,3360,2022-03-03,Technical Issues,Asana,28
747,33652,2023-08-10,Missing Features,Slack,89
748,1104,2022-06-07,Technical Issues,Monday.com,95
749,19785,2024-12-24,Switched Competitor,Slack,17
750,17576,2024-08-30,High Pricing,Asana,62
751,36091,2022-09-13,Missing Features,Asana,43
752,29571,2024-02-22,Switched Competitor,Slack,120
753,26138,2023-03-02,Technical Issues,Notion,40
754,28647,2024-04-22,Switched Competitor,Slack,72
755,20422,2023-07-06,Poor Experience,Monday.com,98
756,18896,2024-09-04,Low Usage,Notion,96
757,1366,2022-07-13,Poor Experience,Monday.com,104
758,24853,2023-09-07,Low Usage,Slack,21
759,16990,2024-12-14,High Pricing,Notion,62
760,13121,2023-02-09,Missing Features,Asana,44
761,44049,2022-07-07,Switched Competitor,Asana,60
762,39897,2023-09-02,Poor Experience,Monday.com,19
763,11668,2023-10-29,High Pricing,ClickUp,41
764,32209,2023-05-29,High Pricing,ClickUp,94
765,15731,2023-10-29,Missing Features,Slack,120
766,12001,2022-12-01,Poor Experience,Asana,97
767,18464,2022-05-08,Poor Experience,Slack,94
768,15715,2022-03-01,Poor Experience,Monday.com,42
769,25142,2024-10-31,Technical Issues,Asana,13
770,464,2022-08-03,Poor Experience,Slack,35
771,12388,2024-04-20,Missing Features,Slack,4
772,36590,2023-06-19,Missing Features,Notion,79
773,3430,2024-03-31,Poor Experience,Notion,30
774,37168,2022-03-10,Missing Features,Asana,24
775,9887,2022-03-03,Low Usage,ClickUp,46
776,16443,2023-12-20,Poor Experience,Asana,43
777,7605,2023-10-01,Missing Features,Slack,17
778,24979,2023-12-28,Missing Features,Monday.com,31
779,37459,2022-10-20,Low Usage,Notion,93
780,44905,2024-09-17,Poor Experience,Slack,44
781,25337,2024-03-22,Low Usage,Slack,105
782,21316,2023-02-15,Technical Issues,Notion,49
783,29411,2023-07-28,High Pricing,Monday.com,111
784,42258,2022-05-01,Switched Competitor,Notion,29
785,9092,2023-10-02,Technical Issues,Monday.com,54
786,44004,2023-01-09,Low Usage,ClickUp,76
787,31216,2024-08-22,Switched Competitor,Notion,29
788,25874,2022-01-22,Switched Competitor,Asana,103
789,20223,2023-01-28,Switched Competitor,ClickUp,18
790,2998,2023-06-26,Switched Competitor,Asana,16
791,3631,2023-07-15,Technical Issues,Slack,83
792,40330,2024-08-27,Missing Features,Monday.com,22
793,20217,2024-04-03,Technical Issues,Slack,35
794,2018,2023-07-20,Missing Features,Notion,114
795,21057,2024-01-02,Low Usage,Notion,42
796,1919,2024-11-06,Poor Experience,Notion,43
797,29077,2022-05-27,Switched Competitor,ClickUp,68
798,5243,2023-03-26,Switched Competitor,Monday.com,119
799,2876,2022-02-10,Low Usage,ClickUp,15
800,16284,2024-04-12,Missing Features,ClickUp,81
801,22389,2023-08-25,Switched Competitor,Monday.com,2
802,27572,2024-12-24,Missing Features,Slack,23
803,33574,2022-03-28,Poor Experience,Slack,53
804,36122,2023-01-21,Missing Features,Monday.com,5
805,28901,2022-03-14,Switched Competitor,Slack,102
806,31164,2025-02-14,Technical Issues,Notion,102
807,48283,2022-01-30,Missing Features,Asana,79
808,37964,2023-02-12,Technical Issues,ClickUp,74
809,21399,2024-08-15,Poor Experience,ClickUp,104
810,25801,2023-04-06,Poor Experience,Monday.com,66
811,31818,2025-03-20,Low Usage,Notion,86
812,27277,2025-03-21,Poor Experience,ClickUp,13
813,44441,2024-07-02,Poor Experience,Slack,53
814,22500,2024-03-12,Technical Issues,Notion,9
815,24324,2024-07-08,Switched Competitor,Notion,68
816,42036,2023-07-17,Switched Competitor,Slack,99
817,14416,2024-12-16,High Pricing,Monday.com,48
818,6561,2025-01-28,Switched Competitor,Notion,20
819,13174,2024-12-09,Poor Experience,ClickUp,95
820,45906,2023-12-14,Low Usage,Monday.com,76
821,14145,2023-10-24,Switched Competitor,Slack,73
822,36019,2024-01-15,Technical Issues,Slack,95
823,41196,2023-07-23,Technical Issues,ClickUp,22
824,33767,2024-06-09,Missing Features,Asana,88
825,41234,2023-05-29,Low Usage,Notion,39
826,34528,2024-06-23,Low Usage,Monday.com,60
827,1180,2022-09-14,Low Usage,Notion,108
828,40839,2024-02-02,Poor Experience,ClickUp,89
829,31277,2024-12-24,Poor Experience,Asana,75
830,25935,2022-03-03,Switched Competitor,Notion,52
831,21869,2022-12-05,Missing Features,Slack,22
832,48628,2022-10-09,Low Usage,Slack,81
833,19484,2025-03-30,Switched Competitor,ClickUp,7
834,18131,2022-08-31,Missing Features,Asana,6
835,34980,2023-10-11,Poor Experience,Asana,81
836,21423,2025-01-02,High Pricing,Asana,6
837,7860,2022-04-05,Technical Issues,Slack,12
838,26487,2022-01-28,Technical Issues,Monday.com,29
839,12548,2023-02-01,Technical Issues,Notion,8
840,17119,2024-01-14,Missing Features,Asana,31
841,19361,2023-10-20,Switched Competitor,Monday.com,22
842,42552,2024-06-08,Low Usage,ClickUp,1
843,8681,2024-12-18,Switched Competitor,Monday.com,111
844,19565,2022-03-28,Switched Competitor,ClickUp,81
845,46605,2022-07-29,Poor Experience,ClickUp,98
846,46000,2023-05-27,Switched Competitor,ClickUp,99
847,1198,2022-10-13,Poor Experience,Notion,71
848,22598,2022-09-09,Poor Experience,Asana,53
849,15680,2022-03-16,Poor Experience,Notion,7
850,26990,2022-10-30,Poor Experience,Asana,48
851,12175,2024-07-16,Switched Competitor,Asana,23
852,38238,2025-02-20,Technical Issues,ClickUp,34
853,22234,2024-10-11,Low Usage,ClickUp,113
854,32815,2022-01-25,Switched Competitor,Monday.com,101
855,35090,2024-02-17,Switched Competitor,Slack,96
856,3643,2024-08-02,High Pricing,ClickUp,116
857,40607,2023-06-08,Technical Issues,Notion,85
858,20946,2024-01-05,Technical Issues,Asana,70
859,21201,2023-09-05,Poor Experience,Notion,36
860,23867,2022-08-21,Technical Issues,Notion,63
861,11515,2023-06-07,Poor Experience,Asana,47
862,38627,2024-11-21,Technical Issues,Monday.com,98
863,27244,2023-12-09,Missing Features,ClickUp,37
864,42793,2025-01-31,Switched Competitor,Slack,120
865,8595,2023-09-22,Low Usage,Slack,119
866,20444,2023-12-19,Technical Issues,ClickUp,12
867,4112,2023-11-22,Poor Experience,ClickUp,91
868,12869,2024-01-16,Poor Experience,Notion,116
869,39248,2024-01-13,High Pricing,Asana,6
870,20511,2023-12-20,Switched Competitor,Slack,117
871,30855,2023-05-12,Technical Issues,ClickUp,61
872,26783,2022-10-10,Poor Experience,Monday.com,63
873,8626,2022-03-08,Low Usage,Asana,29
874,4054,2023-01-21,Technical Issues,Monday.com,52
875,18220,2025-03-29,Low Usage,Asana,40
876,34039,2022-12-25,Poor Experience,ClickUp,60
877,26475,2024-12-30,Missing Features,Asana,33
878,6671,2023-03-21,Technical Issues,Slack,64
879,1278,2023-12-09,Missing Features,Notion,82
880,12273,2022-12-14,Poor Experience,ClickUp,24
881,8948,2022-06-20,Missing Features,Asana,72
882,34657,2022-01-09,Poor Experience,Notion,40
883,14610,2023-05-06,High Pricing,Slack,62
884,24668,2023-03-17,Technical Issues,Asana,55
885,20360,2024-07-08,Switched Competitor,Asana,101
886,32813,2024-06-29,Low Usage,Monday.com,51
887,39841,2025-03-17,Low Usage,Asana,75
888,49201,2024-08-13,Switched Competitor,Slack,85
889,48687,2022-03-26,Poor Experience,Notion,114
890,11842,2025-04-12,Switched Competitor,Notion,4
891,29200,2025-02-02,Low Usage,Asana,9
892,28564,2024-12-12,Poor Experience,Asana,115
893,10087,2022-01-03,Switched Competitor,Notion,20
894,43920,2023-05-24,Missing Features,ClickUp,73
895,46397,2023-06-27,High Pricing,Asana,25
896,28863,2023-08-15,Switched Competitor,Slack,50
897,16416,2024-02-02,Technical Issues,Asana,19
898,25986,2024-08-12,High Pricing,Slack,1
899,13263,2023-06-27,Missing Features,ClickUp,105
900,7781,2024-11-23,Technical Issues,Slack,8
901,20649,2024-02-25,Switched Competitor,Monday.com,83
902,21358,2024-09-10,Poor Experience,ClickUp,27
903,1278,2025-03-28,Switched Competitor,Asana,92
904,28647,2023-06-05,Low Usage,Asana,4
905,45271,2022-04-13,Poor Experience,Asana,96
906,2525,2022-02-07,High Pricing,Notion,24
907,6505,2024-01-26,Switched Competitor,ClickUp,38
908,22325,2022-10-08,High Pricing,ClickUp,45
909,41465,2022-01-31,High Pricing,Slack,116
910,22799,2023-08-10,Low Usage,Slack,100
911,27127,2022-07-18,High Pricing,Slack,2
912,21392,2023-07-24,Poor Experience,ClickUp,32
913,29313,2024-12-09,Low Usage,Slack,56
914,5556,2023-09-09,Missing Features,Notion,10
915,1324,2022-12-07,High Pricing,ClickUp,97
916,7047,2022-01-14,Switched Competitor,Monday.com,2
917,34115,2022-09-24,Low Usage,Notion,113
918,9490,2024-06-05,Switched Competitor,Monday.com,57
919,9754,2022-06-06,Missing Features,Slack,14
920,10395,2023-02-27,Technical Issues,Notion,97
921,30318,2025-01-22,Low Usage,Slack,98
922,26011,2022-08-30,High Pricing,Slack,81
923,38366,2023-04-03,Switched Competitor,Notion,17
924,20562,2024-04-12,Technical Issues,Asana,29
925,11666,2025-01-28,Switched Competitor,Notion,99
926,23194,2024-05-13,Technical Issues,Notion,15
927,32582,2024-04-19,Technical Issues,Monday.com,33
928,9286,2022-12-27,High Pricing,Notion,6
929,43170,2025-03-05,Poor Experience,Notion,101
930,40970,2023-02-02,Switched Competitor,ClickUp,82
931,19698,2023-03-07,High Pricing,Slack,56
932,18706,2023-08-12,Poor Experience,Asana,95
933,18795,2023-10-13,Missing Features,Monday.com,52
934,16168,2022-05-11,Switched Competitor,Asana,4
935,15487,2022-05-12,Low Usage,Slack,108
936,31228,2022-12-08,Switched Competitor,Notion,96
937,43850,2024-12-12,Switched Competitor,Asana,48
938,45994,2023-05-26,Missing Features,Slack,35
939,3315,2023-03-30,Switched Competitor,Asana,114
940,31390,2022-02-26,High Pricing,Monday.com,109
941,21539,2024-07-07,High Pricing,Asana,18
942,38412,2024-11-19,Technical Issues,Asana,18
943,15963,2022-12-08,Poor Experience,ClickUp,106
944,16164,2024-09-08,Low Usage,Slack,89
945,17988,2023-07-11,High Pricing,Slack,95
946,5686,2024-08-28,Missing Features,ClickUp,9
947,15374,2024-04-17,High Pricing,Notion,73
948,17006,2023-04-15,Switched Competitor,ClickUp,83
949,10745,2024-04-21,Missing Features,Notion,43
950,11382,2023-11-30,Low Usage,Monday.com,94
951,4977,2024-09-27,Switched Competitor,Monday.com,11
952,4432,2022-11-24,Technical Issues,Monday.com,68
953,23215,2023-11-06,Missing Features,Notion,10
954,5908,2023-08-14,Poor Experience,Asana,2
955,26510,2025-02-02,Poor Experience,Slack,47
956,22059,2022-04-02,Missing Features,Asana,96
957,26799,2022-02-25,Poor Experience,Notion,48
958,40899,2022-11-29,Missing Features,Notion,19
959,34778,2024-09-18,Missing Features,Asana,105
960,24333,2023-06-15,Missing Features,Notion,59
961,7774,2023-10-22,Technical Issues,Slack,63
962,37591,2023-06-16,Technical Issues,Notion,65
963,40926,2024-02-28,Technical Issues,Slack,36
964,8491,2022-09-25,Low Usage,ClickUp,68
965,27992,2024-05-24,Low Usage,ClickUp,39
966,7878,2022-09-20,Poor Experience,Monday.com,67
967,41609,2025-02-05,Switched Competitor,Asana,91
968,9563,2023-06-21,Missing Features,Asana,87
969,23645,2024-10-27,Missing Features,ClickUp,38
970,16897,2023-04-17,Low Usage,Notion,93
971,37567,2024-12-08,Switched Competitor,Monday.com,16
972,49372,2022-09-25,Technical Issues,Monday.com,53
973,14919,2023-11-24,Low Usage,ClickUp,95
974,24940,2023-09-25,Poor Experience,Monday.com,59
975,29659,2023-10-01,High Pricing,Notion,59
976,41150,2024-10-20,Technical Issues,Notion,16
977,39995,2023-07-14,Low Usage,Notion,59
978,33357,2023-01-04,Switched Competitor,Asana,118
979,28991,2022-01-15,Switched Competitor,Notion,28
980,44087,2022-05-06,Switched Competitor,Slack,93
981,8526,2023-05-09,Switched Competitor,Monday.com,35
982,44015,2024-10-04,Technical Issues,Slack,81
983,9198,2023-11-17,Low Usage,Asana,54
984,10612,2024-02-15,Low Usage,Notion,49
985,40960,2023-06-01,Poor Experience,ClickUp,17
986,26311,2023-07-02,Poor Experience,ClickUp,66
987,41615,2024-10-02,Poor Experience,Monday.com,47
988,2381,2023-02-19,Missing Features,Monday.com,2
989,35209,2023-11-10,Poor Experience,Slack,62
990,21752,2022-05-12,Poor Experience,Asana,53
991,40341,2022-06-30,Low Usage,Asana,6
992,34534,2022-07-04,High Pricing,Notion,87
993,7076,2022-10-07,Switched Competitor,Slack,114
994,44711,2024-09-17,Technical Issues,Monday.com,22
995,39539,2022-10-01,Poor Experience,Monday.com,42
996,6659,2022-08-01,Switched Competitor,Notion,78
997,12112,2022-05-29,High Pricing,Asana,52
998,18349,2022-10-27,Technical Issues,Slack,101
999,46940,2025-02-26,Switched Competitor,Monday.com,87
1000,25848,2022-03-23,Poor Experience,Asana,53
1001,30692,2025-01-24,Switched Competitor,Asana,49
1002,31937,2023-03-15,High Pricing,Monday.com,58
1003,26948,2024-03-12,Missing Features,Monday.com,76
1004,44646,2024-01-05,Low Usage,Monday.com,14
1005,10901,2024-11-11,Switched Competitor,Asana,6
1006,12735,2025-01-03,Switched Competitor,Notion,114
1007,21494,2025-01-25,Missing Features,Notion,60
1008,10182,2022-10-13,High Pricing,Monday.com,105
1009,34830,2024-01-07,Poor Experience,ClickUp,38
1010,20626,2022-09-24,Missing Features,Monday.com,73
1011,34506,2023-01-01,Technical Issues,Notion,101
1012,43595,2024-01-28,Poor Experience,Notion,22
1013,10983,2022-10-24,Switched Competitor,Notion,47
1014,44334,2022-09-09,Technical Issues,Asana,38
1015,38577,2023-08-15,Switched Competitor,Monday.com,60
1016,40585,2023-02-09,High Pricing,Asana,1
1017,17027,2023-06-26,Missing Features,Slack,55
1018,5953,2024-04-12,Low Usage,Notion,42
1019,35067,2023-08-08,High Pricing,Asana,79
1020,37372,2023-04-02,Missing Features,Monday.com,86
1021,44211,2022-11-19,Switched Competitor,Monday.com,14
1022,9855,2022-12-15,Poor Experience,ClickUp,118
1023,24708,2023-09-15,Switched Competitor,Notion,12
1024,10389,2023-01-08,Switched Competitor,Asana,40
1025,28921,2025-02-16,High Pricing,Slack,89
1026,27268,2022-02-01,Switched Competitor,Slack,64
1027,588,2023-02-22,Missing Features,Monday.com,42
1028,47188,2022-02-26,Switched Competitor,Monday.com,34
1029,46573,2024-11-30,Switched Competitor,Slack,66
1030,46372,2023-10-08,Low Usage,ClickUp,67
1031,17532,2022-04-01,Technical Issues,ClickUp,37
1032,18140,2023-09-27,Missing Features,Notion,110
1033,21933,2024-10-30,Low Usage,ClickUp,44
1034,23334,2024-05-11,High Pricing,Monday.com,23
1035,20150,2023-04-01,Technical Issues,ClickUp,113
1036,32450,2024-03-29,High Pricing,Asana,16
1037,35302,2025-01-22,Technical Issues,Monday.com,76
1038,38803,2023-09-04,Poor Experience,Slack,78
1039,1308,2022-11-14,High Pricing,Monday.com,98
1040,37046,2024-10-26,High Pricing,Notion,8
1041,43419,2024-03-24,Missing Features,ClickUp,116
1042,14538,2023-10-08,Technical Issues,Asana,83
1043,9724,2024-07-07,High Pricing,ClickUp,103
1044,16993,2022-11-06,Technical Issues,Asana,78
1045,48864,2024-11-14,High Pricing,ClickUp,47
1046,12440,2022-01-10,Technical Issues,Slack,90
1047,35736,2022-08-18,Poor Experience,Asana,115
1048,15408,2022-02-24,Technical Issues,Monday.com,45
1049,28122,2024-09-18,Poor Experience,ClickUp,112
1050,13125,2022-09-02,Switched Competitor,ClickUp,13
1051,259,2022-09-29,Technical Issues,ClickUp,65
1052,49207,2023-05-13,Technical Issues,Notion,59
1053,8818,2023-02-03,Switched Competitor,Slack,3
1054,11017,2023-05-17,High Pricing,Slack,65
1055,12165,2024-06-25,Switched Competitor,Monday.com,78
1056,19532,2024-06-23,Technical Issues,Monday.com,48
1057,20047,2022-09-13,Poor Experience,Notion,58
1058,41405,2022-04-23,Poor Experience,ClickUp,114
1059,44639,2024-06-21,Missing Features,Slack,19
1060,38854,2024-03-20,High Pricing,Notion,33
1061,16747,2022-09-22,Poor Experience,ClickUp,29
1062,26952,2025-04-06,Poor Experience,Asana,48
1063,38029,2024-10-06,Poor Experience,ClickUp,20
1064,17753,2023-06-22,Low Usage,Notion,45
1065,48915,2024-08-14,Switched Competitor,Slack,7
1066,38906,2024-02-04,Technical Issues,ClickUp,80
1067,25168,2023-08-27,Technical Issues,Slack,24
1068,29819,2024-11-17,Missing Features,Notion,86
1069,21924,2024-10-19,Missing Features,Notion,100
1070,21997,2023-09-16,Switched Competitor,Notion,84
1071,5427,2022-01-22,Missing Features,ClickUp,116
1072,756,2022-10-08,Low Usage,Slack,58
1073,21200,2022-02-05,Switched Competitor,ClickUp,43
1074,5138,2023-08-24,Switched Competitor,ClickUp,88
1075,43570,2025-02-12,Switched Competitor,Notion,82
1076,47221,2022-08-26,Poor Experience,Monday.com,3
1077,28731,2023-05-06,Technical Issues,Asana,91
1078,3272,2023-08-19,High Pricing,Notion,26
1079,7657,2022-01-04,Technical Issues,Slack,18
1080,9046,2022-10-01,Poor Experience,Slack,112
1081,1145,2023-01-14,Technical Issues,ClickUp,22
1082,17654,2024-03-25,Low Usage,Notion,46
1083,11612,2022-04-14,Low Usage,Monday.com,22
1084,18098,2022-04-03,High Pricing,ClickUp,105
1085,26819,2024-09-24,Low Usage,Slack,43
1086,35102,2023-02-09,High Pricing,Asana,39
1087,35109,2024-09-27,Technical Issues,Slack,4
1088,7978,2024-11-26,Technical Issues,Slack,14
1089,12353,2023-11-27,Missing Features,Asana,90
1090,32210,2024-01-18,Poor Experience,Slack,56
1091,34595,2024-10-03,Poor Experience,Slack,85
1092,14725,2022-01-19,High Pricing,Asana,1
1093,6287,2023-11-04,Switched Competitor,Asana,28
1094,26136,2022-03-14,Switched Competitor,Monday.com,17
1095,15842,2022-07-11,Missing Features,Asana,57
1096,18240,2023-07-09,Switched Competitor,Monday.com,42
1097,23110,2024-05-27,Poor Experience,Slack,71
1098,44722,2024-10-17,High Pricing,Notion,100
1099,13634,2022-04-12,Low Usage,ClickUp,1
1100,20785,2024-12-27,Poor Experience,Monday.com,81
1101,27138,2022-11-04,Technical Issues,Slack,100
1102,22015,2022-03-05,Switched Competitor,ClickUp,2
1103,21266,2024-01-10,High Pricing,Asana,116
1104,43339,2022-02-05,High Pricing,ClickUp,46
1105,33494,2024-06-20,High Pricing,ClickUp,46
1106,25064,2023-12-06,High Pricing,Slack,21
1107,16319,2024-04-23,High Pricing,Slack,81
1108,39635,2023-01-21,Missing Features,Slack,81
1109,37473,2024-03-31,Technical Issues,Asana,100
1110,44197,2024-03-14,Low Usage,Asana,100
1111,1789,2022-05-30,Poor Experience,Slack,110
1112,37354,2022-11-20,Poor Experience,Slack,112
1113,17424,2023-08-02,Technical Issues,Notion,104
1114,48313,2023-06-11,Missing Features,Monday.com,97
1115,19586,2025-01-28,Switched Competitor,ClickUp,104
1116,24744,2024-08-19,Missing Features,Asana,101
1117,34686,2024-03-12,Switched Competitor,Notion,104
1118,46536,2022-12-14,Switched Competitor,Slack,112
1119,26784,2025-03-04,Technical Issues,ClickUp,86
1120,46118,2022-11-08,Poor Experience,Monday.com,33
1121,30301,2024-06-03,Switched Competitor,Monday.com,93
1122,26685,2024-02-11,Low Usage,Monday.com,112
1123,8235,2023-03-01,Missing Features,Notion,61
1124,25246,2023-12-25,High Pricing,Asana,13
1125,25196,2022-02-09,Technical Issues,Asana,39
1126,19791,2023-01-17,Poor Experience,Slack,8
1127,24916,2023-07-03,Low Usage,ClickUp,69
1128,11376,2022-07-11,Low Usage,Monday.com,95
1129,37942,2022-03-06,Poor Experience,Notion,102
1130,13371,2025-02-18,Poor Experience,Monday.com,23
1131,47200,2023-04-01,High Pricing,Monday.com,100
1132,42570,2023-04-18,Technical Issues,ClickUp,3
1133,499,2022-11-05,Low Usage,ClickUp,9
1134,47333,2023-04-03,Switched Competitor,ClickUp,96
1135,24272,2024-01-20,Technical Issues,Slack,87
1136,28024,2022-11-04,Low Usage,ClickUp,46
1137,36458,2024-05-30,Switched Competitor,Notion,89
1138,5029,2022-03-18,High Pricing,Notion,89
1139,29627,2024-08-24,High Pricing,Asana,8
1140,9812,2024-12-22,High Pricing,Slack,60
1141,19859,2025-01-03,Poor Experience,Notion,58
1142,17139,2023-04-28,Missing Features,ClickUp,61
1143,6484,2023-03-08,Poor Experience,ClickUp,57
1144,20426,2023-01-28,Switched Competitor,Slack,17
1145,27345,2023-09-27,Switched Competitor,Notion,112
1146,45557,2023-11-26,Poor Experience,Monday.com,110
1147,41243,2022-01-26,Technical Issues,Slack,68
1148,25866,2025-03-10,Poor Experience,Slack,51
1149,10668,2024-09-09,High Pricing,Asana,100
1150,27942,2023-12-09,Missing Features,Slack,108
1151,30422,2024-05-10,High Pricing,Asana,77
1152,23502,2025-03-25,Technical Issues,ClickUp,15
1153,36477,2023-07-10,Low Usage,ClickUp,65
1154,5192,2024-09-04,Poor Experience,Notion,30
1155,24295,2024-08-02,Poor Experience,Asana,50
1156,46720,2023-09-30,Low Usage,ClickUp,102
1157,7713,2023-11-14,Poor Experience,Monday.com,86
1158,26172,2023-11-29,Technical Issues,Monday.com,7
1159,10886,2023-06-20,Technical Issues,Slack,14
1160,26822,2022-01-18,Missing Features,Slack,60
1161,40681,2024-09-29,Missing Features,ClickUp,96
1162,45847,2022-07-27,Technical Issues,Monday.com,66
1163,37026,2024-12-16,Missing Features,Asana,104
1164,35372,2023-05-03,High Pricing,ClickUp,70
1165,30955,2025-01-02,Switched Competitor,Monday.com,101
1166,17135,2024-11-21,High Pricing,Slack,106
1167,6535,2023-04-10,Missing Features,ClickUp,10
1168,39738,2022-03-10,Low Usage,Notion,115
1169,7218,2023-02-02,Low Usage,Asana,81
1170,9351,2025-01-10,Switched Competitor,Notion,37
1171,25318,2022-07-14,Missing Features,Asana,99
1172,38867,2024-10-29,Poor Experience,Monday.com,14
1173,48131,2024-11-08,High Pricing,Notion,4
1174,44622,2023-12-13,Low Usage,ClickUp,120
1175,27842,2024-03-03,Poor Experience,ClickUp,5
1176,17904,2022-05-31,Switched Competitor,Slack,23
1177,31720,2024-07-09,Poor Experience,Slack,35
1178,19080,2022-12-04,Switched Competitor,Monday.com,48
1179,28768,2022-10-05,Missing Features,Slack,92
1180,18011,2023-06-02,Technical Issues,Slack,99
1181,1262,2024-06-09,Low Usage,Notion,88
1182,37180,2024-02-03,Switched Competitor,Asana,18
1183,45310,2025-03-16,Technical Issues,Notion,104
1184,16640,2023-01-07,Missing Features,Slack,53
1185,49136,2024-07-14,Technical Issues,Monday.com,102
1186,48712,2023-05-31,Low Usage,Notion,48
1187,17684,2025-01-16,High Pricing,Monday.com,39
1188,43178,2023-03-15,High Pricing,Monday.com,72
1189,49264,2023-09-28,Missing Features,Notion,54
1190,30405,2024-01-20,Technical Issues,Notion,70
1191,27271,2023-02-21,Switched Competitor,Asana,83
1192,49023,2023-04-30,Missing Features,ClickUp,45
1193,30728,2022-02-13,Missing Features,Notion,18
1194,10187,2022-07-05,Low Usage,Slack,34
1195,1120,2024-05-03,Low Usage,ClickUp,89
1196,23855,2024-08-19,Missing Features,ClickUp,110
1197,45597,2024-10-15,High Pricing,Notion,33
1198,13262,2022-05-16,Missing Features,ClickUp,34
1199,1278,2024-06-25,High Pricing,Asana,24
1200,14172,2023-05-23,High Pricing,Monday.com,120
1201,28320,2022-08-07,High Pricing,Monday.com,66
1202,30347,2023-07-13,Low Usage,Asana,36
1203,11339,2022-12-20,Technical Issues,Notion,16
1204,20975,2023-10-03,Technical Issues,Notion,70
1205,10521,2023-11-03,Poor Experience,Notion,32
1206,38169,2024-04-28,Technical Issues,Asana,107
1207,46858,2022-03-05,Missing Features,Asana,64
1208,39179,2025-03-30,Technical Issues,Monday.com,79
1209,31759,2023-08-06,Technical Issues,Asana,2
1210,48259,2024-08-03,High Pricing,Monday.com,52
1211,21708,2023-03-20,Switched Competitor,Slack,119
1212,15090,2022-01-21,Low Usage,ClickUp,73
1213,20827,2023-09-04,Switched Competitor,Monday.com,104
1214,12302,2023-11-17,Low Usage,Monday.com,36
1215,45749,2025-02-20,High Pricing,Slack,74
1216,26692,2024-09-09,High Pricing,Notion,119
1217,24012,2025-01-23,Switched Competitor,ClickUp,58
1218,28665,2023-10-22,Poor Experience,Notion,14
1219,19659,2022-11-09,High Pricing,Monday.com,80
1220,8748,2023-01-15,Technical Issues,Asana,56
1221,16523,2023-11-17,Poor Experience,Notion,116
1222,30536,2022-07-30,Low Usage,Monday.com,74
1223,40392,2024-12-04,Missing Features,Monday.com,88
1224,24887,2022-02-23,High Pricing,Asana,26
1225,12126,2024-03-06,Low Usage,Slack,82
1226,39412,2022-09-05,Low Usage,Slack,108
1227,42305,2022-07-10,Low Usage,ClickUp,53
1228,37664,2023-09-04,High Pricing,Notion,39
1229,16803,2024-05-24,Missing Features,Asana,66
1230,35221,2022-09-05,High Pricing,Asana,47
1231,26437,2022-04-02,Technical Issues,Notion,75
1232,1490,2023-06-14,Low Usage,Notion,96
1233,9442,2024-12-25,Poor Experience,Monday.com,3
1234,16803,2025-03-15,Switched Competitor,Notion,37
1235,4869,2024-03-07,Switched Competitor,Monday.com,80
1236,31395,2022-08-16,Technical Issues,Slack,120
1237,20355,2023-12-24,Poor Experience,Monday.com,98
1238,33922,2022-05-26,Missing Features,ClickUp,67
1239,35344,2023-03-20,Low Usage,ClickUp,15
1240,46846,2024-04-12,High Pricing,Slack,75
1241,6820,2022-11-19,Technical Issues,ClickUp,92
1242,26955,2024-01-02,Missing Features,Slack,38
1243,32823,2023-12-29,Poor Experience,Monday.com,28
1244,22892,2023-10-25,Poor Experience,Asana,48
1245,29160,2024-09-24,High Pricing,Notion,112
1246,27557,2024-08-18,High Pricing,Monday.com,5
1247,29499,2024-04-10,High Pricing,ClickUp,106
1248,17442,2022-04-24,Technical Issues,Slack,22
1249,26592,2023-07-17,Switched Competitor,Notion,20
1250,12624,2023-09-18,Missing Features,Monday.com,58
1251,844,2024-07-06,Low Usage,ClickUp,12
1252,41714,2024-08-19,Technical Issues,Notion,78
1253,46322,2022-09-05,Low Usage,Asana,44
1254,24871,2025-01-12,Technical Issues,Slack,93
1255,25732,2024-09-18,Switched Competitor,Monday.com,68
1256,37811,2024-10-31,Missing Features,Notion,13
1257,23404,2024-02-07,Technical Issues,Asana,42
1258,6748,2024-01-16,Switched Competitor,ClickUp,70
1259,42951,2022-08-08,Technical Issues,Monday.com,12
1260,16540,2025-01-08,Switched Competitor,Monday.com,25
1261,5452,2024-11-29,Technical Issues,ClickUp,81
1262,45798,2023-06-01,Missing Features,Monday.com,112
1263,13262,2024-07-25,Poor Experience,Notion,53
1264,24298,2024-08-21,Low Usage,Monday.com,104
1265,26307,2024-10-09,Low Usage,Monday.com,35
1266,669,2023-04-15,High Pricing,Asana,78
1267,10807,2023-10-01,High Pricing,Notion,80
1268,14583,2024-12-10,High Pricing,ClickUp,68
1269,26669,2023-04-18,Technical Issues,Notion,19
1270,35857,2024-06-30,Switched Competitor,ClickUp,39
1271,36509,2023-05-11,Technical Issues,ClickUp,31
1272,35732,2023-09-30,Missing Features,Asana,11
1273,34798,2023-07-14,Poor Experience,Slack,36
1274,38504,2024-01-29,Technical Issues,ClickUp,51
1275,28123,2024-02-01,Low Usage,Asana,74
1276,49853,2024-03-22,Poor Experience,Monday.com,27
1277,16999,2023-05-29,High Pricing,Monday.com,63
1278,32900,2024-03-24,Switched Competitor,Asana,43
1279,40336,2022-05-06,High Pricing,Notion,84
1280,33435,2023-11-10,Missing Features,ClickUp,28
1281,7431,2023-07-31,High Pricing,ClickUp,73
1282,49932,2024-01-12,Technical Issues,Notion,117
1283,2241,2025-02-16,High Pricing,ClickUp,88
1284,23192,2023-04-20,Technical Issues,Notion,46
1285,38765,2024-09-21,Low Usage,ClickUp,49
1286,10699,2023-11-22,Low Usage,ClickUp,8
1287,5165,2023-07-18,Switched Competitor,Slack,73
1288,42765,2023-02-14,Low Usage,Monday.com,97
1289,7072,2022-04-03,Low Usage,Notion,120
1290,42085,2023-10-29,Poor Experience,Asana,42
1291,43512,2022-01-06,Low Usage,Asana,101
1292,46477,2024-08-22,Missing Features,Monday.com,77
1293,2592,2023-09-17,High Pricing,Slack,13
1294,30054,2025-03-10,Low Usage,ClickUp,118
1295,4244,2023-12-31,Poor Experience,Monday.com,90
1296,5110,2025-03-11,Switched Competitor,Asana,18
1297,15641,2024-03-01,Poor Experience,Asana,53
1298,48766,2022-02-22,Poor Experience,Asana,99
1299,16907,2024-11-07,Low Usage,ClickUp,87
1300,33485,2024-01-01,Poor Experience,ClickUp,44
1301,12518,2022-09-17,Technical Issues,Monday.com,89
1302,43066,2024-12-04,Switched Competitor,Asana,8
1303,36192,2024-12-24,Low Usage,Asana,115
1304,1544,2024-07-28,High Pricing,Asana,67
1305,41666,2024-02-15,High Pricing,Monday.com,16
1306,49341,2022-09-17,Technical Issues,Monday.com,26
1307,43356,2022-09-03,Switched Competitor,Asana,3
1308,4639,2023-01-12,Low Usage,Slack,15
1309,28779,2022-04-06,Low Usage,Monday.com,56
1310,16265,2023-02-12,Technical Issues,Notion,71
1311,3026,2022-01-03,Technical Issues,Monday.com,48
1312,38151,2025-04-11,Switched Competitor,ClickUp,69
1313,49432,2023-12-22,Switched Competitor,Monday.com,63
1314,8296,2022-09-06,Poor Experience,ClickUp,80
1315,14732,2023-09-25,Missing Features,ClickUp,102
1316,43821,2024-03-13,Technical Issues,Monday.com,85
1317,8492,2023-10-04,Missing Features,ClickUp,53
1318,8122,2024-12-04,Switched Competitor,Notion,25
1319,46446,2022-12-14,High Pricing,Asana,31
1320,26284,2024-11-02,Switched Competitor,Monday.com,94
1321,27648,2023-03-06,Switched Competitor,Slack,46
1322,42647,2025-01-28,Technical Issues,ClickUp,64
1323,22900,2025-01-06,Missing Features,Notion,19
1324,44505,2024-05-11,High Pricing,Notion,18
1325,22091,2022-03-31,Technical Issues,ClickUp,70
1326,26202,2022-04-09,Poor Experience,ClickUp,114
1327,28710,2025-02-19,Poor Experience,Monday.com,110
1328,45480,2024-01-06,Low Usage,Monday.com,25
1329,40623,2022-08-02,Missing Features,Slack,22
1330,33724,2022-07-10,Switched Competitor,Notion,96
1331,9672,2023-07-28,Low Usage,Monday.com,61
1332,47898,2024-07-03,Missing Features,Asana,52
1333,43247,2025-03-12,Technical Issues,Slack,41
1334,41656,2025-01-31,Missing Features,ClickUp,88
1335,29859,2022-07-30,Switched Competitor,Monday.com,120
1336,39765,2024-10-07,Low Usage,Notion,42
1337,29219,2023-07-11,Missing Features,Notion,43
1338,12936,2022-05-02,Switched Competitor,Monday.com,13
1339,18762,2023-06-21,Switched Competitor,ClickUp,65
1340,35741,2022-12-20,Switched Competitor,Monday.com,13
1341,22689,2024-11-01,Low Usage,ClickUp,4
1342,30376,2024-08-09,Technical Issues,Asana,49
1343,48666,2023-11-02,Switched Competitor,Notion,79
1344,34235,2024-01-05,Low Usage,Slack,31
1345,32402,2022-04-23,Switched Competitor,Slack,22
1346,36189,2024-10-14,Poor Experience,Monday.com,107
1347,26644,2023-10-19,Low Usage,ClickUp,25
1348,31036,2022-10-12,Switched Competitor,ClickUp,64
1349,26487,2022-04-25,Technical Issues,Asana,95
1350,3861,2022-12-26,Missing Features,Monday.com,96
1351,27487,2022-01-12,Missing Features,Slack,5
1352,47868,2023-06-10,High Pricing,Asana,25
1353,41523,2023-01-18,Switched Competitor,Monday.com,31
1354,15698,2025-02-25,Low Usage,Notion,22
1355,13479,2023-10-06,Poor Experience,Asana,108
1356,46269,2022-10-22,Switched Competitor,Monday.com,82
1357,45017,2023-08-29,Poor Experience,Notion,87
1358,34245,2024-08-15,Switched Competitor,Slack,78
1359,27258,2023-12-22,Poor Experience,ClickUp,45
1360,17193,2022-06-14,Technical Issues,Slack,3
1361,15336,2022-01-26,Technical Issues,ClickUp,111
1362,20709,2022-04-12,Switched Competitor,Monday.com,107
1363,20837,2024-10-19,High Pricing,Slack,29
1364,41121,2024-02-11,High Pricing,Asana,33
1365,3946,2022-02-16,High Pricing,ClickUp,64
1366,13144,2024-09-23,Technical Issues,Monday.com,26
1367,26067,2025-02-15,Switched Competitor,Asana,107
1368,35616,2022-01-16,Missing Features,ClickUp,62
1369,29306,2022-11-15,Poor Experience,Asana,83
1370,15141,2022-09-12,Missing Features,Monday.com,87
1371,24319,2022-05-17,High Pricing,Asana,106
1372,33234,2024-12-24,Low Usage,Asana,111
1373,44828,2022-10-27,Poor Experience,Monday.com,29
1374,17810,2025-01-25,Poor Experience,Slack,25
1375,18467,2024-07-22,High Pricing,Asana,16
1376,6285,2022-10-25,Switched Competitor,ClickUp,117
1377,35470,2024-10-19,Missing Features,Notion,104
1378,35470,2024-11-22,High Pricing,Notion,62
1379,34699,2023-04-30,Poor Experience,Monday.com,22
1380,2185,2022-10-09,Technical Issues,Asana,60
1381,13710,2024-12-25,Switched Competitor,Asana,111
1382,11753,2023-12-27,Technical Issues,Asana,38
1383,36913,2022-03-22,Switched Competitor,Notion,116
1384,17354,2024-05-09,Missing Features,Notion,74
1385,10201,2023-11-28,Missing Features,Notion,8
1386,48237,2023-10-11,Technical Issues,Slack,28
1387,18767,2023-12-21,Technical Issues,Monday.com,69
1388,28018,2023-04-21,Poor Experience,Monday.com,50
1389,41260,2022-04-15,Switched Competitor,Monday.com,43
1390,37094,2022-02-15,Low Usage,Asana,118
1391,5039,2022-09-30,Poor Experience,Slack,97
1392,11691,2022-02-10,Switched Competitor,Asana,9
1393,15756,2023-05-24,Poor Experience,Slack,96
1394,12308,2022-01-30,Technical Issues,Slack,57
1395,42930,2023-12-23,High Pricing,Notion,107
1396,47056,2022-06-18,Poor Experience,Monday.com,59
1397,3019,2022-12-28,Low Usage,Monday.com,109
1398,36475,2023-01-02,Technical Issues,Notion,92
1399,4215,2022-03-08,Switched Competitor,Asana,71
1400,43560,2024-07-10,Technical Issues,Monday.com,50
1401,30384,2024-06-11,Technical Issues,Notion,78
1402,49910,2023-03-24,High Pricing,Asana,41
1403,46313,2024-02-10,Technical Issues,Monday.com,68
1404,15691,2023-04-30,High Pricing,ClickUp,57
1405,1302,2022-01-20,High Pricing,Slack,32
1406,48810,2022-01-09,High Pricing,Monday.com,110
1407,48510,2022-12-31,Missing Features,Monday.com,35
1408,39005,2023-05-07,High Pricing,ClickUp,11
1409,34492,2022-09-01,High Pricing,ClickUp,32
1410,4990,2022-12-26,Technical Issues,Asana,6
1411,31158,2024-09-28,Low Usage,Notion,49
1412,12088,2023-01-15,Low Usage,Slack,111
1413,28415,2024-02-13,Missing Features,Monday.com,77
1414,26865,2023-06-10,Switched Competitor,Notion,82
1415,45510,2022-05-15,Missing Features,Notion,38
1416,49493,2023-11-02,Switched Competitor,Monday.com,32
1417,26639,2025-01-30,Switched Competitor,Slack,17
1418,13894,2022-03-11,Poor Experience,Slack,74
1419,31271,2024-08-30,Poor Experience,Slack,43
1420,15115,2024-06-04,Technical Issues,Notion,89
1421,4332,2024-01-05,Low Usage,Notion,99
1422,15101,2023-10-20,Technical Issues,Slack,19
1423,46355,2023-08-14,Technical Issues,Monday.com,105
1424,10128,2023-10-18,Technical Issues,Slack,20
1425,24252,2023-06-12,High Pricing,ClickUp,6
1426,7217,2024-08-22,Low Usage,Notion,104
1427,16014,2022-11-29,Technical Issues,Slack,70
1428,13952,2023-05-29,Missing Features,Slack,46
1429,15080,2024-04-26,Missing Features,Notion,65
1430,30158,2024-05-31,Low Usage,Slack,10
1431,25727,2024-07-19,Missing Features,Monday.com,36
1432,42480,2022-07-24,Missing Features,Slack,20
1433,46857,2022-03-29,Low Usage,ClickUp,26
1434,26876,2022-06-03,Missing Features,Monday.com,26
1435,37445,2022-03-22,Poor Experience,ClickUp,93
1436,31120,2023-11-17,Missing Features,Asana,3
1437,40039,2025-02-03,Switched Competitor,ClickUp,29
1438,5927,2025-04-08,Poor Experience,Notion,6
1439,47982,2025-04-09,Switched Competitor,Notion,20
1440,3078,2025-03-13,Low Usage,ClickUp,20
1441,40763,2023-08-28,Poor Experience,Slack,5
1442,8558,2023-04-11,Technical Issues,ClickUp,12
1443,24982,2023-06-04,Low Usage,Monday.com,107
1444,15635,2023-06-29,High Pricing,Monday.com,44
1445,3963,2022-04-02,Poor Experience,Notion,61
1446,12086,2023-06-04,Technical Issues,Monday.com,47
1447,48823,2023-06-05,High Pricing,Notion,28
1448,45228,2022-02-06,Switched Competitor,Monday.com,43
1449,26354,2022-09-08,Missing Features,Slack,22
1450,38051,2022-08-15,Switched Competitor,ClickUp,116
1451,3138,2024-12-23,Low Usage,ClickUp,45
1452,11691,2023-09-21,Low Usage,Asana,99
1453,31577,2024-07-15,Missing Features,Asana,79
1454,49817,2024-11-05,Poor Experience,Notion,49
1455,43374,2024-01-25,Poor Experience,Slack,16
1456,39457,2023-11-11,High Pricing,Notion,49
1457,46372,2023-12-08,Missing Features,Notion,108
1458,18698,2022-02-02,Poor Experience,Slack,35
1459,8230,2024-06-28,Technical Issues,Notion,12
1460,9849,2023-10-23,High Pricing,Notion,99
1461,49335,2025-04-09,Switched Competitor,Notion,38
1462,4467,2022-07-29,Low Usage,Notion,82
1463,44055,2024-01-02,Technical Issues,Asana,89
1464,12318,2024-06-21,Poor Experience,Slack,61
1465,27721,2022-08-18,Missing Features,Notion,15
1466,34403,2024-06-14,High Pricing,ClickUp,112
1467,16974,2023-10-30,High Pricing,Notion,24
1468,44376,2024-07-26,Technical Issues,Asana,74
1469,37571,2023-03-09,Technical Issues,ClickUp,70
1470,40035,2022-07-13,Switched Competitor,Slack,94
1471,23778,2022-02-11,Poor Experience,Notion,111
1472,28688,2024-10-10,High Pricing,Monday.com,100
1473,43167,2022-03-19,Switched Competitor,Notion,28
1474,30843,2023-04-18,High Pricing,ClickUp,35
1475,22097,2022-12-31,Technical Issues,Asana,88
1476,13906,2023-03-04,Technical Issues,Notion,114
1477,33636,2022-06-19,Low Usage,Asana,3
1478,8179,2024-12-01,Missing Features,Asana,54
1479,3544,2022-12-01,Technical Issues,Notion,5
1480,49114,2022-01-18,Low Usage,Slack,24
1481,37378,2022-06-28,Missing Features,Slack,85
1482,18846,2025-01-27,Switched Competitor,Asana,5
1483,9554,2023-05-03,High Pricing,Asana,12
1484,42627,2023-11-06,Missing Features,Asana,52
1485,23732,2024-08-27,Low Usage,Monday.com,90
1486,20049,2024-10-29,Technical Issues,ClickUp,10
1487,46020,2022-01-07,Missing Features,Asana,96
1488,47241,2024-10-21,Technical Issues,ClickUp,59
1489,22771,2025-02-14,Technical Issues,ClickUp,102
1490,42743,2024-06-15,High Pricing,Asana,15
1491,21730,2023-10-24,Low Usage,Monday.com,33
1492,34241,2023-06-27,Poor Experience,Notion,82
1493,28100,2022-05-31,Switched Competitor,Monday.com,28
1494,15516,2024-11-12,Missing Features,ClickUp,35
1495,5646,2024-06-17,Low Usage,Asana,119
1496,42942,2024-03-10,High Pricing,ClickUp,65
1497,29,2024-09-24,Technical Issues,Asana,119
1498,1082,2025-01-28,Missing Features,Asana,82
1499,47761,2024-07-01,Poor Experience,Monday.com,56
1500,37846,2024-08-06,Switched Competitor,Monday.com,71
1501,15973,2025-01-30,Switched Competitor,Asana,14
1502,30842,2023-05-23,Switched Competitor,ClickUp,32
1503,37421,2023-12-15,Poor Experience,Notion,10
1504,13143,2022-10-01,Switched Competitor,Asana,86
1505,5288,2023-10-18,Poor Experience,Slack,108
1506,39051,2023-11-20,Missing Features,Slack,1
1507,14972,2022-06-04,Switched Competitor,Slack,13
1508,2645,2022-12-21,Technical Issues,Notion,39
1509,11822,2024-10-30,Missing Features,Monday.com,54
1510,34153,2022-06-26,Switched Competitor,Notion,24
1511,44064,2024-08-06,Missing Features,Monday.com,9
1512,5677,2022-04-12,Missing Features,ClickUp,63
1513,25760,2024-01-28,Switched Competitor,Monday.com,78
1514,42690,2024-12-25,Technical Issues,Asana,59
1515,19409,2025-01-26,Technical Issues,Slack,90
1516,43793,2024-10-26,Switched Competitor,Slack,34
1517,10762,2022-05-15,Poor Experience,Monday.com,78
1518,25117,2024-12-28,High Pricing,Slack,105
1519,47957,2023-05-27,Technical Issues,Monday.com,115
1520,48036,2023-02-10,Missing Features,ClickUp,78
1521,2567,2023-10-16,Missing Features,Monday.com,38
1522,33072,2023-08-21,Switched Competitor,Asana,56
1523,47745,2022-04-14,Low Usage,Slack,100
1524,33698,2023-02-14,Missing Features,Notion,72
1525,28384,2022-07-15,Low Usage,Monday.com,49
1526,48976,2024-05-29,Missing Features,Monday.com,16
1527,47219,2022-03-29,Missing Features,Monday.com,94
1528,37016,2025-01-25,Poor Experience,ClickUp,60
1529,49509,2022-03-04,Missing Features,Monday.com,59
1530,1575,2022-05-22,Low Usage,Asana,78
1531,18581,2024-07-06,Low Usage,Monday.com,105
1532,644,2023-05-11,Technical Issues,Slack,15
1533,31509,2023-03-11,Switched Competitor,Notion,54
1534,13846,2022-02-06,Missing Features,ClickUp,71
1535,20982,2023-11-14,Switched Competitor,Monday.com,38
1536,31421,2024-02-09,High Pricing,Slack,106
1537,34253,2023-08-23,Missing Features,Asana,9
1538,41939,2023-08-10,Low Usage,Slack,53
1539,12197,2024-10-08,Missing Features,Monday.com,67
1540,26684,2024-09-20,Switched Competitor,Slack,113
1541,40747,2023-05-16,Technical Issues,Monday.com,47
1542,27357,2024-12-19,Switched Competitor,Notion,39
1543,47196,2022-11-14,Switched Competitor,Asana,97
1544,47492,2025-02-16,Low Usage,Asana,120
1545,40588,2023-02-24,Low Usage,Monday.com,114
1546,45490,2023-09-14,Missing Features,ClickUp,73
1547,39716,2022-12-18,Missing Features,ClickUp,54
1548,34938,2024-11-10,Switched Competitor,ClickUp,92
1549,27923,2022-07-07,Technical Issues,Slack,25
1550,29129,2024-09-25,High Pricing,Slack,8
1551,25494,2025-02-23,Low Usage,ClickUp,24
1552,1148,2022-05-21,Technical Issues,Notion,11
1553,20543,2023-09-30,Technical Issues,Slack,16
1554,7250,2023-04-03,Technical Issues,Notion,110
1555,49514,2024-02-06,Poor Experience,Notion,31
1556,24537,2024-04-09,Low Usage,Asana,116
1557,10078,2025-04-15,Switched Competitor,Asana,1
1558,7640,2022-02-25,High Pricing,Notion,83
1559,13382,2023-03-18,Poor Experience,Notion,109
1560,6847,2023-05-05,Switched Competitor,Asana,96
1561,48098,2025-02-26,Poor Experience,ClickUp,19
1562,43042,2023-04-01,Poor Experience,Monday.com,27
1563,26400,2024-09-17,Missing Features,Notion,3
1564,9495,2022-12-05,High Pricing,Notion,94
1565,38863,2024-03-08,Technical Issues,Slack,54
1566,49010,2023-05-25,Missing Features,ClickUp,78
1567,16349,2022-11-02,Poor Experience,Monday.com,35
1568,28636,2024-09-14,Poor Experience,Monday.com,8
1569,21162,2023-12-27,Poor Experience,Asana,34
1570,2565,2023-09-12,Missing Features,Slack,66
1571,18933,2022-03-19,Technical Issues,Notion,32
1572,19895,2025-01-12,Switched Competitor,ClickUp,113
1573,16350,2025-03-19,Switched Competitor,ClickUp,113
1574,47157,2023-10-24,Switched Competitor,Monday.com,28
1575,1270,2022-12-28,Poor Experience,Slack,24
1576,29383,2022-07-24,Low Usage,Monday.com,95
1577,20886,2022-06-07,Poor Experience,Slack,107
1578,38337,2024-03-21,Technical Issues,Asana,92
1579,29250,2024-07-19,Missing Features,Monday.com,57
1580,28604,2024-02-20,High Pricing,ClickUp,35
1581,49188,2023-05-18,High Pricing,Notion,16
1582,27753,2022-07-04,Technical Issues,Notion,66
1583,34433,2022-10-15,Switched Competitor,Notion,45
1584,9842,2023-07-12,Missing Features,ClickUp,37
1585,34057,2023-01-16,Technical Issues,Monday.com,65
1586,32098,2023-03-19,Technical Issues,ClickUp,103
1587,28698,2025-03-25,Poor Experience,Notion,37
1588,17947,2022-10-29,Switched Competitor,Monday.com,29
1589,43964,2024-04-09,Low Usage,ClickUp,17
1590,4422,2022-08-26,Technical Issues,Monday.com,93
1591,28349,2023-02-01,Low Usage,Monday.com,76
1592,4533,2022-05-17,Technical Issues,Notion,77
1593,26504,2023-07-16,Missing Features,Slack,3
1594,8980,2023-08-05,High Pricing,ClickUp,58
1595,1367,2025-03-15,Missing Features,ClickUp,52
1596,42999,2024-02-13,Low Usage,Asana,39
1597,43330,2023-08-13,Low Usage,Slack,85
1598,25690,2024-08-16,Missing Features,Slack,94
1599,32545,2022-11-23,Low Usage,Slack,115
1600,8879,2022-03-17,Poor Experience,Monday.com,116
1601,27779,2023-01-06,Missing Features,Monday.com,66
1602,45610,2025-02-13,Poor Experience,Monday.com,98
1603,11370,2024-06-23,Technical Issues,Monday.com,49
1604,30586,2023-11-10,Missing Features,Asana,20
1605,41920,2025-02-25,Low Usage,Asana,67
1606,14785,2023-12-13,Low Usage,Notion,45
1607,15861,2024-11-21,Technical Issues,Asana,38
1608,15147,2023-06-14,High Pricing,Slack,19
1609,17410,2022-09-24,Poor Experience,ClickUp,5
1610,8529,2022-01-26,Low Usage,Slack,4
1611,38629,2024-01-07,Technical Issues,Slack,3
1612,11866,2022-02-17,High Pricing,Monday.com,26
1613,40791,2023-05-21,Missing Features,Notion,92
1614,13029,2023-10-10,Missing Features,Notion,38
1615,20084,2023-11-22,High Pricing,Monday.com,114
1616,2145,2025-01-21,Poor Experience,Asana,87
1617,13662,2024-11-04,Technical Issues,Asana,120
1618,27878,2024-03-26,High Pricing,Slack,76
1619,21167,2023-03-18,Low Usage,Asana,20
1620,5731,2024-09-12,Missing Features,ClickUp,96
1621,48413,2022-05-24,High Pricing,Notion,69
1622,22467,2024-01-03,High Pricing,Notion,108
1623,6990,2024-10-04,Switched Competitor,Monday.com,68
1624,43468,2022-05-18,Poor Experience,Asana,78
1625,23470,2022-02-06,High Pricing,Notion,7
1626,23447,2022-06-12,Technical Issues,Asana,34
1627,16864,2023-01-13,Technical Issues,ClickUp,84
1628,15229,2023-02-21,Poor Experience,Asana,107
1629,34226,2023-05-18,High Pricing,Notion,102
1630,2565,2024-10-15,Low Usage,Asana,62
1631,10716,2022-06-01,Low Usage,Asana,99
1632,29321,2023-05-13,Technical Issues,Monday.com,60
1633,34204,2022-02-09,Technical Issues,ClickUp,119
1634,13153,2024-03-08,Low Usage,Monday.com,64
1635,22794,2024-09-27,Switched Competitor,Asana,36
1636,34532,2024-04-21,Switched Competitor,ClickUp,109
1637,16267,2022-05-25,High Pricing,Slack,13
1638,32810,2024-05-05,Low Usage,Monday.com,35
1639,6091,2025-01-20,High Pricing,Monday.com,18
1640,11464,2022-04-12,Poor Experience,Notion,75
1641,29014,2022-07-22,High Pricing,ClickUp,67
1642,21649,2024-01-26,Poor Experience,ClickUp,3
1643,8489,2024-08-11,Low Usage,ClickUp,40
1644,27209,2024-07-01,Poor Experience,ClickUp,55
1645,30519,2024-08-24,Technical Issues,ClickUp,57
1646,12052,2022-06-09,Low Usage,Monday.com,8
1647,22734,2024-11-05,High Pricing,Slack,100
1648,46291,2023-04-18,High Pricing,Asana,86
1649,20217,2023-07-28,Low Usage,Notion,53
1650,37713,2022-03-19,Missing Features,Slack,113
1651,37129,2024-10-05,Low Usage,Slack,118
1652,35156,2024-07-01,Poor Experience,Notion,48
1653,12696,2023-06-02,Missing Features,Asana,35
1654,35818,2023-01-03,Switched Competitor,Notion,40
1655,13857,2022-04-25,Switched Competitor,Monday.com,99
1656,38738,2024-10-15,Missing Features,Asana,72
1657,3645,2023-06-19,High Pricing,ClickUp,69
1658,35827,2022-05-14,Missing Features,Asana,14
1659,1130,2023-04-16,Missing Features,Slack,17
1660,4659,2022-04-10,High Pricing,Monday.com,118
1661,41237,2022-05-04,Missing Features,Asana,95
1662,29239,2022-09-05,Poor Experience,Asana,50
1663,35439,2022-07-10,Low Usage,Monday.com,52
1664,32501,2023-10-08,Missing Features,Slack,36
1665,300,2022-10-03,Poor Experience,ClickUp,34
1666,11820,2023-02-06,Low Usage,Notion,110
1667,42046,2023-10-11,Switched Competitor,Monday.com,57
1668,45450,2023-07-22,Missing Features,Slack,117
1669,26736,2023-05-23,Low Usage,Slack,90
1670,10271,2024-08-16,Poor Experience,Monday.com,100
1671,9110,2023-03-15,Missing Features,Asana,5
1672,24593,2025-01-27,Switched Competitor,Notion,47
1673,39510,2025-03-23,High Pricing,Notion,94
1674,5569,2023-07-17,Switched Competitor,Slack,42
1675,34863,2022-08-27,Switched Competitor,Slack,119
1676,1084,2025-02-07,Low Usage,Notion,82
1677,19871,2022-06-07,Switched Competitor,Notion,80
1678,45152,2022-04-02,High Pricing,Asana,34
1679,12637,2024-02-26,Poor Experience,ClickUp,1
1680,6676,2022-04-26,Poor Experience,Monday.com,112
1681,8059,2024-02-02,High Pricing,Monday.com,20
1682,35595,2025-03-22,High Pricing,Monday.com,26
1683,41601,2023-06-29,High Pricing,ClickUp,73
1684,40793,2024-01-14,High Pricing,Slack,120
1685,33031,2022-11-19,Poor Experience,Asana,88
1686,41295,2023-02-14,Missing Features,Monday.com,105
1687,45005,2024-06-17,High Pricing,Monday.com,118
1688,7556,2022-03-09,Low Usage,Asana,51
1689,30466,2024-06-10,Technical Issues,Slack,58
1690,42780,2024-06-23,Technical Issues,Notion,74
1691,14882,2024-03-20,Low Usage,Notion,22
1692,49414,2023-05-30,High Pricing,Slack,115
1693,49343,2023-08-20,Switched Competitor,ClickUp,63
1694,22329,2023-10-16,Technical Issues,Monday.com,117
1695,47497,2025-02-13,Missing Features,ClickUp,53
1696,42032,2024-07-17,Missing Features,Slack,74
1697,4426,2022-06-12,Low Usage,Monday.com,9
1698,49831,2022-07-02,Missing Features,Slack,111
1699,17683,2023-03-25,High Pricing,Monday.com,75
1700,42721,2022-09-24,High Pricing,Monday.com,39
1701,24169,2024-04-05,Poor Experience,Slack,63
1702,28122,2023-06-02,Missing Features,Monday.com,34
1703,2956,2024-09-21,Switched Competitor,Asana,32
1704,42095,2024-10-09,Technical Issues,Asana,53
1705,14699,2024-05-10,Switched Competitor,Monday.com,27
1706,47930,2022-10-14,Poor Experience,ClickUp,34
1707,9928,2024-12-06,Technical Issues,Monday.com,64
1708,31632,2022-12-07,Poor Experience,Asana,51
1709,22749,2023-06-30,Low Usage,Slack,6
1710,45947,2025-03-02,High Pricing,Notion,57
1711,35010,2023-10-17,Low Usage,Slack,97
1712,9180,2023-03-09,Switched Competitor,Asana,64
1713,44234,2023-01-27,High Pricing,ClickUp,113
1714,27857,2023-12-03,Switched Competitor,Slack,73
1715,35118,2023-10-17,Low Usage,ClickUp,110
1716,9743,2024-01-29,Low Usage,ClickUp,39
1717,49105,2024-06-03,Poor Experience,Asana,60
1718,2953,2022-04-16,Missing Features,Slack,90
1719,33288,2023-08-01,Missing Features,Monday.com,28
1720,3954,2022-10-04,Switched Competitor,Asana,65
1721,20985,2023-02-03,Poor Experience,Notion,87
1722,43062,2022-10-22,High Pricing,Slack,45
1723,48200,2023-12-13,Technical Issues,Notion,104
1724,17526,2022-05-11,Technical Issues,Asana,112
1725,41281,2023-08-31,Technical Issues,Notion,70
1726,40861,2024-05-24,High Pricing,Asana,72
1727,32667,2023-05-22,Switched Competitor,Notion,22
1728,19968,2025-03-21,Missing Features,Monday.com,43
1729,13780,2023-06-25,Technical Issues,ClickUp,79
1730,8023,2022-05-09,Poor Experience,Asana,96
1731,33275,2025-03-31,Poor Experience,Notion,6
1732,49703,2023-08-20,Poor Experience,Asana,20
1733,5420,2024-09-24,Low Usage,ClickUp,8
1734,40302,2024-05-28,Switched Competitor,Monday.com,105
1735,5657,2023-06-05,Technical Issues,Notion,37
1736,21711,2024-06-29,High Pricing,Slack,116
1737,29291,2024-10-02,High Pricing,Notion,81
1738,36109,2024-10-30,High Pricing,Asana,109
1739,7697,2022-07-31,Low Usage,Slack,43
1740,26531,2023-10-26,High Pricing,Monday.com,4
1741,15123,2022-01-13,Poor Experience,Asana,97
1742,47952,2022-10-23,Missing Features,Slack,16
1743,13452,2022-07-25,Missing Features,Notion,44
1744,15789,2024-12-10,Low Usage,Asana,93
1745,42332,2022-01-02,High Pricing,ClickUp,47
1746,46216,2023-12-07,Low Usage,ClickUp,82
1747,28079,2022-12-29,Switched Competitor,ClickUp,19
1748,34566,2022-11-27,Technical Issues,Notion,68
1749,10067,2023-04-08,Low Usage,Monday.com,44
1750,12927,2024-09-25,High Pricing,Asana,104
1751,17265,2023-06-22,Switched Competitor,Notion,118
1752,30434,2022-07-28,Poor Experience,ClickUp,67
1753,29993,2022-07-29,High Pricing,Monday.com,22
1754,16903,2022-12-02,Poor Experience,Slack,50
1755,18494,2022-07-09,Poor Experience,Asana,3
1756,39127,2024-01-24,Low Usage,Asana,80
1757,10850,2024-01-01,Low Usage,Slack,22
1758,522,2023-04-19,High Pricing,Monday.com,111
1759,29644,2023-09-04,High Pricing,ClickUp,75
1760,41320,2024-01-29,Low Usage,Slack,55
1761,29755,2024-09-26,High Pricing,Slack,50
1762,24293,2022-01-16,High Pricing,Monday.com,63
1763,38177,2025-02-20,High Pricing,Monday.com,75
1764,11396,2024-09-26,Low Usage,Slack,95
1765,5018,2023-06-11,Poor Experience,Monday.com,1
1766,47070,2023-05-14,Poor Experience,Asana,110
1767,28541,2024-02-16,High Pricing,Monday.com,43
1768,46909,2023-04-23,Missing Features,Notion,25
1769,6094,2023-09-25,High Pricing,Notion,117
1770,39660,2023-06-23,Low Usage,ClickUp,68
1771,22787,2023-07-09,High Pricing,Monday.com,119
1772,40887,2025-01-15,Low Usage,Notion,36
1773,24547,2023-10-02,Technical Issues,ClickUp,33
1774,22720,2024-04-26,Poor Experience,Slack,67
1775,22155,2022-02-25,High Pricing,Monday.com,53
1776,41378,2023-06-30,Poor Experience,Asana,68
1777,2310,2024-04-04,Switched Competitor,Asana,113
1778,37333,2023-07-20,Technical Issues,ClickUp,21
1779,43505,2024-12-07,Low Usage,ClickUp,39
1780,5058,2023-12-18,Switched Competitor,Monday.com,20
1781,29601,2022-06-20,Technical Issues,Monday.com,60
1782,14335,2024-05-02,Switched Competitor,Asana,38
1783,5275,2024-08-05,Switched Competitor,Notion,114
1784,35227,2022-03-30,Switched Competitor,ClickUp,107
1785,2345,2023-06-12,Switched Competitor,ClickUp,100
1786,33538,2023-01-19,Technical Issues,Notion,79
1787,46385,2023-10-27,Switched Competitor,ClickUp,96
1788,38314,2023-03-05,Switched Competitor,Notion,27
1789,45170,2024-05-20,High Pricing,ClickUp,4
1790,39699,2025-02-22,Low Usage,Slack,100
1791,35672,2024-10-16,Technical Issues,ClickUp,2
1792,22409,2023-09-16,High Pricing,Slack,97
1793,38108,2023-06-23,Technical Issues,Slack,94
1794,32764,2023-07-28,Technical Issues,Asana,20
1795,49219,2024-07-22,Low Usage,Notion,1
1796,28846,2022-02-26,Technical Issues,ClickUp,96
1797,45004,2022-11-07,Missing Features,Asana,54
1798,7408,2024-10-25,Technical Issues,Monday.com,32
1799,9489,2022-06-06,High Pricing,Notion,100
1800,49202,2022-05-28,Poor Experience,Monday.com,9
1801,4417,2023-05-05,Technical Issues,Notion,9
1802,22795,2024-05-06,Missing Features,Monday.com,79
1803,16652,2023-08-25,Technical Issues,Slack,77
1804,36884,2023-10-08,High Pricing,Notion,106
1805,33937,2022-09-07,Technical Issues,Asana,51
1806,10676,2023-07-21,Missing Features,Asana,12
1807,12904,2023-01-21,High Pricing,Monday.com,65
1808,17567,2022-03-28,Poor Experience,ClickUp,17
1809,2966,2025-02-25,Switched Competitor,Notion,41
1810,28091,2022-10-02,Switched Competitor,Monday.com,76
1811,39160,2022-07-28,Switched Competitor,Notion,26
1812,12803,2022-05-11,Low Usage,Slack,44
1813,21452,2023-05-20,Poor Experience,Notion,99
1814,44311,2022-09-15,Poor Experience,Asana,108
1815,9140,2024-06-14,Missing Features,ClickUp,87
1816,36253,2024-04-27,Switched Competitor,Slack,67
1817,460,2022-02-16,Poor Experience,ClickUp,66
1818,6301,2023-05-03,Switched Competitor,Monday.com,73
1819,20792,2023-01-25,Poor Experience,Monday.com,72
1820,20185,2025-02-10,Switched Competitor,Notion,101
1821,46506,2024-06-08,Low Usage,Slack,53
1822,3204,2022-09-27,Poor Experience,Asana,23
1823,7179,2024-10-06,Poor Experience,Asana,31
1824,29199,2024-03-06,Missing Features,Slack,97
1825,33911,2022-07-17,Missing Features,Monday.com,103
1826,26290,2024-03-16,Missing Features,ClickUp,35
1827,38680,2023-07-05,Missing Features,Slack,42
1828,7683,2024-06-24,Technical Issues,Slack,85
1829,19161,2025-03-24,Switched Competitor,ClickUp,89
1830,38912,2023-12-21,Technical Issues,ClickUp,109
1831,42408,2024-03-14,Switched Competitor,Slack,106
1832,30164,2024-06-12,Switched Competitor,Slack,16
1833,17153,2023-05-27,Technical Issues,Slack,71
1834,12284,2025-02-20,High Pricing,Notion,14
1835,45051,2022-10-12,Low Usage,Asana,88
1836,466,2022-07-09,High Pricing,Notion,16
1837,12614,2022-04-14,High Pricing,Notion,40
1838,35580,2024-11-29,Low Usage,Asana,62
1839,29874,2022-10-11,Low Usage,ClickUp,119
1840,2388,2024-05-04,Missing Features,Slack,24
1841,18977,2022-12-12,Technical Issues,Asana,38
1842,40263,2025-01-23,Missing Features,Asana,29
1843,32306,2022-05-31,Missing Features,Notion,86
1844,43427,2024-10-06,Missing Features,Monday.com,61
1845,2008,2023-11-12,Poor Experience,ClickUp,48
1846,9469,2022-02-25,High Pricing,Asana,68
1847,10624,2024-08-30,High Pricing,Monday.com,83
1848,5700,2023-08-22,Poor Experience,Monday.com,61
1849,14725,2025-02-18,Missing Features,Asana,79
1850,3692,2025-04-01,Technical Issues,ClickUp,104
1851,43611,2024-11-16,Missing Features,Slack,17
1852,41354,2023-11-14,High Pricing,Slack,34
1853,32136,2023-05-28,Low Usage,Monday.com,33
1854,23703,2022-08-13,Low Usage,Monday.com,24
1855,20651,2022-03-02,Switched Competitor,Asana,50
1856,27809,2025-03-10,Missing Features,Notion,2
1857,25462,2022-05-05,High Pricing,Slack,42
1858,24585,2022-01-04,Missing Features,Asana,84
1859,1762,2023-06-10,Switched Competitor,Asana,50
1860,27335,2024-05-25,Missing Features,ClickUp,49
1861,8490,2024-01-03,Low Usage,Slack,4
1862,3804,2024-09-14,Technical Issues,Slack,17
1863,4459,2022-09-13,Technical Issues,Notion,84
1864,16996,2023-09-21,Missing Features,Slack,55
1865,19881,2024-03-06,Switched Competitor,Notion,96
1866,42245,2024-06-04,Poor Experience,Slack,96
1867,27409,2022-07-08,Technical Issues,ClickUp,68
1868,2465,2022-05-27,Switched Competitor,ClickUp,108
1869,46819,2022-09-24,Low Usage,Asana,24
1870,42767,2024-09-10,High Pricing,Notion,105
1871,8011,2022-04-24,Low Usage,Notion,56
1872,43025,2022-09-04,Switched Competitor,ClickUp,86
1873,19195,2023-03-03,Poor Experience,Asana,95
1874,35340,2025-01-02,Switched Competitor,ClickUp,33
1875,13281,2023-06-12,Missing Features,Notion,94
1876,45674,2024-11-13,Low Usage,Slack,28
1877,31859,2025-04-07,High Pricing,Asana,2
1878,41775,2025-02-06,Poor Experience,Notion,63
1879,40951,2023-08-31,Switched Competitor,ClickUp,60
1880,2178,2024-08-28,Switched Competitor,Monday.com,95
1881,30394,2023-12-23,Switched Competitor,Asana,98
1882,34224,2024-07-28,High Pricing,Monday.com,76
1883,4996,2024-09-21,Switched Competitor,Asana,78
1884,18462,2022-11-14,Switched Competitor,Slack,59
1885,38509,2024-02-06,Low Usage,Notion,26
1886,30024,2024-01-05,Low Usage,Asana,92
1887,21403,2025-01-21,Low Usage,Slack,58
1888,24474,2023-11-07,Technical Issues,Notion,8
1889,29487,2024-04-16,Missing Features,Asana,49
1890,7204,2022-01-27,Low Usage,Monday.com,98
1891,46467,2024-05-18,Poor Experience,Slack,24
1892,16669,2022-05-20,Technical Issues,ClickUp,57
1893,22837,2023-02-17,Missing Features,Slack,65
1894,33521,2023-08-22,Missing Features,ClickUp,1
1895,4261,2024-08-28,Poor Experience,Notion,17
1896,24514,2024-07-09,Poor Experience,Asana,96
1897,48502,2022-01-09,Poor Experience,Monday.com,72
1898,21265,2023-01-25,High Pricing,ClickUp,2
1899,29,2023-06-11,Low Usage,Asana,7
1900,38348,2022-04-19,Technical Issues,Notion,26
1901,48644,2022-03-01,Technical Issues,Monday.com,95
1902,1248,2022-03-20,Low Usage,ClickUp,59
1903,21555,2023-03-20,Switched Competitor,ClickUp,62
1904,24670,2023-08-05,Poor Experience,Slack,35
1905,32915,2023-01-16,High Pricing,Asana,77
1906,32381,2025-02-18,Switched Competitor,Slack,100
1907,39664,2024-07-30,Technical Issues,Notion,107
1908,8885,2024-03-29,Low Usage,Slack,42
1909,795,2025-01-30,Switched Competitor,Monday.com,14
1910,7276,2024-01-16,High Pricing,ClickUp,87
1911,43888,2024-01-24,Missing Features,Monday.com,23
1912,3739,2022-01-10,High Pricing,Slack,36
1913,1726,2024-02-10,Technical Issues,ClickUp,93
1914,1817,2024-11-29,Switched Competitor,Slack,79
1915,13483,2025-03-04,Switched Competitor,ClickUp,106
1916,41259,2024-05-29,Technical Issues,Asana,64
1917,43336,2024-06-06,Poor Experience,Monday.com,59
1918,14421,2022-03-24,Poor Experience,Slack,39
1919,21221,2025-04-01,Switched Competitor,Monday.com,59
1920,28119,2023-02-12,Technical Issues,Asana,18
1921,13327,2022-05-28,Switched Competitor,ClickUp,1
1922,3399,2024-08-24,Low Usage,Monday.com,3
1923,33327,2023-10-29,High Pricing,ClickUp,29
1924,1566,2022-11-08,Switched Competitor,Notion,2
1925,32415,2022-04-11,High Pricing,Asana,52
1926,5492,2023-11-23,Missing Features,ClickUp,55
1927,37796,2023-05-08,Low Usage,ClickUp,53
1928,15288,2022-07-24,Poor Experience,Notion,56
1929,20542,2024-07-18,Missing Features,Monday.com,85
1930,21956,2022-01-05,Switched Competitor,Slack,32
1931,29682,2024-06-23,Missing Features,Monday.com,50
1932,49142,2022-10-03,Missing Features,Monday.com,105
1933,17454,2024-09-26,Low Usage,Notion,59
1934,10509,2023-10-12,Poor Experience,ClickUp,56
1935,33289,2023-11-06,High Pricing,Asana,35
1936,9381,2022-05-20,Technical Issues,Slack,62
1937,33381,2022-06-17,High Pricing,ClickUp,39
1938,7073,2024-02-01,Poor Experience,Notion,33
1939,35334,2024-12-23,Technical Issues,Notion,101
1940,20499,2024-05-20,Poor Experience,Slack,37
1941,35276,2023-04-01,Missing Features,Notion,35
1942,47804,2024-06-15,Poor Experience,Asana,34
1943,11838,2023-12-15,Low Usage,ClickUp,108
1944,7354,2024-06-28,Switched Competitor,Notion,80
1945,37269,2022-05-20,Switched Competitor,Slack,21
1946,18866,2024-01-22,Technical Issues,Slack,85
1947,3515,2023-11-04,Technical Issues,Asana,95
1948,6702,2022-02-08,Missing Features,Slack,69
1949,1228,2023-04-23,Technical Issues,Notion,74
1950,35489,2023-10-19,Switched Competitor,Asana,1
1951,46607,2024-09-12,Poor Experience,ClickUp,34
1952,28262,2022-05-27,Missing Features,Notion,71
1953,10473,2025-01-30,Low Usage,Slack,91
1954,3365,2024-12-26,Technical Issues,Asana,19
1955,18175,2023-07-09,Low Usage,Asana,1
1956,39679,2022-09-07,Poor Experience,Monday.com,20
1957,28170,2023-08-08,Switched Competitor,Notion,92
1958,42308,2023-11-14,Poor Experience,Slack,37
1959,45017,2023-01-25,High Pricing,Monday.com,110
1960,28026,2022-05-28,Switched Competitor,Monday.com,100
1961,35718,2023-07-04,Low Usage,Asana,113
1962,43510,2025-01-11,Poor Experience,ClickUp,86
1963,46995,2023-02-01,Technical Issues,Slack,90
1964,17558,2022-04-30,Missing Features,Slack,60
1965,31853,2023-08-24,Technical Issues,Asana,21
1966,22557,2024-08-21,Technical Issues,ClickUp,4
1967,21382,2024-02-15,Switched Competitor,Notion,75
1968,25491,2023-04-10,Missing Features,Slack,66
1969,14690,2024-02-12,Technical Issues,Monday.com,83
1970,17689,2022-08-08,Low Usage,Monday.com,51
1971,10601,2022-09-22,High Pricing,Asana,33
1972,30979,2023-06-06,Low Usage,Slack,104
1973,20720,2024-04-07,Technical Issues,Notion,57
1974,23915,2023-11-05,Poor Experience,Slack,39
1975,47586,2022-10-14,Missing Features,Monday.com,2
1976,1955,2023-05-04,Poor Experience,ClickUp,111
1977,22004,2023-05-19,High Pricing,ClickUp,74
1978,5406,2022-11-20,Missing Features,Monday.com,64
1979,21907,2024-07-13,Missing Features,Monday.com,105
1980,20879,2022-05-28,High Pricing,Asana,19
1981,3061,2024-08-23,Low Usage,ClickUp,98
1982,363,2024-08-25,Technical Issues,Notion,84
1983,16362,2022-10-08,Switched Competitor,ClickUp,21
1984,26896,2022-08-27,Switched Competitor,ClickUp,68
1985,46071,2024-07-07,Missing Features,Asana,50
1986,38570,2024-11-26,Technical Issues,Monday.com,86
1987,49764,2023-07-31,Low Usage,Monday.com,99
1988,36782,2023-02-02,Switched Competitor,Monday.com,51
1989,17256,2024-10-18,Switched Competitor,Notion,34
1990,20141,2024-10-30,Switched Competitor,Slack,13
1991,30035,2024-09-28,Switched Competitor,ClickUp,3
1992,39300,2022-05-27,Switched Competitor,Notion,29
1993,17547,2024-04-25,Missing Features,Asana,70
1994,10304,2022-06-18,Poor Experience,ClickUp,95
1995,7145,2024-05-14,Technical Issues,Monday.com,41
1996,4753,2024-06-10,Switched Competitor,ClickUp,17
1997,2190,2024-10-15,Low Usage,Notion,10
1998,45447,2025-03-02,Technical Issues,Monday.com,79
1999,21556,2024-06-08,Switched Competitor,Notion,97
2000,30132,2022-08-23,Technical Issues,ClickUp,14
2001,10106,2025-02-02,Technical Issues,Monday.com,101
2002,34451,2024-12-17,Technical Issues,Monday.com,43
2003,29953,2023-04-27,High Pricing,Asana,76
2004,44642,2022-02-06,Low Usage,Monday.com,17
2005,23139,2024-11-05,Missing Features,Asana,120
2006,39424,2024-09-20,Low Usage,ClickUp,23
2007,17459,2022-04-02,Poor Experience,ClickUp,58
2008,34445,2022-05-01,Technical Issues,Asana,104
2009,10027,2022-11-24,Poor Experience,Slack,33
2010,36866,2023-12-10,Switched Competitor,Slack,72
2011,16003,2025-03-20,Poor Experience,Monday.com,114
2012,8661,2024-12-02,Missing Features,Notion,66
2013,41771,2025-03-08,Technical Issues,Notion,94
2014,3544,2022-10-07,Missing Features,Asana,7
2015,19679,2022-09-07,Switched Competitor,ClickUp,36
2016,41650,2024-08-23,High Pricing,Notion,67
2017,3443,2022-12-24,Technical Issues,Notion,28
2018,44795,2025-02-26,Switched Competitor,Notion,65
2019,48490,2024-07-05,Technical Issues,Monday.com,13
2020,35691,2022-01-19,Missing Features,Slack,82
2021,26291,2024-05-01,Switched Competitor,Monday.com,104
2022,43975,2023-07-13,Low Usage,Asana,7
2023,42340,2024-04-13,Poor Experience,Monday.com,27
2024,43712,2024-09-11,Technical Issues,Asana,88
2025,31891,2023-01-02,Missing Features,Notion,19
2026,27059,2022-01-27,Low Usage,Monday.com,49
2027,7130,2025-03-08,Missing Features,Notion,111
2028,16945,2023-03-10,Low Usage,Monday.com,68
2029,35514,2023-04-06,Low Usage,Asana,34
2030,48516,2022-02-13,Technical Issues,Asana,29
2031,9435,2025-03-05,Missing Features,ClickUp,39
2032,14675,2023-02-15,High Pricing,Notion,26
2033,28107,2024-07-30,High Pricing,ClickUp,6
2034,20636,2023-04-17,Technical Issues,Notion,42
2035,36813,2023-07-29,Technical Issues,ClickUp,52
2036,31764,2024-07-03,Low Usage,ClickUp,118
2037,8252,2024-05-27,Low Usage,Slack,75
2038,7620,2022-12-19,Switched Competitor,Slack,77
2039,30540,2022-12-16,Low Usage,Slack,91
2040,34377,2022-01-22,Technical Issues,Asana,57
2041,31916,2024-02-07,High Pricing,Slack,83
2042,26577,2025-04-06,Technical Issues,Slack,85
2043,28065,2022-10-20,Missing Features,Asana,24
2044,40410,2024-07-22,Low Usage,Monday.com,28
2045,499,2024-08-21,Poor Experience,ClickUp,114
2046,26745,2022-06-24,Poor Experience,ClickUp,79
2047,48446,2025-03-30,High Pricing,ClickUp,96
2048,22439,2022-08-20,High Pricing,Asana,81
2049,34143,2022-10-15,Poor Experience,Notion,84
2050,42195,2024-04-17,Technical Issues,Slack,66
2051,33407,2024-04-03,Switched Competitor,Asana,102
2052,25964,2022-04-06,Missing Features,ClickUp,43
2053,14922,2023-07-21,Low Usage,Monday.com,118
2054,20594,2022-07-17,Missing Features,ClickUp,20
2055,1686,2024-08-20,Poor Experience,Notion,47
2056,45944,2025-02-25,Low Usage,Monday.com,8
2057,47362,2024-06-30,Switched Competitor,Monday.com,48
2058,3643,2024-09-30,Low Usage,ClickUp,34
2059,41039,2022-05-10,Technical Issues,Slack,99
2060,42381,2022-04-28,Technical Issues,Asana,85
2061,18591,2024-07-30,Technical Issues,Notion,111
2062,44356,2024-04-27,Switched Competitor,Slack,11
2063,31327,2022-06-05,Low Usage,Slack,46
2064,34661,2022-04-12,Missing Features,Notion,51
2065,7066,2024-08-31,High Pricing,Monday.com,80
2066,28446,2023-03-31,Poor Experience,Monday.com,78
2067,45046,2022-01-15,High Pricing,Slack,62
2068,28940,2023-01-14,High Pricing,Slack,61
2069,4979,2022-01-06,Missing Features,Slack,83
2070,39371,2023-05-15,Missing Features,Notion,8
2071,132,2024-05-09,High Pricing,Notion,90
2072,30066,2025-03-08,Switched Competitor,ClickUp,95
2073,39284,2022-11-10,Missing Features,Notion,42
2074,724,2024-05-16,High Pricing,Monday.com,37
2075,41419,2022-06-30,Missing Features,Monday.com,18
2076,11447,2024-10-15,Low Usage,Notion,38
2077,38708,2024-05-05,Low Usage,Slack,42
2078,10943,2022-01-31,Missing Features,Monday.com,24
2079,18161,2023-10-25,High Pricing,Asana,38
2080,41080,2022-02-14,High Pricing,ClickUp,65
2081,5166,2023-12-23,Poor Experience,Asana,54
2082,45268,2023-12-28,High Pricing,Slack,38
2083,2503,2022-10-25,Technical Issues,Asana,104
2084,27479,2024-09-03,Low Usage,ClickUp,6
2085,21601,2024-05-31,Low Usage,Monday.com,15
2086,11586,2022-02-02,Switched Competitor,Asana,27
2087,37137,2025-01-02,Technical Issues,ClickUp,73
2088,26079,2022-09-26,High Pricing,ClickUp,2
2089,7306,2022-12-18,Low Usage,Monday.com,95
2090,22791,2024-02-02,High Pricing,Asana,29
2091,43605,2023-09-21,High Pricing,Monday.com,41
2092,36550,2025-02-13,Low Usage,Notion,62
2093,4418,2023-01-30,Switched Competitor,Monday.com,91
2094,43393,2023-02-18,Low Usage,Slack,47
2095,3514,2022-09-28,Low Usage,Asana,61
2096,48837,2024-10-08,Missing Features,Notion,59
2097,12899,2022-04-07,Technical Issues,Monday.com,86
2098,32517,2023-06-06,Switched Competitor,Notion,120
2099,1516,2024-10-29,Poor Experience,Notion,60
2100,19327,2025-03-08,Low Usage,ClickUp,65
2101,25590,2024-04-01,Missing Features,Monday.com,69
2102,46408,2023-06-18,Low Usage,Monday.com,72
2103,34653,2023-05-31,Poor Experience,Slack,83
2104,20236,2023-11-11,Low Usage,Monday.com,18
2105,10279,2025-03-31,Switched Competitor,Slack,14
2106,26414,2022-02-05,Switched Competitor,Asana,28
2107,33209,2023-03-30,Technical Issues,Asana,107
2108,49759,2022-05-30,Poor Experience,Monday.com,93
2109,12969,2023-02-06,Switched Competitor,ClickUp,91
2110,37780,2022-09-30,Poor Experience,Notion,105
2111,2256,2024-10-25,Poor Experience,Monday.com,22
2112,3317,2022-01-14,Missing Features,Slack,3
2113,7036,2024-08-27,Low Usage,Monday.com,92
2114,17870,2025-01-16,Technical Issues,Asana,33
2115,32465,2025-02-24,High Pricing,Asana,89
2116,47592,2024-06-11,Low Usage,Notion,22
2117,30827,2023-05-15,Technical Issues,ClickUp,118
2118,26475,2025-01-17,Missing Features,Asana,61
2119,44874,2023-11-19,Poor Experience,Asana,51
2120,9596,2024-08-21,Switched Competitor,ClickUp,40
2121,8921,2025-04-08,Poor Experience,Slack,18
2122,17104,2024-12-03,High Pricing,Asana,3
2123,9353,2023-01-03,Technical Issues,Notion,65
2124,1850,2023-02-04,Low Usage,ClickUp,49
2125,17266,2025-01-31,Technical Issues,Asana,76
2126,18566,2022-11-18,High Pricing,Monday.com,53
2127,25824,2022-11-23,Switched Competitor,Slack,83
2128,31907,2023-10-15,Missing Features,Monday.com,69
2129,453,2025-04-01,Poor Experience,Asana,19
2130,26969,2022-04-11,Missing Features,ClickUp,17
2131,12270,2022-11-12,Switched Competitor,Monday.com,115
2132,42150,2024-12-04,Missing Features,Notion,73
2133,11236,2024-05-16,High Pricing,Monday.com,62
2134,12154,2022-01-02,Switched Competitor,Asana,107
2135,38368,2022-04-30,High Pricing,Asana,102
2136,26648,2023-06-26,High Pricing,Monday.com,2
2137,7585,2024-11-06,Poor Experience,Notion,38
2138,44900,2025-03-11,Low Usage,ClickUp,45
2139,28326,2024-05-23,Technical Issues,Notion,117
2140,15800,2023-03-21,Low Usage,Asana,4
2141,22303,2023-04-08,Technical Issues,Asana,89
2142,36028,2023-06-03,Low Usage,Slack,114
2143,36323,2024-03-17,Missing Features,Notion,56
2144,10112,2022-10-04,Low Usage,Monday.com,99
2145,20358,2023-06-17,Technical Issues,Notion,40
2146,31138,2024-08-14,Switched Competitor,Asana,80
2147,6934,2024-11-21,Poor Experience,Notion,119
2148,36962,2024-11-13,Poor Experience,Asana,66
2149,15335,2022-06-18,High Pricing,Notion,111
2150,41142,2024-03-23,Technical Issues,Monday.com,3
2151,42798,2022-05-29,Low Usage,Slack,116
2152,20324,2023-12-29,Technical Issues,ClickUp,58
2153,42471,2025-01-01,Missing Features,ClickUp,113
2154,47592,2024-06-25,Switched Competitor,Asana,94
2155,16348,2022-08-29,Low Usage,Monday.com,73
2156,41392,2023-01-07,Switched Competitor,Slack,108
2157,2601,2024-07-23,High Pricing,Asana,90
2158,48215,2022-12-15,Switched Competitor,Slack,103
2159,12479,2022-11-21,Switched Competitor,Notion,21
2160,10193,2024-09-20,Switched Competitor,ClickUp,48
2161,9188,2025-03-10,Technical Issues,Slack,89
2162,18051,2023-03-10,Switched Competitor,Slack,23
2163,26229,2022-03-26,Technical Issues,Monday.com,33
2164,35561,2022-08-07,Poor Experience,Asana,11
2165,17964,2024-08-18,Low Usage,Slack,86
2166,26817,2023-06-15,Low Usage,Notion,72
2167,16997,2024-10-09,Low Usage,ClickUp,4
2168,19157,2023-05-06,Switched Competitor,Slack,68
2169,14484,2023-10-23,Low Usage,Slack,26
2170,839,2025-01-17,High Pricing,Notion,56
2171,19398,2023-04-25,Technical Issues,Asana,47
2172,45330,2023-12-24,Switched Competitor,Monday.com,95
2173,48711,2023-10-04,Poor Experience,Notion,63
2174,35062,2024-09-11,High Pricing,ClickUp,80
2175,8347,2022-04-23,Low Usage,Asana,85
2176,33832,2022-04-29,Technical Issues,ClickUp,41
2177,12698,2023-01-11,Technical Issues,Slack,119
2178,35110,2023-01-09,Missing Features,Slack,106
2179,8309,2023-01-26,Switched Competitor,Slack,12
2180,41711,2023-03-09,High Pricing,Asana,108
2181,31678,2022-08-07,Low Usage,Monday.com,1
2182,30179,2024-12-09,Switched Competitor,ClickUp,19
2183,961,2022-06-16,Switched Competitor,ClickUp,74
2184,48500,2023-06-15,Technical Issues,Slack,15
2185,33798,2023-08-18,Technical Issues,ClickUp,72
2186,45556,2023-08-05,Switched Competitor,Monday.com,106
2187,343,2024-08-24,High Pricing,Slack,62
2188,49428,2024-12-19,Switched Competitor,Slack,1
2189,3727,2024-06-23,Poor Experience,Monday.com,13
2190,29955,2022-02-07,Missing Features,Monday.com,79
2191,45139,2022-11-23,Poor Experience,Asana,55
2192,42813,2023-08-19,Missing Features,Slack,120
2193,2540,2022-01-29,High Pricing,Asana,62
2194,47310,2022-09-05,Poor Experience,Slack,110
2195,49471,2024-01-10,Missing Features,Asana,107
2196,30320,2023-01-29,High Pricing,Asana,90
2197,7777,2024-02-04,Poor Experience,Monday.com,67
2198,8548,2023-12-16,Low Usage,Asana,74
2199,41572,2024-08-28,High Pricing,Notion,15
2200,2295,2023-07-18,Poor Experience,ClickUp,44
2201,17778,2022-01-31,Low Usage,Notion,81
2202,44923,2024-12-22,Technical Issues,Monday.com,28
2203,26415,2022-02-07,Technical Issues,ClickUp,24
2204,27933,2024-07-23,Technical Issues,Asana,82
2205,12782,2022-01-20,High Pricing,Asana,64
2206,2578,2022-05-30,Low Usage,Monday.com,112
2207,45558,2024-07-25,Switched Competitor,Slack,11
2208,32724,2022-09-12,Poor Experience,Slack,46
2209,49597,2022-10-17,Switched Competitor,Monday.com,55
2210,1994,2024-10-10,Switched Competitor,Slack,72
2211,38596,2022-10-12,Poor Experience,Slack,2
2212,27734,2022-11-10,High Pricing,Notion,48
2213,38736,2023-02-25,Low Usage,ClickUp,27
2214,6659,2023-11-10,High Pricing,Slack,36
2215,8433,2024-11-25,Switched Competitor,Asana,97
2216,15626,2023-03-04,Poor Experience,ClickUp,22
2217,36220,2024-07-31,Missing Features,Slack,74
2218,30872,2022-12-26,Switched Competitor,ClickUp,67
2219,22308,2023-03-11,Technical Issues,Notion,96
2220,45852,2023-09-11,Low Usage,ClickUp,71
2221,21625,2022-04-19,Technical Issues,Notion,29
2222,28861,2022-03-07,Switched Competitor,Slack,51
2223,764,2022-02-11,Missing Features,ClickUp,17
2224,39398,2022-06-23,Missing Features,Slack,57
2225,3552,2022-10-23,Low Usage,Slack,72
2226,40757,2023-10-26,Switched Competitor,ClickUp,77
2227,31861,2022-12-03,Missing Features,Slack,111
2228,5441,2025-03-08,Low Usage,Asana,40
2229,28936,2024-08-11,Poor Experience,Monday.com,64
2230,36867,2023-10-23,Missing Features,Asana,54
2231,10228,2023-03-07,Technical Issues,Notion,23
2232,3868,2025-03-01,Low Usage,ClickUp,84
2233,48738,2022-10-06,Poor Experience,Notion,99
2234,27270,2025-03-27,High Pricing,Asana,38
2235,36131,2024-06-29,Switched Competitor,Asana,50
2236,12572,2024-07-27,Poor Experience,ClickUp,2
2237,24123,2022-03-06,Missing Features,Asana,39
2238,32658,2022-02-07,Low Usage,Asana,83
2239,1231,2022-11-06,High Pricing,ClickUp,61
2240,18402,2022-06-12,Switched Competitor,Notion,115
2241,28651,2024-09-30,Poor Experience,Monday.com,15
2242,17320,2023-07-22,Technical Issues,Asana,23
2243,22926,2022-02-05,Switched Competitor,Asana,51
2244,40987,2024-01-24,Technical Issues,Slack,120
2245,1928,2022-08-09,Missing Features,ClickUp,94
2246,23703,2023-11-02,High Pricing,Asana,76
2247,36498,2024-05-11,Poor Experience,Slack,22
2248,18903,2023-09-14,Switched Competitor,Monday.com,97
2249,1161,2023-08-16,Poor Experience,Notion,48
2250,36781,2024-02-08,Low Usage,Notion,44
2251,39603,2022-08-29,Technical Issues,Monday.com,93
2252,29862,2022-05-24,Low Usage,Asana,39
2253,44297,2023-12-13,High Pricing,ClickUp,54
2254,34566,2024-08-27,Missing Features,ClickUp,67
2255,30798,2023-08-01,High Pricing,ClickUp,13
2256,33572,2022-11-14,Low Usage,Slack,85
2257,27803,2023-11-04,Technical Issues,Slack,79
2258,42341,2023-06-14,High Pricing,ClickUp,72
2259,1537,2024-06-18,Missing Features,Notion,28
2260,16918,2024-11-18,Low Usage,Slack,77
2261,34666,2023-10-17,Missing Features,ClickUp,112
2262,32493,2023-02-24,Technical Issues,Notion,29
2263,47038,2024-08-25,High Pricing,ClickUp,55
2264,1813,2023-11-08,Low Usage,Slack,11
2265,18937,2022-09-12,High Pricing,Monday.com,67
2266,44660,2024-08-03,Technical Issues,Notion,105
2267,7153,2022-03-13,Poor Experience,Notion,94
2268,9721,2022-11-09,Technical Issues,ClickUp,77
2269,47815,2023-01-12,High Pricing,ClickUp,119
2270,38622,2023-10-04,Technical Issues,ClickUp,81
2271,14676,2024-03-08,Missing Features,Monday.com,96
2272,27434,2024-06-10,High Pricing,Monday.com,85
2273,46810,2023-11-07,High Pricing,ClickUp,83
2274,4899,2024-02-03,Switched Competitor,Slack,71
2275,23120,2023-06-15,High Pricing,Asana,89
2276,6435,2023-11-02,Low Usage,ClickUp,91
2277,48589,2024-05-04,Technical Issues,Notion,97
2278,23474,2023-03-19,Technical Issues,Slack,86
2279,28673,2024-07-05,Switched Competitor,Monday.com,107
2280,36232,2024-01-17,Switched Competitor,Asana,74
2281,23445,2022-10-03,Poor Experience,Notion,120
2282,9774,2024-09-05,Switched Competitor,Monday.com,62
2283,31102,2023-09-12,Missing Features,Notion,53
2284,47038,2022-11-29,Technical Issues,Asana,6
2285,35666,2023-01-30,Poor Experience,Slack,35
2286,42174,2022-07-12,Switched Competitor,ClickUp,84
2287,19968,2023-02-16,Switched Competitor,Monday.com,71
2288,5745,2024-04-22,Switched Competitor,ClickUp,63
2289,40121,2023-08-12,Low Usage,Monday.com,31
2290,4735,2022-09-18,Poor Experience,Notion,40
2291,19935,2023-04-03,Technical Issues,ClickUp,78
2292,43008,2022-01-16,Low Usage,ClickUp,103
2293,2961,2023-08-01,Technical Issues,ClickUp,79
2294,127,2022-06-11,Poor Experience,ClickUp,88
2295,38202,2024-09-30,Technical Issues,Slack,34
2296,43604,2023-01-29,Switched Competitor,Asana,99
2297,26200,2023-05-29,Missing Features,ClickUp,61
2298,7487,2023-06-04,Low Usage,Asana,117
2299,11534,2025-03-16,Low Usage,Slack,53
2300,44555,2022-02-05,Poor Experience,Slack,7
2301,19632,2023-08-26,Technical Issues,ClickUp,54
2302,20164,2024-10-01,High Pricing,Asana,88
2303,43910,2023-01-20,Missing Features,Asana,92
2304,37818,2022-04-12,Technical Issues,ClickUp,77
2305,37733,2022-04-22,Low Usage,Asana,12
2306,38882,2023-10-17,High Pricing,Asana,30
2307,9254,2023-10-17,Missing Features,Monday.com,77
2308,3524,2025-02-06,Missing Features,Monday.com,110
2309,27574,2022-02-06,Technical Issues,Asana,24
2310,22913,2023-05-24,Missing Features,Notion,23
2311,47203,2024-07-11,Missing Features,ClickUp,25
2312,39828,2023-07-28,Missing Features,Slack,4
2313,3037,2023-02-12,High Pricing,ClickUp,78
2314,40442,2023-06-09,Switched Competitor,ClickUp,109
2315,15777,2022-02-22,Missing Features,Asana,99
2316,43555,2023-06-09,Low Usage,Notion,107
2317,42956,2024-08-27,Missing Features,Slack,96
2318,4466,2025-04-02,Technical Issues,Monday.com,81
2319,47115,2022-02-06,Missing Features,Asana,17
2320,11134,2023-12-07,Poor Experience,Monday.com,17
2321,5613,2024-12-31,High Pricing,ClickUp,35
2322,26856,2022-01-16,High Pricing,Monday.com,69
2323,25137,2022-10-10,High Pricing,Asana,72
2324,23632,2023-11-01,Switched Competitor,Notion,9
2325,44315,2022-10-29,Missing Features,Asana,104
2326,30267,2024-08-28,Technical Issues,Slack,7
2327,47957,2024-05-27,Technical Issues,ClickUp,8
2328,24465,2022-11-15,Poor Experience,Slack,7
2329,40950,2023-08-30,Low Usage,Notion,13
2330,37107,2022-03-05,High Pricing,Notion,107
2331,44890,2023-08-18,Low Usage,ClickUp,72
2332,38893,2023-08-20,Low Usage,Notion,60
2333,32960,2023-12-19,Poor Experience,Notion,104
2334,13903,2023-04-28,High Pricing,Notion,26
2335,28440,2022-05-08,Switched Competitor,Slack,55
2336,9366,2023-07-10,Technical Issues,ClickUp,63
2337,46691,2024-06-18,Poor Experience,Monday.com,83
2338,17498,2022-08-16,Missing Features,Asana,108
2339,48550,2024-11-16,Missing Features,Notion,106
2340,28401,2022-02-03,Technical Issues,ClickUp,73
2341,18579,2024-09-08,High Pricing,ClickUp,73
2342,38628,2022-08-21,Technical Issues,Monday.com,45
2343,36370,2022-10-17,Switched Competitor,ClickUp,118
2344,31524,2022-08-25,Switched Competitor,Monday.com,42
2345,10157,2024-07-02,Low Usage,Notion,98
2346,4772,2022-01-10,Low Usage,Slack,34
2347,13117,2022-12-29,Switched Competitor,ClickUp,93
2348,48829,2023-05-12,Switched Competitor,Notion,64
2349,5976,2022-06-13,Poor Experience,Monday.com,112
2350,44982,2024-03-06,Missing Features,Slack,12
2351,18730,2025-04-06,Switched Competitor,Notion,97
2352,14711,2024-08-12,High Pricing,Asana,8
2353,5205,2022-05-27,Missing Features,Notion,51
2354,8368,2022-02-26,Switched Competitor,Asana,15
2355,1527,2022-07-27,Low Usage,Slack,117
2356,13802,2023-06-05,Switched Competitor,Notion,46
2357,43983,2023-05-19,High Pricing,Asana,110
2358,8013,2023-09-21,Poor Experience,Monday.com,69
2359,41500,2025-01-06,High Pricing,Asana,100
2360,29071,2023-04-11,High Pricing,Asana,71
2361,41788,2022-02-10,Switched Competitor,Asana,70
2362,48504,2022-09-05,High Pricing,Asana,80
2363,21811,2022-04-05,Poor Experience,Slack,104
2364,29684,2023-07-23,High Pricing,Asana,62
2365,6545,2023-08-17,Technical Issues,Monday.com,10
2366,17601,2023-05-07,Missing Features,Slack,9
2367,2536,2024-05-28,High Pricing,Slack,92
2368,24181,2023-06-12,Switched Competitor,Slack,54
2369,38695,2022-08-29,High Pricing,Slack,44
2370,26382,2025-04-06,Switched Competitor,ClickUp,22
2371,31475,2025-03-07,High Pricing,Slack,12
2372,35946,2023-08-18,High Pricing,Notion,40
2373,9133,2023-12-26,Switched Competitor,Notion,19
2374,24545,2024-09-26,Switched Competitor,ClickUp,111
2375,45556,2024-06-03,Missing Features,Monday.com,55
2376,47757,2024-08-22,Missing Features,Notion,32
2377,13840,2023-09-19,Technical Issues,Asana,84
2378,40456,2022-05-25,Missing Features,ClickUp,61
2379,30919,2023-12-02,Technical Issues,Notion,1
2380,48960,2022-03-05,Poor Experience,Notion,67
2381,8815,2025-01-03,Low Usage,Slack,31
2382,31642,2024-08-02,Switched Competitor,ClickUp,16
2383,4064,2022-03-04,High Pricing,Slack,23
2384,1366,2023-01-06,Missing Features,Monday.com,6
2385,7140,2024-07-21,Missing Features,ClickUp,29
2386,45874,2022-09-16,Technical Issues,ClickUp,69
2387,37301,2023-05-19,Technical Issues,ClickUp,96
2388,34290,2024-04-27,Low Usage,Asana,56
2389,17478,2022-04-12,Switched Competitor,Slack,12
2390,30270,2024-12-07,Low Usage,Asana,111
2391,31005,2024-10-29,Missing Features,Monday.com,108
2392,2461,2023-09-14,Switched Competitor,Asana,82
2393,17111,2022-11-17,Poor Experience,ClickUp,34
2394,25918,2022-09-12,High Pricing,Monday.com,104
2395,15157,2024-03-20,Missing Features,Notion,40
2396,48620,2023-10-10,High Pricing,Slack,12
2397,22230,2024-03-26,Low Usage,Monday.com,86
2398,10339,2025-01-22,Poor Experience,Notion,67
2399,6629,2025-03-13,Missing Features,ClickUp,75
2400,8737,2023-12-11,Missing Features,ClickUp,7
2401,4950,2024-01-23,Missing Features,Notion,12
2402,45234,2023-04-08,Low Usage,ClickUp,32
2403,32735,2023-11-27,Technical Issues,Monday.com,11
2404,36168,2023-05-18,Switched Competitor,Monday.com,39
2405,23942,2023-08-27,Low Usage,Notion,103
2406,48181,2023-11-14,High Pricing,Slack,7
2407,41166,2024-04-18,Technical Issues,Slack,33
2408,225,2022-05-31,Switched Competitor,ClickUp,57
2409,29266,2024-08-08,High Pricing,Notion,51
2410,22112,2022-12-18,Missing Features,Monday.com,77
2411,42929,2022-01-28,Missing Features,Notion,111
2412,17641,2024-10-30,Switched Competitor,Asana,95
2413,15256,2024-09-21,High Pricing,Slack,104
2414,12975,2022-01-05,High Pricing,Slack,75
2415,22259,2022-09-12,High Pricing,ClickUp,42
2416,35194,2022-08-02,Technical Issues,Slack,15
2417,27520,2022-05-28,Technical Issues,Notion,17
2418,14382,2024-05-14,Switched Competitor,Notion,49
2419,5722,2023-10-20,Missing Features,Asana,94
2420,7144,2022-04-09,High Pricing,Notion,30
2421,16030,2023-11-07,Missing Features,Monday.com,21
2422,28242,2024-05-20,High Pricing,Asana,72
2423,25116,2022-08-06,Switched Competitor,Notion,81
2424,32387,2024-03-15,Low Usage,Slack,32
2425,26063,2022-03-22,Poor Experience,Monday.com,63
2426,22342,2025-04-13,Low Usage,Notion,3
2427,25367,2023-04-24,High Pricing,Slack,26
2428,33143,2022-04-22,Technical Issues,ClickUp,79
2429,28738,2024-12-31,High Pricing,Monday.com,77
2430,21302,2024-11-12,High Pricing,ClickUp,12
2431,49919,2023-08-26,High Pricing,Monday.com,112
2432,49741,2022-03-25,High Pricing,Notion,19
2433,16195,2025-03-03,Missing Features,Monday.com,37
2434,49363,2025-03-31,Missing Features,Notion,102
2435,7535,2022-03-28,Switched Competitor,Slack,109
2436,44229,2025-02-25,Technical Issues,Asana,28
2437,38001,2023-03-27,Missing Features,Notion,86
2438,7948,2022-12-22,Low Usage,Asana,83
2439,31779,2024-08-31,Technical Issues,Asana,63
2440,29776,2024-09-18,Low Usage,Asana,48
2441,26942,2024-01-12,High Pricing,Asana,53
2442,26546,2023-01-30,Low Usage,Monday.com,63
2443,10358,2022-10-21,Technical Issues,Asana,69
2444,43934,2022-07-18,Low Usage,Slack,13
2445,8372,2023-01-21,Switched Competitor,Asana,118
2446,39499,2024-01-24,Technical Issues,ClickUp,55
2447,21074,2023-11-06,High Pricing,Slack,26
2448,30078,2022-08-07,Poor Experience,Slack,41
2449,31309,2023-01-03,Missing Features,Monday.com,71
2450,40880,2024-10-03,Missing Features,Asana,23
2451,44848,2024-12-11,Poor Experience,Notion,40
2452,709,2022-01-18,High Pricing,Monday.com,16
2453,42351,2025-02-19,High Pricing,Notion,40
2454,15458,2024-02-24,Technical Issues,Monday.com,61
2455,38344,2022-03-12,Poor Experience,Notion,33
2456,26020,2023-04-15,Missing Features,ClickUp,93
2457,27715,2022-09-02,Low Usage,Monday.com,68
2458,23510,2023-02-05,Technical Issues,Monday.com,44
2459,48455,2023-06-20,Poor Experience,Notion,100
2460,26823,2024-11-15,High Pricing,ClickUp,44
2461,39048,2023-03-02,High Pricing,Slack,33
2462,17152,2022-11-14,Switched Competitor,Monday.com,30
2463,15994,2025-02-12,Poor Experience,ClickUp,109
2464,8930,2024-08-25,High Pricing,Slack,38
2465,14834,2024-01-29,Switched Competitor,ClickUp,98
2466,24664,2023-08-11,Missing Features,Monday.com,77
2467,18537,2024-02-12,Switched Competitor,Monday.com,107
2468,28367,2024-05-12,Poor Experience,Monday.com,80
2469,15834,2022-10-26,High Pricing,Monday.com,1
2470,43592,2023-01-20,Switched Competitor,Asana,113
2471,2234,2022-04-20,Switched Competitor,Slack,23
2472,42932,2024-09-04,Low Usage,ClickUp,47
2473,49088,2023-09-07,Technical Issues,Notion,40
2474,34658,2025-01-03,Technical Issues,Monday.com,58
2475,30030,2022-02-05,Low Usage,Monday.com,102
2476,1713,2023-08-13,Low Usage,ClickUp,3
2477,42565,2023-12-24,High Pricing,Monday.com,69
2478,11676,2025-04-14,Low Usage,Notion,90
2479,16163,2024-10-29,High Pricing,ClickUp,76
2480,7362,2024-01-02,Low Usage,ClickUp,62
2481,48636,2024-02-14,High Pricing,Monday.com,97
2482,6832,2023-03-22,Missing Features,Slack,101
2483,20653,2024-08-31,Missing Features,Asana,8
2484,45242,2024-03-08,Poor Experience,Asana,66
2485,40726,2022-02-24,Missing Features,Asana,11
2486,42768,2024-04-19,Poor Experience,ClickUp,98
2487,7146,2025-03-28,Missing Features,ClickUp,112
2488,42387,2022-09-11,High Pricing,ClickUp,1
2489,35065,2023-03-17,Switched Competitor,ClickUp,87
2490,5360,2022-02-17,Switched Competitor,Notion,97
2491,21754,2022-08-02,Low Usage,ClickUp,71
2492,43778,2024-07-06,Missing Features,Notion,34
2493,8561,2023-11-05,Technical Issues,Notion,89
2494,34602,2024-11-01,Poor Experience,ClickUp,44
2495,41654,2022-10-27,High Pricing,Monday.com,104
2496,35953,2024-09-02,High Pricing,Notion,57
2497,33358,2023-06-29,Technical Issues,ClickUp,42
2498,15229,2022-12-26,Low Usage,Asana,49
2499,26226,2023-04-19,Low Usage,Monday.com,23
2500,37713,2023-05-24,Low Usage,Notion,29
2501,6147,2022-09-03,Switched Competitor,Slack,78
2502,4538,2022-03-13,Low Usage,Monday.com,34
2503,19160,2023-03-28,Low Usage,Slack,18
2504,8076,2024-04-03,High Pricing,Notion,78
2505,25726,2022-02-04,Low Usage,Slack,71
2506,16715,2024-03-25,Technical Issues,Notion,94
2507,2694,2023-01-20,Technical Issues,Monday.com,27
2508,44383,2023-07-16,Missing Features,Monday.com,32
2509,22510,2025-02-18,Technical Issues,Monday.com,120
2510,44378,2024-07-21,Missing Features,Monday.com,110
2511,23683,2024-06-21,Poor Experience,Monday.com,50
2512,4695,2024-08-13,Low Usage,Slack,120
2513,12150,2023-10-20,Low Usage,Asana,59
2514,7085,2022-12-01,Switched Competitor,ClickUp,105
2515,13324,2023-03-21,Poor Experience,ClickUp,120
2516,25695,2023-07-17,High Pricing,ClickUp,98
2517,17237,2023-12-20,High Pricing,ClickUp,73
2518,33457,2023-10-03,Low Usage,Slack,43
2519,36603,2024-05-11,High Pricing,Notion,54
2520,21151,2025-02-03,Technical Issues,ClickUp,36
2521,33499,2023-03-09,Low Usage,ClickUp,78
2522,38137,2022-04-13,Low Usage,ClickUp,16
2523,49733,2022-10-27,Technical Issues,Slack,71
2524,25119,2023-03-13,Poor Experience,Asana,17
2525,6105,2022-09-29,Technical Issues,Monday.com,64
2526,47795,2022-06-07,Poor Experience,Slack,94
2527,27888,2023-03-12,Technical Issues,Monday.com,56
2528,12744,2022-11-05,Low Usage,ClickUp,86
2529,9881,2022-06-15,Poor Experience,Monday.com,37
2530,26032,2023-04-09,Missing Features,Asana,40
2531,8548,2024-10-04,Poor Experience,Asana,75
2532,31673,2024-02-21,Technical Issues,ClickUp,9
2533,23600,2023-08-15,Low Usage,ClickUp,17
2534,26914,2022-01-19,High Pricing,Monday.com,119
2535,5022,2025-02-18,Missing Features,Slack,79
2536,18134,2023-05-15,Switched Competitor,ClickUp,88
2537,25186,2023-02-12,Switched Competitor,ClickUp,106
2538,9937,2023-05-26,Poor Experience,Asana,36
2539,46185,2025-02-09,Technical Issues,Slack,110
2540,36416,2024-04-30,Switched Competitor,ClickUp,9
2541,15306,2022-03-15,Technical Issues,ClickUp,41
2542,5392,2022-04-14,Missing Features,Notion,16
2543,9055,2024-10-24,Low Usage,Asana,36
2544,41152,2023-05-13,High Pricing,Slack,8
2545,4413,2022-01-23,Poor Experience,Monday.com,73
2546,43444,2024-02-14,Technical Issues,Slack,25
2547,24300,2023-07-01,High Pricing,Monday.com,74
2548,25286,2023-09-24,Switched Competitor,Slack,28
2549,37116,2023-01-01,Poor Experience,Asana,1
2550,941,2023-05-24,Missing Features,Slack,57
2551,19353,2023-07-25,Missing Features,ClickUp,60
2552,32230,2023-12-06,Technical Issues,Asana,26
2553,22661,2022-07-10,Missing Features,Notion,12
2554,37480,2024-04-09,Low Usage,Notion,91
2555,43905,2022-09-27,Missing Features,Notion,112
2556,2546,2023-12-26,Low Usage,Monday.com,59
2557,42743,2024-05-16,High Pricing,Monday.com,107
2558,35880,2023-04-21,Switched Competitor,Monday.com,25
2559,13856,2025-03-04,Switched Competitor,Slack,94
2560,10157,2022-03-05,Missing Features,Monday.com,11
2561,20804,2022-09-21,Poor Experience,Notion,71
2562,3946,2023-01-18,Switched Competitor,Monday.com,7
2563,49362,2022-08-13,Switched Competitor,Slack,23
2564,13481,2023-03-11,Technical Issues,Asana,81
2565,5709,2024-09-11,Switched Competitor,ClickUp,110
2566,39576,2023-12-22,Switched Competitor,Asana,49
2567,16804,2023-12-18,Poor Experience,Slack,53
2568,20867,2023-02-24,Technical Issues,Monday.com,92
2569,7796,2022-05-02,Switched Competitor,Asana,29
2570,9983,2024-06-09,High Pricing,Slack,72
2571,45774,2022-01-23,Missing Features,Notion,41
2572,15873,2022-05-30,Switched Competitor,Slack,69
2573,19478,2024-01-27,Technical Issues,Asana,86
2574,11254,2024-12-17,Technical Issues,Asana,118
2575,41482,2024-04-29,Missing Features,Slack,106
2576,35746,2022-12-31,High Pricing,Notion,99
2577,39922,2024-08-10,Technical Issues,Notion,71
2578,49689,2025-03-18,Switched Competitor,Asana,107
2579,30230,2023-01-08,Low Usage,Asana,10
2580,26087,2024-06-15,Poor Experience,ClickUp,70
2581,26364,2025-04-10,Poor Experience,ClickUp,23
2582,44721,2024-07-29,Technical Issues,Asana,25
2583,21750,2022-09-19,Low Usage,Monday.com,21
2584,5973,2023-07-04,Switched Competitor,Asana,28
2585,19176,2022-05-06,Technical Issues,Monday.com,6
2586,1487,2023-07-14,Switched Competitor,Notion,40
2587,27753,2022-04-19,Missing Features,Monday.com,106
2588,9708,2024-09-25,Technical Issues,Slack,33
2589,33006,2022-08-27,Switched Competitor,Monday.com,97
2590,31600,2024-05-03,High Pricing,Slack,47
2591,22775,2024-05-29,Missing Features,Asana,32
2592,44172,2022-01-10,Low Usage,Slack,22
2593,37444,2025-01-05,Low Usage,Slack,20
2594,35631,2023-01-23,High Pricing,Asana,93
2595,5325,2024-04-27,Poor Experience,ClickUp,3
2596,19451,2024-06-11,Technical Issues,ClickUp,114
2597,44640,2022-02-19,Poor Experience,Asana,86
2598,46665,2022-04-19,Technical Issues,ClickUp,91
2599,23376,2023-02-18,Poor Experience,Monday.com,115
2600,21619,2023-03-20,High Pricing,ClickUp,119
2601,396,2024-03-13,Poor Experience,Notion,81
2602,1575,2022-01-03,Technical Issues,ClickUp,99
2603,36542,2023-11-24,Missing Features,ClickUp,25
2604,21874,2024-01-24,Technical Issues,ClickUp,29
2605,28628,2024-02-14,Technical Issues,Asana,94
2606,42613,2022-02-13,Switched Competitor,Asana,49
2607,41188,2024-09-24,Poor Experience,ClickUp,95
2608,28990,2022-12-24,Technical Issues,ClickUp,100
2609,32882,2022-07-24,Switched Competitor,Notion,118
2610,19674,2023-07-12,Low Usage,ClickUp,58
2611,36842,2022-10-03,Low Usage,Asana,55
2612,25256,2024-05-02,Technical Issues,Monday.com,104
2613,6126,2023-07-02,Switched Competitor,Slack,105
2614,7506,2023-08-07,Technical Issues,Monday.com,5
2615,9022,2024-05-15,Technical Issues,Notion,107
2616,12112,2022-01-20,High Pricing,Monday.com,52
2617,44997,2022-10-25,Poor Experience,Notion,1
2618,23339,2023-06-15,Missing Features,Slack,112
2619,17011,2024-05-21,Low Usage,Asana,89
2620,42185,2023-03-17,High Pricing,Notion,8
2621,30972,2023-02-11,Switched Competitor,ClickUp,84
2622,33607,2022-01-25,High Pricing,ClickUp,99
2623,39434,2025-03-30,High Pricing,Asana,3
2624,4778,2025-03-21,High Pricing,Notion,81
2625,23341,2023-03-14,Poor Experience,ClickUp,87
2626,2213,2023-07-01,Poor Experience,Asana,90
2627,6274,2022-09-15,Poor Experience,Asana,85
2628,8510,2025-04-14,Missing Features,Slack,98
2629,35060,2023-05-11,Low Usage,Monday.com,117
2630,27948,2024-06-24,Missing Features,Notion,69
2631,30250,2023-07-26,Missing Features,Asana,93
2632,33230,2022-12-21,High Pricing,Monday.com,4
2633,9557,2023-06-28,Switched Competitor,Slack,83
2634,10755,2022-12-28,Switched Competitor,Asana,30
2635,38426,2022-10-19,Low Usage,Monday.com,56
2636,24483,2024-09-04,High Pricing,ClickUp,100
2637,43569,2024-06-15,Poor Experience,Slack,70
2638,9306,2022-06-12,Missing Features,Asana,2
2639,33577,2022-01-04,High Pricing,Slack,33
2640,32997,2024-06-23,Technical Issues,Slack,41
2641,1083,2023-11-27,Poor Experience,Asana,112
2642,39195,2024-10-10,Technical Issues,Monday.com,91
2643,2458,2024-07-19,Switched Competitor,Slack,16
2644,9284,2022-11-29,Poor Experience,Asana,43
2645,36476,2022-07-04,High Pricing,ClickUp,84
2646,36084,2023-04-29,Technical Issues,Asana,104
2647,24986,2022-10-15,Switched Competitor,Notion,95
2648,18292,2022-11-16,Poor Experience,Asana,37
2649,26507,2025-01-07,High Pricing,ClickUp,90
2650,41112,2025-01-11,Switched Competitor,Asana,50
2651,38577,2024-12-27,Low Usage,Monday.com,105
2652,28078,2025-04-03,Switched Competitor,Notion,33
2653,48893,2023-12-18,Technical Issues,Notion,120
2654,31612,2022-10-02,Switched Competitor,Asana,6
2655,7525,2023-06-20,High Pricing,Asana,106
2656,49035,2024-11-28,Poor Experience,Asana,96
2657,27981,2022-10-23,Low Usage,Slack,55
2658,13091,2023-03-27,Low Usage,Slack,50
2659,25858,2022-08-03,Low Usage,Slack,4
2660,49555,2023-01-19,Switched Competitor,ClickUp,117
2661,34900,2023-04-21,Technical Issues,Slack,30
2662,40235,2022-08-06,Poor Experience,Notion,34
2663,2111,2022-11-15,High Pricing,Monday.com,32
2664,35619,2025-01-19,Low Usage,Asana,48
2665,38830,2025-01-01,Switched Competitor,Notion,94
2666,27246,2024-06-24,Poor Experience,ClickUp,35
2667,47535,2024-07-03,Switched Competitor,Asana,88
2668,11273,2024-07-09,Low Usage,ClickUp,10
2669,16510,2024-11-20,Switched Competitor,Asana,39
2670,23954,2023-11-13,Poor Experience,Asana,20
2671,13385,2024-04-29,Switched Competitor,Asana,102
2672,6982,2025-03-24,Missing Features,ClickUp,1
2673,3116,2024-04-27,Poor Experience,ClickUp,28
2674,29205,2023-03-15,Switched Competitor,Asana,64
2675,13488,2024-11-24,Missing Features,Notion,83
2676,28165,2022-09-12,Missing Features,Slack,92
2677,21769,2024-12-23,Technical Issues,Slack,20
2678,49644,2025-03-24,Switched Competitor,Notion,104
2679,20615,2024-06-03,Switched Competitor,Notion,4
2680,395,2024-09-05,Poor Experience,Slack,53
2681,42058,2022-10-09,High Pricing,ClickUp,39
2682,7004,2023-07-28,Low Usage,Monday.com,107
2683,11149,2024-01-25,Missing Features,Asana,19
2684,5681,2024-06-13,Switched Competitor,Asana,102
2685,406,2023-10-02,Missing Features,Slack,13
2686,11086,2022-04-16,Low Usage,Notion,87
2687,9016,2023-06-08,High Pricing,Notion,39
2688,37274,2023-07-22,Switched Competitor,Asana,27
2689,48090,2023-03-16,Missing Features,Monday.com,119
2690,22208,2023-06-11,Low Usage,ClickUp,36
2691,15713,2022-03-22,Switched Competitor,Monday.com,93
2692,23731,2023-04-03,Technical Issues,Asana,6
2693,25399,2023-03-03,High Pricing,Slack,29
2694,9866,2023-03-18,Technical Issues,Asana,63
2695,6506,2022-02-07,Low Usage,Notion,23
2696,43013,2023-09-25,Technical Issues,Notion,85
2697,12549,2024-09-05,Low Usage,Asana,111
2698,31342,2023-10-07,High Pricing,Notion,30
2699,5163,2022-02-19,High Pricing,Notion,100
2700,30875,2023-08-04,Poor Experience,Notion,81
2701,39048,2022-11-03,Technical Issues,Monday.com,23
2702,18386,2025-03-30,Poor Experience,Slack,15
2703,21680,2024-11-24,High Pricing,Asana,87
2704,38196,2022-05-14,Low Usage,Slack,115
2705,27046,2024-08-16,Low Usage,ClickUp,90
2706,14896,2024-12-05,Technical Issues,Monday.com,114
2707,17337,2023-02-14,Low Usage,Monday.com,57
2708,22288,2023-10-19,Low Usage,Notion,106
2709,63,2023-08-29,High Pricing,Monday.com,26
2710,30548,2023-07-13,Missing Features,Slack,110
2711,11535,2022-10-17,High Pricing,Monday.com,59
2712,37155,2025-03-02,Low Usage,Slack,96
2713,9479,2022-01-13,Technical Issues,Notion,69
2714,22920,2025-03-08,Technical Issues,Asana,38
2715,20476,2025-03-29,Missing Features,Monday.com,84
2716,20733,2022-07-25,Technical Issues,Slack,21
2717,25111,2023-02-02,Low Usage,Asana,103
2718,33810,2023-05-30,High Pricing,Asana,70
2719,36535,2024-05-28,Low Usage,Notion,111
2720,30953,2024-10-22,Technical Issues,ClickUp,1
2721,40132,2024-10-06,High Pricing,Monday.com,97
2722,15095,2024-01-02,Technical Issues,ClickUp,118
2723,47932,2022-05-12,Poor Experience,Slack,106
2724,11023,2023-12-06,High Pricing,ClickUp,36
2725,14076,2022-04-01,Missing Features,Slack,1
2726,42572,2022-10-04,High Pricing,Asana,107
2727,41007,2023-09-29,High Pricing,Asana,68
2728,27680,2022-08-06,Missing Features,Notion,55
2729,1600,2024-08-07,Low Usage,Slack,106
2730,363,2022-12-28,Poor Experience,ClickUp,23
2731,30810,2022-12-07,Missing Features,Notion,27
2732,43127,2022-08-18,High Pricing,Asana,90
2733,46702,2023-07-01,Switched Competitor,ClickUp,55
2734,18536,2023-09-23,High Pricing,ClickUp,99
2735,7659,2023-11-09,Switched Competitor,ClickUp,88
2736,25720,2023-06-18,Low Usage,Asana,33
2737,46377,2024-05-26,Poor Experience,Asana,6
2738,7685,2024-11-13,Poor Experience,Asana,36
2739,6864,2024-01-25,Switched Competitor,Slack,2
2740,42982,2023-10-02,Technical Issues,Slack,68
2741,21265,2024-08-02,Technical Issues,Monday.com,15
2742,34498,2024-07-22,Switched Competitor,Monday.com,56
2743,32179,2023-06-26,Missing Features,Notion,85
2744,12698,2024-04-25,Low Usage,Asana,63
2745,28030,2024-05-09,High Pricing,Monday.com,98
2746,48419,2023-12-07,Technical Issues,Slack,102
2747,42646,2023-02-15,Technical Issues,Asana,93
2748,35955,2022-08-27,Low Usage,Slack,109
2749,26900,2024-12-08,Missing Features,Monday.com,76
2750,32128,2023-12-24,Switched Competitor,Asana,33
2751,9916,2023-12-25,Switched Competitor,Asana,105
2752,8363,2023-12-21,Missing Features,Slack,4
2753,9934,2022-10-31,Poor Experience,Monday.com,82
2754,42362,2025-03-09,Poor Experience,Asana,102
2755,35546,2022-07-10,Missing Features,Notion,107
2756,6427,2023-09-23,Missing Features,Monday.com,110
2757,47541,2022-04-03,Low Usage,ClickUp,119
2758,37615,2024-03-20,Missing Features,Monday.com,50
2759,23343,2023-11-30,Switched Competitor,ClickUp,8
2760,89,2023-07-11,Technical Issues,Slack,50
2761,44869,2022-01-18,High Pricing,Notion,83
2762,25188,2022-09-02,High Pricing,Monday.com,22
2763,25815,2023-03-07,Switched Competitor,Slack,98
2764,35207,2023-01-01,Switched Competitor,Slack,96
2765,18004,2023-07-30,High Pricing,Monday.com,2
2766,12564,2022-06-17,Missing Features,ClickUp,64
2767,3866,2022-10-20,Missing Features,ClickUp,27
2768,43174,2022-04-30,High Pricing,Asana,42
2769,22385,2023-05-07,Technical Issues,Slack,18
2770,41616,2022-07-12,High Pricing,ClickUp,30
2771,49704,2023-01-18,Missing Features,Notion,79
2772,26453,2022-08-19,Low Usage,Notion,116
2773,36561,2024-06-10,Switched Competitor,Monday.com,63
2774,45046,2022-05-10,Switched Competitor,Notion,86
2775,42741,2022-04-05,Low Usage,ClickUp,38
2776,21103,2025-03-03,Poor Experience,ClickUp,54
2777,9005,2022-04-24,Poor Experience,Asana,18
2778,9196,2022-04-12,Switched Competitor,Slack,34
2779,34030,2023-11-30,Missing Features,Asana,45
2780,37750,2024-10-27,Switched Competitor,Monday.com,54
2781,25420,2023-04-17,Switched Competitor,Notion,19
2782,16340,2022-06-15,Poor Experience,Monday.com,108
2783,41335,2023-12-06,Missing Features,Monday.com,98
2784,3447,2022-05-26,Missing Features,Asana,22
2785,24788,2022-06-14,Missing Features,Notion,81
2786,45837,2023-10-19,Switched Competitor,Monday.com,60
2787,31412,2022-01-25,Switched Competitor,ClickUp,40
2788,19038,2022-12-15,Missing Features,Asana,84
2789,18275,2023-03-15,High Pricing,ClickUp,65
2790,43158,2023-06-05,Low Usage,Asana,112
2791,37905,2023-10-14,Poor Experience,Slack,10
2792,2015,2025-01-03,Technical Issues,ClickUp,43
2793,35607,2022-03-20,High Pricing,Notion,109
2794,15530,2024-05-12,High Pricing,Notion,70
2795,32021,2023-06-06,Missing Features,Slack,28
2796,19374,2023-03-16,Switched Competitor,Monday.com,52
2797,41076,2025-01-21,Poor Experience,Monday.com,76
2798,13539,2022-03-07,Missing Features,Notion,103
2799,2756,2024-06-07,High Pricing,Slack,99
2800,729,2022-07-08,Technical Issues,Asana,8
2801,22830,2025-02-10,High Pricing,Monday.com,112
2802,27433,2025-02-25,Poor Experience,Asana,24
2803,41554,2022-10-08,Missing Features,Asana,61
2804,32206,2022-06-14,High Pricing,Slack,81
2805,21383,2023-04-26,Low Usage,ClickUp,51
2806,8994,2024-10-16,Poor Experience,Monday.com,112
2807,34641,2025-02-06,Technical Issues,Slack,99
2808,12394,2024-10-31,Low Usage,ClickUp,72
2809,5662,2024-10-17,Switched Competitor,Monday.com,96
2810,6060,2022-07-07,Technical Issues,Notion,94
2811,47652,2024-12-27,Poor Experience,Slack,64
2812,1578,2024-07-23,Poor Experience,Asana,50
2813,19500,2023-12-24,Missing Features,Slack,85
2814,46718,2024-09-07,Low Usage,Slack,101
2815,32038,2022-03-01,Switched Competitor,ClickUp,52
2816,4936,2023-01-01,Missing Features,Monday.com,17
2817,7762,2023-06-15,Technical Issues,Notion,76
2818,8678,2023-11-17,Poor Experience,Notion,39
2819,42416,2024-06-23,Technical Issues,Notion,89
2820,23537,2023-08-23,Switched Competitor,Asana,91
2821,26011,2023-07-30,Switched Competitor,Monday.com,12
2822,45217,2022-06-16,High Pricing,Asana,30
2823,16607,2023-06-18,Switched Competitor,Monday.com,89
2824,27546,2024-01-31,Technical Issues,Notion,29
2825,22870,2022-12-10,High Pricing,Slack,94
2826,36250,2023-08-21,High Pricing,Notion,24
2827,28570,2025-04-06,Low Usage,Notion,83
2828,35671,2022-04-19,Low Usage,ClickUp,38
2829,18676,2022-03-15,Technical Issues,Monday.com,69
2830,4894,2024-08-27,Switched Competitor,ClickUp,114
2831,41814,2024-05-29,High Pricing,ClickUp,46
2832,29292,2022-11-30,Missing Features,Asana,15
2833,17559,2022-04-13,Low Usage,Asana,60
2834,4112,2022-02-21,High Pricing,Monday.com,79
2835,17750,2022-08-05,Technical Issues,Monday.com,8
2836,27225,2022-09-08,Low Usage,Asana,19
2837,26279,2022-06-20,High Pricing,ClickUp,64
2838,42041,2022-01-30,Poor Experience,Notion,117
2839,24560,2024-08-29,Missing Features,Monday.com,4
2840,13903,2024-04-02,Poor Experience,Monday.com,22
2841,28751,2024-04-05,High Pricing,Notion,53
2842,20784,2023-07-26,Switched Competitor,Slack,59
2843,19876,2022-08-13,Poor Experience,Monday.com,43
2844,28900,2022-10-08,Technical Issues,Monday.com,75
2845,1870,2023-03-29,High Pricing,ClickUp,87
2846,26806,2024-02-17,Switched Competitor,Monday.com,53
2847,481,2024-12-29,Missing Features,ClickUp,69
2848,16287,2024-02-20,High Pricing,Notion,84
2849,33123,2023-04-24,Low Usage,ClickUp,83
2850,47603,2024-04-30,Technical Issues,Asana,114
2851,3843,2023-11-30,Missing Features,ClickUp,35
2852,27513,2023-08-24,Poor Experience,Notion,65
2853,8594,2024-06-10,High Pricing,Slack,20
2854,18572,2022-08-28,Poor Experience,Monday.com,67
2855,19670,2024-07-16,Missing Features,Slack,84
2856,34281,2022-11-13,Technical Issues,Monday.com,32
2857,13986,2024-06-08,Poor Experience,Asana,92
2858,30534,2023-09-01,Low Usage,Slack,14
2859,41142,2024-05-03,Missing Features,ClickUp,42
2860,5556,2023-03-20,Technical Issues,Slack,20
2861,21230,2023-11-25,Technical Issues,ClickUp,4
2862,17608,2024-06-03,Technical Issues,ClickUp,31
2863,27863,2024-01-01,Low Usage,ClickUp,45
2864,12618,2023-12-07,Missing Features,Slack,73
2865,31623,2022-06-24,Low Usage,Monday.com,85
2866,34205,2022-06-28,High Pricing,Notion,65
2867,49751,2023-11-23,Switched Competitor,Monday.com,5
2868,46341,2023-09-07,Missing Features,Slack,115
2869,32262,2025-02-08,Low Usage,Asana,65
2870,41190,2022-07-07,Poor Experience,Slack,118
2871,23347,2025-02-12,Missing Features,Slack,109
2872,37644,2024-02-22,Technical Issues,Monday.com,100
2873,17737,2023-03-16,High Pricing,Monday.com,27
2874,15373,2023-03-30,Poor Experience,Monday.com,102
2875,31988,2024-12-26,Low Usage,Slack,26
2876,3381,2024-01-20,Low Usage,ClickUp,74
2877,13598,2024-08-30,Switched Competitor,ClickUp,70
2878,13566,2023-12-10,Technical Issues,Slack,116
2879,39962,2022-01-05,Switched Competitor,Notion,47
2880,20566,2024-03-16,High Pricing,Notion,97
2881,23382,2025-01-30,Switched Competitor,ClickUp,53
2882,48689,2024-12-10,Technical Issues,Notion,25
2883,40932,2022-11-15,Technical Issues,Slack,13
2884,14855,2023-02-28,Switched Competitor,Monday.com,8
2885,10773,2022-12-25,Missing Features,Asana,114
2886,6731,2023-11-08,High Pricing,Asana,14
2887,13797,2024-04-14,Poor Experience,Slack,84
2888,6335,2022-06-02,Low Usage,Slack,2
2889,7003,2023-12-27,Poor Experience,Monday.com,79
2890,509,2022-05-16,Technical Issues,ClickUp,33
2891,17579,2022-05-06,Switched Competitor,Asana,52
2892,286,2023-08-10,Technical Issues,ClickUp,108
2893,37485,2024-07-30,Technical Issues,Slack,117
2894,14511,2024-06-12,Low Usage,Asana,86
2895,8002,2022-08-24,Low Usage,Monday.com,100
2896,28456,2022-11-15,Missing Features,Monday.com,95
2897,40823,2022-08-04,Technical Issues,Slack,78
2898,39422,2023-06-07,Technical Issues,Notion,48
2899,10076,2024-01-23,Low Usage,ClickUp,103
2900,19406,2023-04-13,Switched Competitor,Asana,104
2901,40507,2023-01-05,Poor Experience,Monday.com,70
2902,14380,2023-08-29,Switched Competitor,Monday.com,46
2903,43973,2022-12-22,Technical Issues,ClickUp,91
2904,12678,2023-08-15,Poor Experience,ClickUp,2
2905,8591,2022-10-10,Low Usage,Monday.com,20
2906,20981,2024-02-07,High Pricing,Monday.com,69
2907,34294,2023-02-09,Low Usage,Monday.com,101
2908,43983,2023-07-07,Missing Features,Asana,23
2909,10163,2024-03-22,Low Usage,Asana,91
2910,30555,2022-08-06,Switched Competitor,Notion,59
2911,200,2023-02-13,Poor Experience,Notion,119
2912,34440,2023-04-04,Low Usage,Asana,62
2913,31323,2022-02-01,Poor Experience,ClickUp,114
2914,13572,2024-04-03,Switched Competitor,Asana,3
2915,7802,2025-04-13,Low Usage,Monday.com,92
2916,6092,2022-09-23,Poor Experience,Asana,105
2917,37707,2022-11-09,Switched Competitor,ClickUp,61
2918,13447,2022-03-09,Poor Experience,Slack,95
2919,18052,2023-08-14,Missing Features,Asana,109
2920,1950,2023-10-04,Poor Experience,ClickUp,97
2921,32826,2024-10-13,Missing Features,Asana,14
2922,34735,2023-12-15,High Pricing,ClickUp,99
2923,21108,2024-04-06,Switched Competitor,Slack,16
2924,37255,2024-09-24,Poor Experience,ClickUp,48
2925,32590,2024-05-19,Low Usage,Monday.com,32
2926,30968,2024-11-03,Missing Features,Notion,84
2927,15586,2024-08-23,Technical Issues,Asana,79
2928,15683,2022-02-04,Low Usage,Notion,5
2929,6126,2023-06-23,Missing Features,Monday.com,99
2930,19064,2022-05-05,Low Usage,Notion,96
2931,31170,2022-08-15,Poor Experience,ClickUp,21
2932,36007,2024-05-01,Low Usage,ClickUp,75
2933,46830,2023-09-06,Poor Experience,ClickUp,10
2934,43720,2024-12-11,Switched Competitor,ClickUp,83
2935,6965,2024-10-06,Poor Experience,Asana,102
2936,4485,2022-12-06,High Pricing,Slack,52
2937,42461,2025-04-15,Technical Issues,Slack,25
2938,41232,2022-04-26,Poor Experience,Notion,10
2939,15649,2024-12-14,Switched Competitor,ClickUp,92
2940,28197,2022-08-05,Low Usage,Slack,112
2941,32184,2022-01-26,High Pricing,Slack,34
2942,44635,2023-03-05,Switched Competitor,Monday.com,9
2943,35574,2024-07-17,Technical Issues,Slack,95
2944,21367,2022-12-06,Missing Features,Monday.com,50
2945,47642,2023-10-10,Low Usage,ClickUp,4
2946,10803,2022-06-01,Technical Issues,Monday.com,118
2947,28664,2023-03-24,Low Usage,ClickUp,68
2948,35550,2025-01-15,Technical Issues,Slack,42
2949,49282,2023-11-18,High Pricing,Notion,64
2950,2688,2023-08-27,Technical Issues,ClickUp,31
2951,3816,2023-08-29,Poor Experience,ClickUp,43
2952,20877,2024-11-11,High Pricing,Slack,84
2953,47228,2024-12-05,High Pricing,Asana,26
2954,40108,2024-10-27,Switched Competitor,ClickUp,21
2955,45472,2024-09-20,High Pricing,Asana,114
2956,11284,2022-03-08,Technical Issues,ClickUp,58
2957,46237,2025-04-13,High Pricing,Slack,85
2958,43824,2025-04-10,High Pricing,Asana,112
2959,14930,2023-06-24,Low Usage,Notion,106
2960,33632,2022-03-20,Technical Issues,Slack,8
2961,8067,2022-05-04,Technical Issues,Monday.com,7
2962,33336,2024-11-24,Missing Features,ClickUp,101
2963,22468,2025-01-12,Poor Experience,Slack,77
2964,20132,2024-02-26,Switched Competitor,ClickUp,117
2965,10317,2023-01-25,Switched Competitor,ClickUp,46
2966,46489,2025-02-27,Poor Experience,Monday.com,102
2967,26825,2023-01-15,Technical Issues,ClickUp,20
2968,45431,2022-05-31,Switched Competitor,ClickUp,84
2969,43815,2022-10-17,Technical Issues,ClickUp,14
2970,32637,2023-05-22,High Pricing,Notion,88
2971,43283,2022-06-08,Poor Experience,ClickUp,45
2972,27323,2025-03-10,Low Usage,Notion,94
2973,8936,2022-09-23,Switched Competitor,Slack,101
2974,21595,2022-06-16,Low Usage,Asana,6
2975,12688,2023-08-07,Technical Issues,Monday.com,103
2976,234,2023-06-18,High Pricing,Monday.com,36
2977,36904,2024-09-16,High Pricing,ClickUp,20
2978,16904,2023-10-16,Missing Features,Asana,27
2979,16403,2023-11-11,High Pricing,Notion,11
2980,34699,2025-01-16,Poor Experience,Monday.com,112
2981,33753,2023-05-16,Switched Competitor,Notion,106
2982,45981,2025-02-22,Missing Features,Notion,94
2983,26246,2024-03-14,Low Usage,Monday.com,40
2984,10553,2024-10-26,Switched Competitor,Slack,94
2985,21625,2023-08-17,Switched Competitor,Asana,58
2986,26854,2024-07-11,Switched Competitor,ClickUp,41
2987,35264,2023-11-30,Technical Issues,Notion,8
2988,35458,2022-03-14,Poor Experience,Monday.com,10
2989,6719,2022-04-07,Switched Competitor,ClickUp,102
2990,19410,2024-08-15,Poor Experience,ClickUp,100
2991,33539,2023-12-07,Technical Issues,Slack,62
2992,11372,2024-05-03,Poor Experience,ClickUp,107
2993,14488,2023-10-21,Low Usage,Notion,96
2994,29278,2024-07-20,High Pricing,Asana,46
2995,25159,2024-11-14,Low Usage,ClickUp,81
2996,9402,2022-03-29,High Pricing,Asana,89
2997,48388,2025-01-11,Technical Issues,Asana,112
2998,43218,2023-03-05,Poor Experience,Monday.com,41
2999,12445,2025-03-03,Switched Competitor,Monday.com,84
3000,44880,2023-11-20,Low Usage,Notion,35
3001,31035,2024-03-14,High Pricing,Slack,9
3002,17118,2025-03-14,Switched Competitor,ClickUp,120
3003,36540,2022-03-14,High Pricing,Notion,81
3004,11217,2023-05-15,High Pricing,Notion,33
3005,12213,2023-01-01,Switched Competitor,Asana,87
3006,4616,2024-08-25,Technical Issues,Notion,1
3007,29813,2024-12-29,High Pricing,Slack,104
3008,4573,2023-07-01,Technical Issues,Asana,97
3009,16329,2023-07-02,Technical Issues,Asana,28
3010,28088,2022-08-15,High Pricing,Slack,23
3011,746,2022-03-18,Missing Features,ClickUp,4
3012,30885,2022-07-10,Poor Experience,Asana,119
3013,41529,2023-07-23,Poor Experience,ClickUp,58
3014,33298,2023-04-14,Switched Competitor,Asana,68
3015,8573,2023-11-18,Low Usage,Monday.com,95
3016,42258,2023-07-29,Switched Competitor,Asana,47
3017,10563,2023-02-27,Technical Issues,Notion,99
3018,24199,2022-07-18,Technical Issues,ClickUp,89
3019,9828,2024-07-02,Missing Features,Asana,83
3020,23217,2022-11-30,Technical Issues,Notion,83
3021,20496,2023-05-29,Poor Experience,ClickUp,104
3022,47238,2024-10-15,Missing Features,Asana,53
3023,549,2024-05-01,High Pricing,Slack,55
3024,20109,2023-01-16,Switched Competitor,ClickUp,87
3025,33077,2023-02-02,Poor Experience,Slack,79
3026,26840,2023-05-25,High Pricing,Monday.com,82
3027,27113,2022-09-18,Technical Issues,Monday.com,13
3028,29043,2023-04-20,Technical Issues,ClickUp,107
3029,15211,2022-05-01,Low Usage,Notion,1
3030,9529,2025-01-26,Technical Issues,ClickUp,63
3031,24800,2022-08-25,High Pricing,Slack,76
3032,196,2023-02-24,Switched Competitor,Monday.com,35
3033,21513,2024-04-10,Low Usage,Notion,17
3034,9771,2023-11-12,High Pricing,Monday.com,102
3035,35299,2022-11-19,Poor Experience,Asana,51
3036,16932,2024-12-01,Technical Issues,Asana,10
3037,25958,2023-06-01,Missing Features,Notion,103
3038,14433,2023-05-05,Switched Competitor,Monday.com,52
3039,25962,2022-05-25,Switched Competitor,Slack,84
3040,41726,2022-07-25,High Pricing,Monday.com,118
3041,4359,2022-06-19,Missing Features,Slack,1
3042,37201,2023-02-05,Poor Experience,Monday.com,34
3043,25994,2025-02-26,Switched Competitor,Slack,89
3044,48405,2023-06-08,Technical Issues,Slack,87
3045,24348,2023-09-01,High Pricing,Slack,68
3046,33346,2022-04-09,Low Usage,Slack,21
3047,485,2022-05-06,Missing Features,Monday.com,7
3048,3922,2022-09-29,Technical Issues,Monday.com,99
3049,7357,2023-08-11,High Pricing,Notion,88
3050,516,2024-02-22,High Pricing,Asana,86
3051,35973,2022-10-13,Low Usage,Monday.com,104
3052,5345,2022-06-23,Technical Issues,ClickUp,67
3053,41157,2025-03-02,Technical Issues,Slack,67
3054,8837,2022-08-15,Low Usage,Monday.com,4
3055,9242,2022-03-06,Low Usage,Slack,99
3056,8492,2023-05-18,Missing Features,Slack,4
3057,14795,2024-12-07,High Pricing,Monday.com,107
3058,13499,2024-07-01,High Pricing,Monday.com,32
3059,29549,2023-06-02,Poor Experience,ClickUp,120
3060,27125,2024-01-22,Low Usage,Notion,93
3061,28529,2022-02-22,Poor Experience,ClickUp,1
3062,24409,2022-08-13,Switched Competitor,Notion,77
3063,12678,2023-10-26,Poor Experience,Monday.com,50
3064,18174,2024-12-15,Poor Experience,Slack,31
3065,40873,2024-12-04,Low Usage,Monday.com,59
3066,32071,2024-01-12,Technical Issues,Notion,30
3067,31981,2024-06-10,Low Usage,Monday.com,95
3068,12058,2023-04-08,Poor Experience,Monday.com,52
3069,3025,2023-09-19,Low Usage,ClickUp,14
3070,18444,2023-08-06,Missing Features,Notion,70
3071,1027,2023-08-15,Low Usage,Asana,119
3072,26358,2022-12-08,Switched Competitor,Notion,50
3073,5689,2022-08-15,Switched Competitor,Monday.com,90
3074,2291,2022-05-23,High Pricing,Slack,19
3075,13950,2024-12-04,Switched Competitor,Notion,100
3076,9245,2023-06-15,Technical Issues,Monday.com,113
3077,25824,2022-03-05,High Pricing,Monday.com,79
3078,24096,2023-06-03,Low Usage,Slack,80
3079,23129,2022-04-05,High Pricing,ClickUp,30
3080,4369,2024-01-22,Low Usage,Slack,53
3081,36982,2023-04-11,Low Usage,Asana,112
3082,28230,2022-02-11,Low Usage,Notion,104
3083,49609,2022-12-30,Poor Experience,ClickUp,114
3084,44183,2025-02-20,Missing Features,Monday.com,7
3085,5611,2022-11-26,Poor Experience,Slack,32
3086,9092,2023-03-14,Technical Issues,Asana,95
3087,40887,2024-08-16,Technical Issues,ClickUp,83
3088,27420,2024-07-25,Switched Competitor,Asana,74
3089,14290,2022-09-24,Technical Issues,Slack,26
3090,8246,2022-11-06,Switched Competitor,Notion,34
3091,45642,2023-10-08,Switched Competitor,ClickUp,73
3092,33001,2022-04-29,High Pricing,Asana,39
3093,14404,2024-10-14,Switched Competitor,Slack,112
3094,2471,2024-10-13,Switched Competitor,Monday.com,86
3095,44603,2024-10-24,Technical Issues,Notion,96
3096,35752,2025-03-03,Low Usage,Notion,106
3097,17000,2022-02-23,Poor Experience,Slack,66
3098,16720,2024-08-24,Missing Features,Asana,31
3099,24171,2023-02-07,Technical Issues,ClickUp,46
3100,20662,2025-04-12,Poor Experience,Asana,78
3101,15913,2024-01-19,Technical Issues,Asana,45
3102,47359,2022-08-29,Poor Experience,ClickUp,77
3103,8578,2023-06-10,Low Usage,Notion,9
3104,16357,2023-11-13,High Pricing,Notion,98
3105,122,2024-05-20,Technical Issues,Monday.com,82
3106,39654,2022-05-21,High Pricing,Asana,62
3107,11302,2023-04-02,Switched Competitor,ClickUp,58
3108,5840,2022-07-30,Missing Features,ClickUp,42
3109,4907,2023-07-05,Poor Experience,Notion,82
3110,22425,2024-02-12,Switched Competitor,Asana,23
3111,48657,2025-04-05,Technical Issues,Slack,13
3112,34879,2022-11-08,Technical Issues,ClickUp,94
3113,48843,2022-11-12,Missing Features,Monday.com,113
3114,9906,2025-02-04,Switched Competitor,Notion,81
3115,38338,2024-03-30,Technical Issues,Slack,102
3116,15621,2022-02-25,Switched Competitor,ClickUp,50
3117,4181,2022-02-09,Switched Competitor,Monday.com,105
3118,42930,2022-06-07,Low Usage,Notion,83
3119,12956,2022-09-19,Switched Competitor,Asana,62
3120,27097,2024-11-06,Low Usage,ClickUp,64
3121,24046,2024-01-20,Switched Competitor,Slack,23
3122,34136,2023-01-11,Poor Experience,Notion,72
3123,27377,2022-04-04,High Pricing,Notion,98
3124,28440,2023-10-11,Technical Issues,ClickUp,67
3125,5120,2024-06-14,Poor Experience,ClickUp,58
3126,39405,2024-12-03,Technical Issues,Monday.com,52
3127,16865,2024-06-01,Technical Issues,Notion,74
3128,17983,2025-01-03,Poor Experience,ClickUp,35
3129,45431,2025-02-18,Technical Issues,Slack,105
3130,34682,2022-02-26,Technical Issues,Slack,23
3131,19103,2024-04-27,Technical Issues,Monday.com,2
3132,47577,2025-01-01,Technical Issues,Asana,23
3133,24496,2022-12-31,Low Usage,Slack,29
3134,4918,2025-01-11,Poor Experience,Notion,5
3135,41882,2022-05-10,Low Usage,Asana,112
3136,43089,2023-05-07,Missing Features,Asana,86
3137,14398,2022-08-17,High Pricing,Monday.com,37
3138,40526,2023-11-01,Low Usage,ClickUp,74
3139,35192,2023-02-09,Poor Experience,Monday.com,8
3140,11561,2022-03-25,Poor Experience,Notion,60
3141,24370,2022-07-22,Switched Competitor,Monday.com,26
3142,1824,2024-06-13,Poor Experience,Asana,118
3143,11482,2022-02-24,Switched Competitor,Notion,50
3144,45175,2023-12-16,Switched Competitor,Asana,119
3145,35673,2023-09-02,Low Usage,Slack,28
3146,44792,2024-12-13,Technical Issues,Notion,48
3147,22645,2024-10-29,Low Usage,Asana,104
3148,43063,2024-01-20,Missing Features,Asana,20
3149,31725,2024-10-10,Switched Competitor,Notion,31
3150,3588,2022-08-06,High Pricing,ClickUp,38
3151,47652,2024-12-26,Technical Issues,Monday.com,9
3152,23244,2023-11-17,Switched Competitor,Slack,91
3153,49004,2022-08-23,Switched Competitor,Slack,15
3154,21170,2024-07-03,Poor Experience,Slack,54
3155,40275,2024-01-24,Technical Issues,Monday.com,53
3156,35848,2024-05-15,Switched Competitor,Monday.com,2
3157,27830,2022-01-02,Low Usage,Slack,68
3158,8740,2022-04-26,Low Usage,Asana,2
3159,16586,2024-09-30,Low Usage,Asana,26
3160,20452,2024-01-14,Switched Competitor,Asana,81
3161,16991,2022-06-05,Missing Features,Slack,87
3162,28877,2023-01-04,Missing Features,Monday.com,5
3163,17456,2024-11-14,Low Usage,Notion,55
3164,47198,2023-12-14,Low Usage,ClickUp,58
3165,40056,2022-10-01,Switched Competitor,Asana,12
3166,34592,2024-10-16,Poor Experience,Slack,73
3167,3713,2022-08-30,Technical Issues,Asana,98
3168,41727,2024-04-25,Low Usage,ClickUp,116
3169,22989,2022-10-09,Switched Competitor,ClickUp,119
3170,45333,2022-11-08,Switched Competitor,Asana,102
3171,45605,2023-11-17,Missing Features,ClickUp,73
3172,49956,2022-01-25,Technical Issues,ClickUp,53
3173,21857,2022-12-27,High Pricing,Notion,99
3174,4467,2022-08-25,Poor Experience,Notion,93
3175,23214,2023-01-19,Missing Features,Slack,85
3176,24422,2024-09-23,High Pricing,ClickUp,114
3177,7972,2024-06-08,Missing Features,Monday.com,88
3178,630,2022-05-29,Switched Competitor,Monday.com,18
3179,31975,2024-09-04,High Pricing,Notion,88
3180,26998,2024-08-03,High Pricing,Slack,92
3181,32640,2023-09-18,Technical Issues,Notion,107
3182,3937,2024-02-02,Technical Issues,Notion,52
3183,40268,2023-04-09,High Pricing,Notion,118
3184,48959,2024-03-25,Poor Experience,Monday.com,15
3185,10652,2023-09-19,Switched Competitor,ClickUp,51
3186,2739,2024-09-10,Technical Issues,Notion,40
3187,786,2022-01-12,Low Usage,Notion,116
3188,39213,2023-11-08,Missing Features,ClickUp,117
3189,12189,2023-10-04,High Pricing,Slack,44
3190,21296,2022-01-29,Switched Competitor,Monday.com,19
3191,2520,2024-06-28,Low Usage,Slack,118
3192,20202,2022-05-11,Missing Features,ClickUp,22
3193,28290,2022-05-09,High Pricing,Slack,48
3194,14917,2025-03-28,Missing Features,Monday.com,57
3195,3878,2023-06-22,Technical Issues,Monday.com,98
3196,29667,2024-03-17,High Pricing,Monday.com,57
3197,34545,2022-01-12,Poor Experience,Notion,36
3198,44050,2025-03-04,High Pricing,Slack,7
3199,5478,2024-07-03,Missing Features,Slack,62
3200,22408,2023-03-21,Switched Competitor,Slack,48
3201,11477,2024-01-13,Missing Features,Notion,71
3202,36048,2025-01-31,High Pricing,Slack,85
3203,7285,2023-02-19,Low Usage,Slack,12
3204,45517,2022-01-25,Poor Experience,Asana,65
3205,16794,2023-04-08,Technical Issues,Notion,11
3206,31602,2023-12-01,Switched Competitor,Monday.com,5
3207,29163,2022-10-18,Switched Competitor,Asana,24
3208,37077,2023-12-25,Switched Competitor,Notion,114
3209,49921,2022-07-12,Technical Issues,ClickUp,112
3210,17588,2023-09-06,Switched Competitor,ClickUp,28
3211,15541,2023-03-31,High Pricing,Monday.com,5
3212,22361,2024-03-23,Poor Experience,Slack,59
3213,12921,2023-01-23,Technical Issues,Monday.com,1
3214,8189,2023-08-28,High Pricing,ClickUp,87
3215,9708,2024-09-14,Switched Competitor,Slack,99
3216,21240,2023-06-08,Low Usage,Asana,74
3217,34538,2024-04-06,High Pricing,Monday.com,93
3218,19630,2023-02-15,Low Usage,ClickUp,91
3219,11434,2022-10-29,Low Usage,ClickUp,9
3220,41721,2022-12-12,High Pricing,Monday.com,1
3221,11268,2023-09-18,Poor Experience,Asana,20
3222,15870,2023-03-06,Missing Features,ClickUp,119
3223,42349,2024-07-08,Switched Competitor,Monday.com,70
3224,18989,2022-01-18,Poor Experience,Slack,82
3225,1370,2023-04-15,Low Usage,Monday.com,118
3226,41598,2024-12-06,High Pricing,ClickUp,113
3227,9328,2022-05-20,Poor Experience,Asana,9
3228,34841,2023-02-20,Technical Issues,ClickUp,24
3229,29732,2022-06-03,High Pricing,Notion,61
3230,40676,2024-12-30,High Pricing,Slack,44
3231,37161,2023-03-20,Switched Competitor,ClickUp,55
3232,10633,2025-01-15,Low Usage,Notion,27
3233,4817,2022-09-01,Low Usage,Monday.com,32
3234,12209,2025-01-28,Technical Issues,Asana,105
3235,17063,2024-07-26,Technical Issues,Monday.com,94
3236,34828,2022-12-03,Poor Experience,ClickUp,88
3237,3361,2022-04-04,Technical Issues,Slack,62
3238,41149,2022-05-06,Poor Experience,Monday.com,109
3239,30395,2024-06-07,Low Usage,Slack,117
3240,17748,2023-09-22,High Pricing,Monday.com,4
3241,15802,2022-05-11,Technical Issues,ClickUp,73
3242,25690,2024-05-10,Technical Issues,Notion,101
3243,34383,2024-01-22,Technical Issues,Asana,17
3244,1240,2022-02-20,High Pricing,Notion,49
3245,5418,2024-09-16,Poor Experience,Slack,24
3246,19402,2023-08-04,Missing Features,Monday.com,96
3247,7594,2022-10-16,High Pricing,ClickUp,31
3248,46059,2023-05-03,High Pricing,Notion,17
3249,41618,2023-04-05,Missing Features,Notion,10
3250,28192,2024-10-16,Switched Competitor,ClickUp,106
3251,16000,2023-03-03,High Pricing,Asana,92
3252,14866,2023-01-13,Technical Issues,Asana,89
3253,20244,2023-11-20,Technical Issues,ClickUp,53
3254,1404,2024-01-26,High Pricing,Slack,120
3255,48703,2024-06-21,Poor Experience,Slack,75
3256,17927,2023-10-21,Poor Experience,Notion,70
3257,5740,2023-03-17,Low Usage,ClickUp,101
3258,12495,2024-10-09,Low Usage,Slack,115
3259,25197,2023-02-28,Technical Issues,Slack,63
3260,20824,2023-02-02,Low Usage,ClickUp,20
3261,207,2025-04-06,Technical Issues,Slack,26
3262,37784,2024-04-06,Poor Experience,Asana,98
3263,43932,2023-08-21,High Pricing,ClickUp,47
3264,21210,2024-11-15,Missing Features,Slack,83
3265,18002,2023-01-21,Low Usage,Asana,5
3266,31894,2024-01-02,Technical Issues,Slack,31
3267,2486,2024-10-22,Missing Features,Notion,66
3268,22415,2025-02-27,Low Usage,Slack,52
3269,13786,2023-04-04,Technical Issues,Asana,36
3270,1988,2024-05-22,Poor Experience,Monday.com,65
3271,49502,2024-02-18,Missing Features,Monday.com,52
3272,16124,2023-05-13,Switched Competitor,Asana,23
3273,30211,2022-04-12,Low Usage,Notion,52
3274,30433,2025-01-09,Switched Competitor,Asana,103
3275,47466,2023-04-27,Technical Issues,Slack,88
3276,37063,2025-02-19,Switched Competitor,Slack,82
3277,32245,2024-08-25,High Pricing,Slack,3
3278,16286,2022-01-25,Low Usage,Slack,1
3279,14368,2024-08-29,Poor Experience,Notion,1
3280,8602,2023-02-09,Technical Issues,ClickUp,86
3281,5281,2023-03-08,Missing Features,Slack,111
3282,30368,2022-01-01,High Pricing,Monday.com,76
3283,11117,2022-07-10,Switched Competitor,Notion,95
3284,47175,2023-06-07,Low Usage,Asana,48
3285,41397,2024-06-10,Low Usage,Slack,73
3286,20527,2023-08-09,Technical Issues,ClickUp,49
3287,19839,2022-11-27,Switched Competitor,Notion,2
3288,20257,2024-07-25,Technical Issues,Asana,64
3289,24294,2023-04-19,High Pricing,Monday.com,69
3290,29300,2024-05-10,Technical Issues,Monday.com,20
3291,6336,2023-08-31,Low Usage,Monday.com,3
3292,1274,2025-03-22,Missing Features,Monday.com,98
3293,5903,2022-07-28,Technical Issues,ClickUp,21
3294,8922,2024-08-30,Poor Experience,Slack,10
3295,3522,2023-08-11,Switched Competitor,Notion,95
3296,2921,2022-08-28,Missing Features,ClickUp,77
3297,4951,2022-03-07,Low Usage,ClickUp,31
3298,43399,2024-08-30,Missing Features,Notion,71
3299,22239,2025-03-15,Switched Competitor,Notion,97
3300,25788,2022-04-27,Missing Features,Notion,78
3301,24210,2022-11-01,Switched Competitor,Asana,79
3302,21677,2024-01-28,Technical Issues,Monday.com,7
3303,10490,2023-02-13,Low Usage,Monday.com,59
3304,18863,2023-03-09,Missing Features,Slack,71
3305,24692,2024-06-06,Technical Issues,ClickUp,93
3306,43992,2022-05-14,Switched Competitor,Slack,115
3307,7032,2025-02-09,Poor Experience,Asana,104
3308,23082,2022-04-25,Poor Experience,Monday.com,42
3309,31040,2022-07-15,Poor Experience,Notion,24
3310,32662,2022-07-04,Poor Experience,Slack,4
3311,28729,2024-04-18,Poor Experience,Monday.com,10
3312,19991,2022-03-07,Low Usage,Monday.com,72
3313,22776,2024-07-14,Poor Experience,Asana,17
3314,22951,2024-12-20,Low Usage,Notion,17
3315,47426,2022-08-23,Low Usage,Notion,60
3316,26063,2023-07-10,Technical Issues,ClickUp,32
3317,39247,2024-05-18,Low Usage,Asana,63
3318,31226,2023-06-22,Technical Issues,Asana,89
3319,25179,2024-09-25,Technical Issues,ClickUp,120
3320,17143,2022-01-09,Poor Experience,Monday.com,31
3321,45668,2024-02-20,Switched Competitor,ClickUp,25
3322,24043,2024-07-18,Technical Issues,Asana,46
3323,13433,2022-06-15,High Pricing,ClickUp,8
3324,34075,2024-04-04,Missing Features,Notion,111
3325,20915,2024-06-30,Missing Features,ClickUp,14
3326,30347,2025-02-27,Switched Competitor,Notion,58
3327,45113,2023-07-12,Low Usage,Slack,67
3328,5215,2024-03-02,Poor Experience,ClickUp,84
3329,28218,2025-03-18,High Pricing,Monday.com,120
3330,47785,2023-06-23,Missing Features,Monday.com,52
3331,17154,2025-04-15,High Pricing,Notion,105
3332,5036,2022-08-27,Technical Issues,Asana,11
3333,7762,2022-04-10,Missing Features,ClickUp,72
3334,14104,2022-06-15,Missing Features,ClickUp,103
3335,15750,2022-06-13,Poor Experience,Notion,13
3336,20272,2024-03-18,Poor Experience,Monday.com,33
3337,17418,2023-12-19,Poor Experience,Monday.com,55
3338,33770,2022-11-16,Poor Experience,Asana,117
3339,33865,2023-05-09,High Pricing,Slack,59
3340,41508,2024-04-15,Switched Competitor,Notion,32
3341,33282,2022-08-27,High Pricing,Monday.com,90
3342,11953,2022-01-17,Technical Issues,Asana,89
3343,35856,2024-12-22,Low Usage,ClickUp,13
3344,22304,2022-09-16,Technical Issues,ClickUp,41
3345,43167,2024-12-02,Poor Experience,Asana,74
3346,33294,2022-07-19,Switched Competitor,Notion,104
3347,20932,2022-06-16,Switched Competitor,Notion,52
3348,39265,2022-12-18,Missing Features,Monday.com,29
3349,31446,2022-09-02,Poor Experience,Notion,54
3350,21384,2022-12-07,Missing Features,Asana,115
3351,782,2023-04-01,Technical Issues,Slack,60
3352,32347,2022-06-19,Poor Experience,Slack,49
3353,43225,2023-05-01,Poor Experience,Asana,48
3354,22317,2023-08-16,Poor Experience,Asana,30
3355,36184,2023-08-28,High Pricing,Asana,17
3356,29581,2023-03-29,Technical Issues,Notion,40
3357,47340,2023-12-22,Technical Issues,Asana,42
3358,30427,2025-03-10,High Pricing,Asana,23
3359,12867,2023-04-22,Switched Competitor,Monday.com,36
3360,48313,2025-02-12,High Pricing,Asana,14
3361,11948,2023-11-03,Missing Features,Slack,37
3362,5434,2024-12-19,High Pricing,Slack,62
3363,49632,2023-12-02,Missing Features,Asana,52
3364,39259,2023-02-27,Low Usage,Monday.com,47
3365,13569,2025-04-09,Technical Issues,ClickUp,45
3366,35994,2024-03-25,Low Usage,Notion,10
3367,28981,2022-08-13,High Pricing,Slack,87
3368,7966,2024-05-20,Missing Features,Asana,21
3369,33656,2024-04-12,Missing Features,Slack,79
3370,19962,2024-10-14,Switched Competitor,ClickUp,2
3371,37512,2023-07-28,Technical Issues,ClickUp,47
3372,40046,2024-11-10,Low Usage,Asana,69
3373,33178,2025-01-19,Switched Competitor,Slack,74
3374,22976,2023-02-03,High Pricing,Asana,48
3375,18246,2022-01-22,Poor Experience,Asana,31
3376,17395,2023-11-27,Switched Competitor,Notion,34
3377,46754,2023-02-10,High Pricing,Notion,98
3378,38252,2022-12-20,Switched Competitor,Slack,57
3379,29802,2022-01-03,Technical Issues,Slack,19
3380,42783,2022-10-09,Switched Competitor,Asana,40
3381,701,2023-04-09,Missing Features,Monday.com,34
3382,23415,2022-05-04,Low Usage,Asana,16
3383,44332,2024-09-11,Technical Issues,Monday.com,72
3384,9840,2023-12-22,Switched Competitor,Notion,82
3385,29665,2023-09-01,Poor Experience,Asana,83
3386,16465,2024-12-10,Missing Features,ClickUp,10
3387,20429,2022-02-10,Technical Issues,Monday.com,88
3388,49304,2025-03-11,Poor Experience,Asana,4
3389,25528,2024-06-11,High Pricing,Slack,70
3390,18827,2023-04-23,Poor Experience,Asana,16
3391,6745,2022-10-01,Technical Issues,Monday.com,22
3392,32407,2022-09-13,Technical Issues,Slack,111
3393,42061,2023-10-20,Technical Issues,ClickUp,48
3394,16532,2022-11-11,Missing Features,Notion,84
3395,35024,2024-06-18,Poor Experience,Asana,53
3396,17384,2024-04-28,High Pricing,Asana,73
3397,18582,2024-01-31,High Pricing,Asana,64
3398,3778,2025-02-07,High Pricing,ClickUp,78
3399,21013,2023-03-07,High Pricing,Asana,93
3400,24150,2024-11-23,Poor Experience,ClickUp,56
3401,33746,2023-04-14,Switched Competitor,ClickUp,111
3402,37474,2022-07-07,High Pricing,Monday.com,5
3403,2787,2022-11-26,Technical Issues,ClickUp,73
3404,16327,2025-03-12,Switched Competitor,ClickUp,37
3405,23482,2022-05-19,Technical Issues,Monday.com,99
3406,28208,2022-07-15,Switched Competitor,Asana,75
3407,32756,2024-05-27,Missing Features,ClickUp,119
3408,33696,2022-11-28,Missing Features,Slack,86
3409,34709,2024-04-18,Poor Experience,Slack,104
3410,2301,2025-03-27,Switched Competitor,Notion,111
3411,30718,2025-02-17,High Pricing,Monday.com,104
3412,27066,2024-11-04,Technical Issues,Asana,118
3413,32643,2025-01-18,Low Usage,Slack,58
3414,19239,2022-02-13,Technical Issues,Asana,8
3415,40606,2024-07-18,Poor Experience,Asana,23
3416,7605,2024-07-13,Missing Features,Monday.com,18
3417,36355,2023-09-18,Missing Features,Asana,118
3418,46784,2024-04-24,Poor Experience,Monday.com,87
3419,41687,2024-05-07,Low Usage,Notion,13
3420,937,2023-07-13,Switched Competitor,Slack,2
3421,12634,2022-02-24,Missing Features,Notion,53
3422,20036,2025-01-28,Missing Features,ClickUp,65
3423,31286,2024-05-19,Poor Experience,Monday.com,88
3424,21946,2022-04-14,High Pricing,ClickUp,83
3425,15557,2024-10-05,Technical Issues,Monday.com,78
3426,35861,2023-03-24,Low Usage,Asana,109
3427,17280,2024-09-09,Poor Experience,Slack,1
3428,16566,2024-07-21,Missing Features,ClickUp,78
3429,31722,2025-04-05,Missing Features,Asana,39
3430,10052,2024-03-18,Missing Features,Notion,26
3431,18627,2023-03-15,High Pricing,Asana,57
3432,18050,2023-12-15,High Pricing,Monday.com,59
3433,48401,2022-02-04,Missing Features,ClickUp,86
3434,41359,2023-10-14,Switched Competitor,Asana,87
3435,24966,2023-12-16,Technical Issues,Monday.com,23
3436,11974,2024-04-24,Low Usage,Asana,68
3437,32648,2023-02-07,Missing Features,ClickUp,7
3438,38425,2024-09-16,Missing Features,Monday.com,40
3439,42343,2022-07-11,High Pricing,Notion,103
3440,44238,2022-02-17,Missing Features,Slack,69
3441,2987,2022-02-07,Switched Competitor,Asana,11
3442,21960,2024-08-16,Switched Competitor,Notion,78
3443,30856,2024-06-03,Technical Issues,Slack,24
3444,415,2022-04-23,High Pricing,Monday.com,59
3445,12257,2023-11-18,Poor Experience,ClickUp,22
3446,11459,2024-02-27,High Pricing,Notion,11
3447,25303,2024-04-13,High Pricing,Asana,47
3448,15401,2023-04-19,Low Usage,ClickUp,95
3449,30463,2024-02-12,Low Usage,ClickUp,39
3450,41258,2023-08-29,Low Usage,Slack,87
3451,39285,2022-05-27,Switched Competitor,Monday.com,91
3452,42344,2025-02-14,High Pricing,Monday.com,110
3453,28881,2023-08-13,Poor Experience,Slack,34
3454,46741,2023-03-07,Poor Experience,Monday.com,90
3455,36681,2024-05-21,High Pricing,Monday.com,49
3456,2807,2022-07-16,High Pricing,Asana,6
3457,35542,2024-01-14,Switched Competitor,ClickUp,96
3458,18214,2024-11-09,Poor Experience,Monday.com,66
3459,10223,2022-07-30,High Pricing,Slack,72
3460,16097,2024-12-20,Missing Features,ClickUp,26
3461,23859,2022-06-18,Switched Competitor,Notion,29
3462,15634,2023-03-23,Switched Competitor,Monday.com,18
3463,38046,2024-05-23,Low Usage,Monday.com,43
3464,24182,2024-08-04,Low Usage,Notion,39
3465,12210,2022-11-21,Missing Features,Slack,10
3466,17457,2024-09-19,Switched Competitor,Slack,94
3467,44265,2024-04-03,Low Usage,Monday.com,24
3468,21949,2024-06-24,Switched Competitor,Notion,19
3469,46605,2023-09-12,Technical Issues,Notion,19
3470,6113,2024-12-06,Technical Issues,Monday.com,14
3471,18945,2024-06-03,Poor Experience,Slack,57
3472,24421,2022-01-02,Low Usage,Notion,37
3473,13331,2023-08-04,Switched Competitor,Slack,85
3474,49379,2023-02-27,Low Usage,Slack,43
3475,6667,2022-09-21,Technical Issues,Asana,85
3476,37330,2022-05-05,Poor Experience,ClickUp,104
3477,46772,2023-02-16,Missing Features,Slack,94
3478,34611,2025-04-07,High Pricing,Asana,36
3479,4833,2024-11-08,Technical Issues,Slack,29
3480,47911,2024-06-14,Switched Competitor,Slack,37
3481,7348,2022-06-02,Technical Issues,Asana,65
3482,44384,2022-11-13,High Pricing,ClickUp,26
3483,37452,2022-09-25,Switched Competitor,Slack,45
3484,7302,2025-01-16,Switched Competitor,Slack,43
3485,44029,2022-02-27,High Pricing,Monday.com,75
3486,17785,2024-04-24,Technical Issues,Asana,90
3487,3127,2022-11-30,High Pricing,Monday.com,7
3488,9225,2023-02-06,Poor Experience,Notion,120
3489,5815,2023-03-01,High Pricing,Notion,20
3490,39851,2023-08-23,Low Usage,Asana,29
3491,4806,2023-07-18,Poor Experience,Asana,62
3492,7437,2025-04-11,Poor Experience,Slack,91
3493,18414,2024-05-09,Switched Competitor,Slack,63
3494,48806,2024-09-13,Poor Experience,ClickUp,40
3495,10382,2024-02-22,Switched Competitor,Slack,83
3496,10621,2024-09-25,Low Usage,Notion,96
3497,48495,2022-02-18,High Pricing,Slack,42
3498,7295,2023-09-09,High Pricing,Notion,35
3499,41798,2023-03-31,Low Usage,Asana,86
3500,48640,2024-02-23,Switched Competitor,Asana,49
3501,9557,2022-04-26,High Pricing,Asana,36
3502,15944,2023-02-06,High Pricing,Slack,67
3503,38978,2022-12-11,High Pricing,ClickUp,53
3504,3693,2025-03-28,Low Usage,ClickUp,47
3505,7483,2023-09-09,Poor Experience,Monday.com,41
3506,43413,2024-02-25,Low Usage,Asana,70
3507,32232,2022-04-18,Switched Competitor,ClickUp,32
3508,42116,2022-04-21,Missing Features,Asana,90
3509,11933,2022-01-13,Technical Issues,ClickUp,108
3510,14816,2023-05-26,Switched Competitor,ClickUp,114
3511,27772,2022-08-11,Switched Competitor,ClickUp,25
3512,48877,2022-05-03,Low Usage,Slack,107
3513,26828,2024-03-12,Poor Experience,ClickUp,82
3514,17715,2024-02-17,Technical Issues,Monday.com,3
3515,39139,2024-11-26,Technical Issues,Notion,80
3516,32250,2023-04-12,Switched Competitor,Monday.com,118
3517,33787,2022-07-06,Poor Experience,Slack,27
3518,4725,2024-06-13,Poor Experience,Monday.com,118
3519,27292,2022-11-08,Technical Issues,Monday.com,57
3520,282,2024-07-04,Low Usage,Notion,109
3521,32566,2024-07-24,High Pricing,Monday.com,114
3522,15442,2022-12-19,Technical Issues,Asana,15
3523,4772,2023-03-09,Technical Issues,Asana,58
3524,36244,2025-03-09,Missing Features,ClickUp,99
3525,25444,2024-09-24,Low Usage,Slack,95
3526,42274,2023-06-23,Low Usage,Asana,49
3527,35188,2022-01-29,Technical Issues,Notion,103
3528,47219,2024-10-16,Low Usage,ClickUp,101
3529,31481,2023-04-28,Missing Features,Slack,64
3530,189,2025-04-08,Missing Features,Monday.com,51
3531,46365,2023-07-26,Missing Features,Monday.com,58
3532,29858,2023-01-27,Switched Competitor,Asana,7
3533,3287,2024-09-10,Technical Issues,Monday.com,83
3534,42425,2025-02-11,Low Usage,Monday.com,39
3535,2983,2022-05-24,Switched Competitor,Asana,56
3536,4038,2024-12-22,Poor Experience,Slack,56
3537,2770,2024-06-13,Switched Competitor,Slack,110
3538,34134,2024-02-21,Technical Issues,Slack,73
3539,38459,2024-06-03,Missing Features,Monday.com,119
3540,36116,2024-12-13,Poor Experience,Notion,82
3541,47049,2024-11-26,Switched Competitor,Slack,39
3542,40424,2024-01-09,Poor Experience,Slack,81
3543,31970,2025-02-20,Poor Experience,Notion,84
3544,12794,2023-02-13,Technical Issues,Asana,91
3545,23133,2023-12-21,Switched Competitor,Asana,47
3546,11149,2024-03-16,Poor Experience,Monday.com,108
3547,24691,2022-06-11,Switched Competitor,ClickUp,114
3548,16664,2024-02-02,Missing Features,Monday.com,35
3549,24120,2024-02-17,Poor Experience,Notion,19
3550,44952,2023-02-16,Low Usage,Slack,50
3551,47078,2024-08-04,Missing Features,Monday.com,112
3552,5109,2024-05-19,Low Usage,Notion,113
3553,27301,2023-06-03,Low Usage,Asana,25
3554,29876,2023-01-24,Low Usage,Monday.com,1
3555,9629,2023-02-05,Missing Features,ClickUp,51
3556,11570,2023-02-14,Switched Competitor,Asana,32
3557,14845,2023-12-05,Switched Competitor,Notion,23
3558,5,2023-09-24,Technical Issues,Asana,34
3559,31324,2022-02-24,Poor Experience,Monday.com,48
3560,43810,2023-07-04,Low Usage,Asana,78
3561,15611,2024-12-15,Technical Issues,ClickUp,42
3562,49083,2024-06-27,Technical Issues,Asana,90
3563,14492,2024-06-28,Low Usage,Monday.com,114
3564,14673,2024-12-03,Switched Competitor,Asana,15
3565,16443,2022-10-05,Missing Features,Asana,31
3566,26586,2022-10-16,Poor Experience,Slack,53
3567,28653,2025-03-03,Missing Features,Monday.com,70
3568,21108,2023-01-14,Poor Experience,Asana,24
3569,12644,2024-04-08,Missing Features,Slack,74
3570,31048,2025-01-05,Switched Competitor,Slack,31
3571,22249,2024-08-02,Technical Issues,Slack,44
3572,8017,2024-06-03,Missing Features,Notion,71
3573,4102,2022-01-31,Technical Issues,Slack,120
3574,7018,2025-02-19,Missing Features,Monday.com,40
3575,11083,2022-11-23,Switched Competitor,Notion,71
3576,25927,2024-09-29,Poor Experience,Asana,116
3577,37986,2022-04-24,Missing Features,Slack,41
3578,30862,2022-01-16,Switched Competitor,Slack,84
3579,3799,2023-06-26,High Pricing,Monday.com,117
3580,37530,2025-01-09,Missing Features,ClickUp,71
3581,45606,2022-02-16,Missing Features,Monday.com,80
3582,18403,2023-05-05,High Pricing,Asana,95
3583,31433,2024-06-10,High Pricing,Notion,2
3584,28436,2023-10-07,Poor Experience,Slack,32
3585,30122,2023-08-25,Missing Features,Asana,11
3586,30912,2025-01-03,Poor Experience,Monday.com,28
3587,2660,2022-06-05,Technical Issues,Notion,41
3588,9352,2025-03-04,Switched Competitor,ClickUp,28
3589,18179,2024-10-05,Low Usage,Notion,112
3590,15130,2024-06-23,Switched Competitor,ClickUp,87
3591,6579,2025-04-08,Missing Features,Asana,49
3592,2086,2024-05-18,Poor Experience,Asana,72
3593,3656,2022-12-30,Technical Issues,Slack,108
3594,48145,2022-03-21,Low Usage,Notion,91
3595,6660,2024-08-30,High Pricing,Asana,95
3596,43156,2023-02-19,High Pricing,Notion,116
3597,37492,2024-07-04,Poor Experience,Notion,51
3598,12629,2024-10-08,Technical Issues,Notion,55
3599,1291,2022-07-13,Technical Issues,Asana,119
3600,1923,2024-01-10,High Pricing,ClickUp,55
3601,35791,2024-04-24,Low Usage,Notion,27
3602,4328,2024-02-06,Low Usage,ClickUp,89
3603,16044,2024-12-04,Poor Experience,ClickUp,70
3604,3387,2023-08-22,Switched Competitor,Slack,90
3605,8845,2024-02-10,High Pricing,Notion,72
3606,6307,2024-10-18,Low Usage,Slack,29
3607,31708,2024-10-21,Missing Features,ClickUp,9
3608,7706,2023-06-11,Technical Issues,ClickUp,43
3609,245,2024-09-19,Switched Competitor,Monday.com,103
3610,9812,2024-07-28,Poor Experience,Monday.com,85
3611,37430,2022-01-17,Poor Experience,Notion,80
3612,47825,2022-07-14,Switched Competitor,Monday.com,39
3613,21308,2024-06-29,Low Usage,Asana,41
3614,39471,2023-08-18,Missing Features,Monday.com,43
3615,49769,2024-12-16,Poor Experience,ClickUp,80
3616,8563,2023-04-29,Technical Issues,Asana,18
3617,10325,2024-05-22,Technical Issues,Slack,16
3618,15585,2023-09-08,High Pricing,Notion,3
3619,14373,2022-12-21,Technical Issues,Slack,67
3620,49478,2024-07-01,Missing Features,ClickUp,18
3621,7083,2024-06-24,Missing Features,Notion,106
3622,28820,2023-12-31,Technical Issues,Slack,66
3623,45024,2024-06-19,Poor Experience,Slack,53
3624,49025,2023-06-04,Technical Issues,Monday.com,58
3625,35150,2022-11-19,Missing Features,Slack,17
3626,40240,2024-11-05,Poor Experience,Slack,101
3627,49564,2024-02-05,Poor Experience,Notion,4
3628,30274,2025-04-06,Technical Issues,ClickUp,50
3629,49000,2023-11-01,Switched Competitor,Slack,110
3630,13016,2022-07-06,High Pricing,Asana,66
3631,34705,2022-07-26,Switched Competitor,Monday.com,33
3632,24569,2024-12-02,Technical Issues,Notion,23
3633,28033,2025-01-16,Missing Features,Notion,88
3634,35687,2025-01-30,Poor Experience,Asana,63
3635,21419,2022-09-05,Technical Issues,Monday.com,116
3636,10404,2022-09-16,Missing Features,Asana,66
3637,16316,2023-02-09,Low Usage,ClickUp,105
3638,40821,2022-03-13,Poor Experience,ClickUp,117
3639,9603,2024-01-21,Switched Competitor,Asana,54
3640,17812,2022-01-15,Switched Competitor,Asana,11
3641,46967,2025-04-09,High Pricing,Monday.com,61
3642,36820,2024-05-16,Missing Features,Slack,73
3643,47183,2023-04-18,Poor Experience,Asana,29
3644,40472,2022-09-28,Low Usage,ClickUp,16
3645,29993,2023-10-31,Missing Features,Notion,93
3646,11298,2023-02-18,Low Usage,Asana,96
3647,42366,2023-04-10,Switched Competitor,Slack,102
3648,14629,2024-09-17,Low Usage,Slack,29
3649,15625,2025-03-12,Low Usage,Slack,74
3650,34802,2023-10-01,Low Usage,Slack,115
3651,41845,2024-12-01,Poor Experience,ClickUp,13
3652,26859,2024-12-30,Low Usage,Slack,62
3653,8844,2024-08-29,Low Usage,Monday.com,85
3654,28387,2022-08-29,Poor Experience,Asana,2
3655,16645,2022-12-05,Technical Issues,Monday.com,90
3656,26628,2023-03-24,Technical Issues,ClickUp,91
3657,3033,2023-08-07,Poor Experience,ClickUp,46
3658,15857,2024-10-04,High Pricing,Asana,57
3659,1977,2024-06-07,High Pricing,Notion,44
3660,43683,2023-03-19,Missing Features,Monday.com,13
3661,5456,2022-11-03,Missing Features,Monday.com,59
3662,43457,2022-01-08,Poor Experience,Monday.com,52
3663,44360,2022-04-22,Missing Features,Monday.com,82
3664,2656,2023-06-01,Technical Issues,Asana,38
3665,33627,2023-10-07,Missing Features,Notion,116
3666,4572,2025-03-11,Switched Competitor,Notion,48
3667,898,2024-04-03,Technical Issues,Notion,22
3668,15938,2024-05-08,Missing Features,Asana,23
3669,49845,2023-12-03,Technical Issues,Asana,118
3670,33016,2022-02-16,Technical Issues,Slack,29
3671,2933,2023-09-14,Technical Issues,Asana,119
3672,48854,2023-04-12,Missing Features,Notion,119
3673,3992,2023-10-05,High Pricing,Asana,115
3674,45730,2025-04-06,Switched Competitor,Notion,79
3675,8367,2023-11-12,Missing Features,Notion,95
3676,2333,2022-05-07,High Pricing,Monday.com,6
3677,36614,2022-11-25,Low Usage,ClickUp,55
3678,38821,2023-06-27,Switched Competitor,Monday.com,74
3679,9124,2023-04-10,Switched Competitor,Monday.com,55
3680,28616,2024-09-10,Missing Features,Slack,87
3681,5194,2023-07-29,Missing Features,Asana,33
3682,40646,2023-02-21,Poor Experience,Slack,47
3683,46193,2023-02-27,High Pricing,Monday.com,48
3684,18930,2025-02-25,Low Usage,Slack,84
3685,19058,2023-03-02,Poor Experience,ClickUp,56
3686,23979,2024-04-15,Poor Experience,Notion,92
3687,12734,2024-03-22,Technical Issues,ClickUp,38
3688,4200,2022-06-20,Switched Competitor,Asana,50
3689,46872,2024-11-29,High Pricing,Notion,90
3690,44578,2024-11-26,Technical Issues,ClickUp,117
3691,41467,2022-04-10,Low Usage,ClickUp,60
3692,9902,2023-02-04,Technical Issues,ClickUp,32
3693,9836,2023-02-20,Technical Issues,ClickUp,88
3694,46224,2022-04-12,Switched Competitor,Monday.com,61
3695,48533,2022-09-10,Technical Issues,Asana,19
3696,22481,2025-04-01,High Pricing,Slack,119
3697,46015,2023-06-15,Poor Experience,Notion,55
3698,22940,2023-09-21,Technical Issues,Monday.com,6
3699,12391,2025-02-06,Switched Competitor,Slack,101
3700,37086,2024-05-21,Technical Issues,ClickUp,98
3701,40560,2024-07-14,Missing Features,Slack,34
3702,32553,2024-07-11,Poor Experience,Monday.com,18
3703,37761,2024-10-17,Low Usage,Asana,78
3704,5231,2024-05-04,High Pricing,ClickUp,65
3705,19622,2024-11-10,Low Usage,Monday.com,89
3706,21867,2023-10-12,Technical Issues,Asana,94
3707,14991,2023-10-01,High Pricing,Monday.com,72
3708,8357,2023-07-20,Switched Competitor,ClickUp,81
3709,49921,2023-04-19,Poor Experience,Notion,114
3710,28675,2023-11-04,High Pricing,Notion,79
3711,2590,2024-05-18,Poor Experience,ClickUp,13
3712,891,2025-01-16,Low Usage,Slack,33
3713,11399,2024-02-03,Switched Competitor,Asana,13
3714,8409,2022-02-01,Switched Competitor,Slack,118
3715,47106,2024-11-03,Poor Experience,Monday.com,3
3716,6268,2022-04-03,Switched Competitor,Asana,85
3717,4687,2024-05-18,High Pricing,Asana,90
3718,4330,2023-06-28,High Pricing,Notion,118
3719,33212,2022-02-02,Poor Experience,Monday.com,90
3720,41215,2024-01-29,High Pricing,Monday.com,2
3721,47940,2023-01-30,Switched Competitor,Slack,115
3722,44756,2023-04-21,Technical Issues,Notion,119
3723,33063,2022-06-27,Low Usage,Notion,120
3724,32099,2022-06-14,Low Usage,Monday.com,84
3725,29517,2023-12-30,Technical Issues,Asana,10
3726,7540,2022-07-30,Technical Issues,Notion,72
3727,11422,2023-01-10,Poor Experience,Slack,104
3728,35478,2024-11-19,Switched Competitor,Notion,9
3729,45963,2023-05-31,High Pricing,Slack,30
3730,22919,2025-01-03,Low Usage,Monday.com,72
3731,16524,2023-11-03,Low Usage,Slack,102
3732,31699,2024-08-03,Poor Experience,Notion,3
3733,9386,2024-11-12,High Pricing,Slack,93
3734,40980,2023-05-20,Missing Features,ClickUp,30
3735,46763,2023-04-24,Poor Experience,Asana,31
3736,29472,2022-10-31,Poor Experience,Monday.com,99
3737,14364,2024-10-08,Low Usage,Notion,114
3738,30963,2023-03-03,Low Usage,ClickUp,43
3739,1728,2022-02-18,Poor Experience,Asana,80
3740,11147,2022-12-30,High Pricing,Notion,98
3741,29116,2024-07-16,Missing Features,Slack,71
3742,3460,2022-01-12,Low Usage,Monday.com,46
3743,22765,2025-01-22,Technical Issues,Slack,34
3744,38251,2023-05-14,High Pricing,Asana,50
3745,29712,2022-12-04,Low Usage,Notion,28
3746,49980,2022-09-19,Technical Issues,Monday.com,70
3747,30243,2022-09-26,High Pricing,Monday.com,98
3748,6050,2025-01-14,Switched Competitor,Monday.com,40
3749,12738,2023-11-12,High Pricing,Notion,35
3750,31397,2023-03-29,Low Usage,Monday.com,58
3751,38833,2024-02-16,High Pricing,ClickUp,63
3752,18006,2025-01-02,High Pricing,Notion,34
3753,40669,2024-05-14,Technical Issues,Notion,10
3754,38558,2023-01-17,Poor Experience,Slack,96
3755,13466,2024-03-13,Low Usage,Monday.com,37
3756,26541,2022-07-20,Missing Features,Asana,108
3757,2409,2023-03-31,Missing Features,ClickUp,87
3758,48084,2023-03-14,High Pricing,ClickUp,2
3759,13270,2022-12-20,Poor Experience,ClickUp,46
3760,24851,2025-01-27,High Pricing,Slack,51
3761,42407,2022-11-17,Switched Competitor,ClickUp,120
3762,9986,2023-06-26,High Pricing,Monday.com,107
3763,28862,2023-07-18,Switched Competitor,Asana,26
3764,14007,2023-03-14,Switched Competitor,Slack,42
3765,9629,2024-08-19,High Pricing,Notion,113
3766,35659,2022-05-25,High Pricing,Monday.com,86
3767,39869,2023-07-24,Technical Issues,Asana,104
3768,14380,2025-02-16,High Pricing,Asana,53
3769,37501,2024-12-10,High Pricing,Notion,102
3770,20033,2024-07-11,Missing Features,Notion,77
3771,20943,2023-01-12,Poor Experience,Monday.com,14
3772,39408,2025-03-05,Missing Features,Slack,44
3773,40394,2023-10-06,Low Usage,Monday.com,3
3774,46581,2022-03-11,Switched Competitor,Monday.com,30
3775,15974,2023-11-25,Missing Features,Asana,21
3776,48808,2022-10-13,High Pricing,Asana,101
3777,29725,2024-02-26,Switched Competitor,Asana,94
3778,1363,2024-07-07,Low Usage,Monday.com,33
3779,30177,2022-07-13,Low Usage,Notion,119
3780,46282,2023-03-27,Switched Competitor,ClickUp,84
3781,1187,2022-07-04,Switched Competitor,Notion,61
3782,14833,2023-05-21,Switched Competitor,Asana,108
3783,32368,2022-06-02,High Pricing,Slack,110
3784,36453,2023-04-15,Switched Competitor,Asana,55
3785,36283,2022-09-16,Switched Competitor,ClickUp,57
3786,19961,2023-10-18,Switched Competitor,Asana,51
3787,38071,2022-06-24,Technical Issues,ClickUp,101
3788,18285,2025-03-30,Poor Experience,Monday.com,83
3789,16725,2023-01-30,Technical Issues,Asana,94
3790,15855,2023-09-30,Technical Issues,Slack,93
3791,27329,2023-03-21,Switched Competitor,Notion,79
3792,7210,2024-09-20,Low Usage,Asana,117
3793,31126,2024-08-09,Technical Issues,Monday.com,63
3794,25610,2024-07-06,Switched Competitor,Asana,119
3795,31666,2024-02-28,Low Usage,Slack,51
3796,33392,2022-10-15,Poor Experience,Notion,1
3797,13627,2022-02-22,Switched Competitor,Slack,57
3798,2089,2024-10-20,Low Usage,Monday.com,57
3799,39570,2024-12-02,Missing Features,Slack,109
3800,22088,2024-05-22,Poor Experience,Monday.com,86
3801,12442,2023-10-27,Switched Competitor,Asana,86
3802,19311,2022-10-04,Switched Competitor,Slack,57
3803,26916,2022-02-20,Switched Competitor,Notion,68
3804,40209,2025-03-07,High Pricing,Slack,75
3805,17442,2023-01-28,Poor Experience,Asana,45
3806,43268,2023-02-01,Poor Experience,Asana,104
3807,39958,2022-11-02,Poor Experience,Asana,25
3808,39130,2024-02-24,Switched Competitor,Slack,23
3809,47117,2024-02-23,Poor Experience,Asana,41
3810,38048,2025-02-25,Low Usage,Notion,55
3811,42392,2022-08-04,Missing Features,ClickUp,57
3812,43075,2022-09-08,Poor Experience,Notion,15
3813,15155,2023-10-26,Low Usage,ClickUp,70
3814,38875,2025-03-20,Low Usage,Notion,10
3815,6943,2025-01-18,High Pricing,ClickUp,71
3816,15579,2023-10-17,Low Usage,ClickUp,39
3817,3955,2023-03-09,Low Usage,Monday.com,107
3818,17716,2023-01-08,Missing Features,Asana,47
3819,5793,2024-01-26,Missing Features,Slack,103
3820,640,2022-05-17,Switched Competitor,ClickUp,43
3821,14613,2022-08-18,High Pricing,ClickUp,26
3822,20675,2022-07-28,Poor Experience,Monday.com,115
3823,3656,2022-12-10,Switched Competitor,Asana,93
3824,2925,2023-01-07,Technical Issues,Monday.com,23
3825,43682,2022-02-11,Technical Issues,Monday.com,49
3826,21158,2022-07-13,Low Usage,ClickUp,69
3827,2719,2022-10-05,Poor Experience,Asana,20
3828,16123,2024-11-05,Missing Features,Notion,71
3829,24824,2024-06-02,Poor Experience,ClickUp,70
3830,48763,2022-08-10,Poor Experience,Monday.com,39
3831,5187,2022-12-06,Switched Competitor,Asana,55
3832,26559,2024-06-07,Poor Experience,Slack,116
3833,27828,2023-11-09,High Pricing,Slack,88
3834,22215,2024-08-19,Missing Features,Notion,15
3835,37360,2024-03-12,Low Usage,Notion,101
3836,12164,2024-09-21,Poor Experience,Monday.com,82
3837,35162,2025-03-24,Missing Features,ClickUp,28
3838,11692,2023-08-16,High Pricing,Notion,115
3839,20196,2023-09-15,High Pricing,Monday.com,17
3840,35004,2024-11-16,Technical Issues,Notion,16
3841,41135,2022-03-02,Missing Features,Notion,78
3842,40214,2024-03-11,Switched Competitor,Monday.com,98
3843,13070,2024-03-24,Poor Experience,Asana,83
3844,3079,2023-08-31,Switched Competitor,ClickUp,8
3845,29124,2025-04-11,Poor Experience,Slack,19
3846,43114,2023-04-02,Poor Experience,Monday.com,107
3847,35800,2024-03-08,Low Usage,Asana,63
3848,17151,2023-12-03,Poor Experience,ClickUp,39
3849,23582,2022-05-23,Missing Features,Slack,108
3850,22230,2024-02-21,Switched Competitor,ClickUp,39
3851,21321,2022-03-20,High Pricing,Slack,61
3852,14041,2022-10-31,Switched Competitor,Monday.com,77
3853,29748,2024-05-24,Technical Issues,Monday.com,52
3854,20551,2024-11-02,Missing Features,ClickUp,36
3855,17774,2022-10-09,High Pricing,Monday.com,77
3856,832,2024-07-02,Missing Features,Notion,8
3857,36866,2024-05-04,Poor Experience,Notion,61
3858,1440,2025-01-20,Switched Competitor,Slack,101
3859,10164,2022-05-09,High Pricing,Monday.com,19
3860,23727,2024-08-23,Low Usage,ClickUp,60
3861,49728,2023-12-10,High Pricing,Slack,104
3862,19572,2023-11-05,Poor Experience,Asana,96
3863,32199,2025-02-04,Switched Competitor,ClickUp,82
3864,23883,2024-06-12,Switched Competitor,Slack,64
3865,46427,2022-04-20,Missing Features,Notion,54
3866,48007,2025-01-03,Missing Features,Slack,75
3867,2763,2023-07-31,Technical Issues,Notion,120
3868,1549,2022-09-08,Low Usage,ClickUp,90
3869,47258,2023-07-05,Missing Features,ClickUp,14
3870,22793,2022-03-10,Missing Features,Asana,25
3871,15670,2023-07-29,Low Usage,Slack,99
3872,29397,2022-11-22,Poor Experience,Asana,54
3873,32686,2024-04-09,Poor Experience,ClickUp,16
3874,34840,2022-01-09,Switched Competitor,ClickUp,47
3875,38041,2024-12-01,Switched Competitor,ClickUp,70
3876,49306,2023-01-12,High Pricing,ClickUp,63
3877,40383,2023-05-21,Switched Competitor,Slack,60
3878,29021,2023-01-13,Technical Issues,Slack,112
3879,7025,2023-06-25,Low Usage,Asana,50
3880,34554,2022-10-24,Switched Competitor,Slack,56
3881,7073,2024-02-16,Missing Features,ClickUp,8
3882,29829,2024-07-14,Poor Experience,ClickUp,39
3883,9577,2025-01-01,Missing Features,Monday.com,95
3884,39276,2022-05-22,Poor Experience,Notion,3
3885,25160,2023-01-08,Switched Competitor,ClickUp,32
3886,42342,2024-02-06,Switched Competitor,Slack,6
3887,48705,2024-05-19,Poor Experience,ClickUp,77
3888,45318,2023-07-16,Low Usage,Notion,92
3889,33163,2024-08-21,Missing Features,Notion,58
3890,7884,2024-03-10,Missing Features,Monday.com,117
3891,41020,2024-07-07,Low Usage,Asana,71
3892,7026,2022-10-14,Low Usage,Monday.com,9
3893,4319,2024-09-10,Technical Issues,Slack,109
3894,8093,2024-07-16,Poor Experience,Asana,62
3895,7237,2023-01-12,Poor Experience,Monday.com,86
3896,12618,2022-06-18,High Pricing,Notion,95
3897,35173,2024-02-27,Switched Competitor,Slack,103
3898,8191,2024-11-03,Missing Features,Asana,55
3899,19527,2024-12-21,High Pricing,Monday.com,106
3900,37394,2023-10-21,Poor Experience,ClickUp,39
3901,19207,2024-08-03,Technical Issues,ClickUp,4
3902,36627,2024-12-29,Poor Experience,Monday.com,42
3903,29788,2024-08-23,Missing Features,Monday.com,51
3904,12918,2022-12-28,Switched Competitor,Slack,96
3905,20662,2022-09-21,Missing Features,ClickUp,77
3906,46001,2024-01-18,Poor Experience,Monday.com,91
3907,43631,2024-04-08,High Pricing,Asana,93
3908,4660,2023-04-18,Technical Issues,ClickUp,62
3909,25231,2024-04-28,Poor Experience,Notion,84
3910,47641,2024-12-18,Missing Features,Slack,14
3911,45401,2023-07-08,Switched Competitor,Slack,107
3912,1619,2022-07-21,Low Usage,Slack,51
3913,12786,2024-06-11,High Pricing,ClickUp,44
3914,41179,2024-08-21,High Pricing,ClickUp,58
3915,4376,2022-04-05,High Pricing,ClickUp,81
3916,42393,2022-02-06,Switched Competitor,Notion,61
3917,49078,2022-02-21,Missing Features,ClickUp,49
3918,35666,2023-07-22,Low Usage,ClickUp,4
3919,13008,2024-06-25,Technical Issues,Notion,84
3920,29554,2024-03-08,Poor Experience,Slack,33
3921,45179,2024-04-27,Low Usage,Notion,7
3922,38475,2022-04-27,Switched Competitor,Slack,116
3923,5463,2023-06-03,Missing Features,ClickUp,42
3924,26350,2024-07-27,Low Usage,ClickUp,100
3925,49925,2022-04-18,Low Usage,Asana,84
3926,46322,2023-11-07,Poor Experience,Notion,54
3927,44577,2023-12-30,Switched Competitor,Slack,9
3928,48503,2024-11-16,Poor Experience,Notion,9
3929,35613,2022-05-16,Low Usage,Notion,10
3930,45742,2024-06-06,Technical Issues,Asana,95
3931,25116,2023-08-07,Low Usage,Monday.com,59
3932,49568,2023-11-03,High Pricing,Slack,108
3933,22424,2024-05-28,Missing Features,Asana,53
3934,18104,2024-10-07,Switched Competitor,ClickUp,51
3935,26769,2024-11-25,Poor Experience,Slack,21
3936,31118,2024-12-06,Switched Competitor,Monday.com,19
3937,32642,2024-11-16,High Pricing,Notion,83
3938,43881,2024-08-06,Technical Issues,Asana,106
3939,11894,2022-01-14,High Pricing,Slack,95
3940,30253,2024-01-30,Poor Experience,Asana,90
3941,14866,2024-12-08,High Pricing,ClickUp,32
3942,828,2024-04-27,Missing Features,Monday.com,56
3943,48486,2024-01-12,Switched Competitor,Slack,78
3944,35105,2025-04-01,Low Usage,ClickUp,114
3945,27295,2025-03-20,Switched Competitor,ClickUp,14
3946,30361,2024-11-19,Missing Features,ClickUp,42
3947,27456,2022-05-21,Low Usage,Slack,63
3948,13411,2025-04-15,Low Usage,ClickUp,117
3949,48314,2024-07-02,Switched Competitor,Slack,25
3950,47574,2024-02-17,Poor Experience,Notion,119
3951,8299,2024-12-04,Low Usage,Notion,35
3952,40661,2023-07-30,Technical Issues,Monday.com,106
3953,48710,2023-09-21,Technical Issues,ClickUp,17
3954,31045,2025-03-15,High Pricing,Slack,35
3955,43516,2024-12-05,Missing Features,Monday.com,82
3956,22073,2023-08-02,High Pricing,ClickUp,36
3957,7164,2024-06-27,High Pricing,Slack,93
3958,42639,2023-02-15,Low Usage,Notion,115
3959,22676,2023-01-11,High Pricing,Notion,81
3960,37012,2025-04-13,Poor Experience,Asana,115
3961,47435,2023-08-30,Technical Issues,Asana,102
3962,16464,2023-01-02,Switched Competitor,Asana,17
3963,17762,2022-12-08,Missing Features,Asana,120
3964,797,2024-12-21,Technical Issues,Slack,12
3965,7308,2024-08-27,Technical Issues,Monday.com,104
3966,23237,2024-09-03,High Pricing,Monday.com,91
3967,8467,2025-03-26,High Pricing,ClickUp,53
3968,43138,2025-02-26,High Pricing,Notion,30
3969,21636,2022-02-01,Low Usage,Slack,38
3970,3425,2023-08-06,Technical Issues,Monday.com,46
3971,3827,2024-04-25,Poor Experience,Asana,80
3972,37298,2024-06-26,Low Usage,Notion,46
3973,2041,2022-12-17,Low Usage,Slack,97
3974,26195,2024-10-26,High Pricing,ClickUp,106
3975,12706,2024-05-11,Technical Issues,ClickUp,5
3976,25490,2022-02-11,Low Usage,Asana,97
3977,30041,2022-08-03,Poor Experience,Asana,18
3978,42326,2023-02-27,Missing Features,Asana,67
3979,26272,2023-12-05,Technical Issues,Slack,74
3980,25613,2025-01-17,Switched Competitor,Asana,55
3981,30179,2024-05-30,Switched Competitor,ClickUp,61
3982,42981,2023-12-24,Technical Issues,Notion,53
3983,33560,2022-01-22,Missing Features,ClickUp,21
3984,40455,2023-02-28,Low Usage,Asana,70
3985,11306,2022-10-15,Poor Experience,Slack,40
3986,3458,2024-05-26,Poor Experience,Slack,102
3987,44100,2022-12-08,Technical Issues,ClickUp,12
3988,1900,2022-07-01,High Pricing,Notion,25
3989,43306,2022-12-20,Low Usage,Slack,108
3990,20451,2024-12-09,Poor Experience,Slack,83
3991,2915,2024-12-22,High Pricing,Notion,74
3992,19026,2024-08-23,Technical Issues,Slack,21
3993,25497,2023-07-14,Low Usage,Notion,42
3994,49844,2023-09-16,High Pricing,Monday.com,107
3995,46276,2024-09-01,High Pricing,ClickUp,102
3996,12782,2022-04-03,Low Usage,Slack,63
3997,20493,2024-01-17,Low Usage,Notion,60
3998,44787,2022-03-24,Poor Experience,ClickUp,55
3999,919,2022-08-12,Missing Features,Monday.com,19
4000,40642,2023-09-23,High Pricing,Asana,51
4001,30928,2025-01-15,Technical Issues,ClickUp,40
4002,28056,2024-04-22,High Pricing,Monday.com,114
4003,8805,2022-03-25,High Pricing,ClickUp,64
4004,39898,2022-03-19,Low Usage,Asana,21
4005,1777,2022-02-28,Switched Competitor,Notion,51
4006,38764,2023-11-15,Low Usage,Asana,107
4007,26067,2023-09-15,Technical Issues,ClickUp,98
4008,40836,2023-04-07,Poor Experience,Notion,2
4009,13508,2023-04-19,Technical Issues,Monday.com,14
4010,19894,2022-04-22,Technical Issues,Asana,21
4011,42362,2025-01-12,Technical Issues,Notion,38
4012,5494,2024-12-13,Poor Experience,Notion,116
4013,45380,2023-01-23,Low Usage,Notion,3
4014,21721,2024-05-28,Missing Features,Slack,22
4015,36894,2022-06-05,Low Usage,Asana,50
4016,45641,2025-03-11,Switched Competitor,Notion,118
4017,41978,2023-08-26,Low Usage,Notion,109
4018,1593,2024-03-27,Low Usage,Monday.com,12
4019,19851,2023-05-11,Technical Issues,Notion,22
4020,10863,2023-08-17,Low Usage,Slack,67
4021,10863,2022-08-04,Low Usage,Monday.com,107
4022,36054,2022-05-02,Low Usage,ClickUp,94
4023,19693,2025-03-27,Poor Experience,ClickUp,59
4024,15468,2024-11-07,Missing Features,Slack,120
4025,14912,2023-02-28,Poor Experience,Asana,6
4026,10245,2022-02-21,Missing Features,Monday.com,78
4027,9594,2024-03-04,Switched Competitor,Slack,72
4028,26910,2023-10-17,High Pricing,Monday.com,116
4029,13849,2024-10-14,Missing Features,ClickUp,30
4030,22845,2022-03-21,Technical Issues,Slack,112
4031,4826,2022-04-26,Poor Experience,Notion,8
4032,28943,2022-04-11,Missing Features,Monday.com,74
4033,15785,2024-06-11,Missing Features,Asana,58
4034,18858,2022-01-18,Poor Experience,Asana,58
4035,4834,2024-05-27,Missing Features,Asana,7
4036,20379,2024-01-11,High Pricing,ClickUp,108
4037,11146,2022-05-17,Technical Issues,Asana,42
4038,37727,2024-08-09,High Pricing,Notion,100
4039,38171,2023-12-15,Missing Features,Monday.com,57
4040,39054,2023-03-28,Technical Issues,Slack,45
4041,37555,2025-01-30,Missing Features,Notion,87
4042,34548,2023-06-09,High Pricing,Slack,18
4043,9964,2022-07-13,Technical Issues,Monday.com,105
4044,43711,2022-05-18,Switched Competitor,Slack,8
4045,14909,2023-06-29,Technical Issues,Asana,15
4046,34563,2023-11-11,High Pricing,Asana,50
4047,10783,2022-09-11,Low Usage,Asana,34
4048,38015,2025-01-25,Missing Features,Asana,96
4049,1802,2022-06-14,Technical Issues,Monday.com,82
4050,20934,2023-08-01,High Pricing,ClickUp,68
4051,38223,2022-04-02,Low Usage,ClickUp,24
4052,48664,2024-06-23,Switched Competitor,Monday.com,6
4053,34640,2024-11-04,Missing Features,Slack,42
4054,47446,2022-01-11,Missing Features,ClickUp,116
4055,30479,2024-01-05,Technical Issues,ClickUp,104
4056,45826,2023-12-21,Poor Experience,Slack,61
4057,12913,2023-05-16,Switched Competitor,Slack,57
4058,25521,2023-04-21,High Pricing,Notion,93
4059,6630,2022-06-08,Switched Competitor,Notion,18
4060,45,2022-08-30,High Pricing,Slack,113
4061,16647,2022-08-05,Low Usage,Notion,107
4062,2909,2023-06-11,High Pricing,Slack,26
4063,15709,2024-11-02,Switched Competitor,Slack,75
4064,3129,2024-05-28,Poor Experience,Monday.com,102
4065,27771,2023-12-17,Switched Competitor,Slack,49
4066,45017,2024-12-31,Low Usage,Slack,19
4067,22942,2024-12-01,Technical Issues,Asana,52
4068,32217,2024-10-27,Low Usage,Slack,51
4069,7254,2022-04-23,Technical Issues,Slack,18
4070,14368,2025-04-15,Low Usage,Notion,117
4071,26247,2022-06-14,High Pricing,Monday.com,57
4072,39763,2023-12-06,Poor Experience,Asana,75
4073,47480,2022-04-27,Switched Competitor,Asana,45
4074,44848,2022-05-28,Switched Competitor,ClickUp,63
4075,40460,2024-09-15,Missing Features,Notion,105
4076,19951,2022-03-08,Switched Competitor,ClickUp,17
4077,19629,2024-12-15,Technical Issues,Notion,66
4078,41893,2025-02-09,Missing Features,Monday.com,32
4079,16671,2022-11-19,Switched Competitor,Slack,57
4080,38349,2023-05-04,High Pricing,Monday.com,52
4081,5568,2022-04-27,Switched Competitor,Notion,4
4082,1561,2024-06-16,Switched Competitor,Slack,23
4083,16569,2024-05-21,High Pricing,Monday.com,75
4084,31077,2024-04-30,Technical Issues,Monday.com,19
4085,43811,2023-02-01,Switched Competitor,ClickUp,38
4086,38608,2023-02-06,Technical Issues,ClickUp,72
4087,24855,2023-07-29,Poor Experience,ClickUp,45
4088,43177,2024-07-16,Low Usage,Notion,118
4089,34717,2023-08-03,Switched Competitor,Asana,57
4090,1049,2024-05-21,Technical Issues,ClickUp,8
4091,18556,2024-02-07,Low Usage,ClickUp,18
4092,37249,2025-02-02,Switched Competitor,Notion,10
4093,26495,2023-11-01,Poor Experience,Asana,14
4094,12770,2024-12-06,Missing Features,Monday.com,70
4095,30967,2023-10-04,Switched Competitor,Asana,46
4096,32082,2024-08-19,Technical Issues,Asana,115
4097,31192,2022-05-29,Switched Competitor,Asana,28
4098,2204,2024-02-20,High Pricing,Asana,119
4099,33350,2025-02-06,Technical Issues,Notion,84
4100,15296,2023-07-28,Low Usage,Notion,84
4101,47467,2024-02-11,Switched Competitor,Notion,84
4102,5045,2023-12-12,High Pricing,Monday.com,12
4103,40923,2025-03-03,Poor Experience,Monday.com,46
4104,11902,2024-10-19,Missing Features,Slack,40
4105,44207,2024-05-16,Switched Competitor,ClickUp,26
4106,12272,2023-08-19,Technical Issues,Slack,115
4107,37571,2024-07-17,Technical Issues,Monday.com,32
4108,8593,2024-08-15,Missing Features,Notion,10
4109,41142,2023-08-28,Missing Features,Monday.com,23
4110,40023,2022-10-01,Low Usage,Notion,20
4111,23207,2024-02-21,Low Usage,Notion,117
4112,27570,2023-09-29,High Pricing,Asana,73
4113,18876,2022-01-25,Switched Competitor,ClickUp,23
4114,45378,2022-07-05,Switched Competitor,Notion,88
4115,7428,2023-06-09,Low Usage,ClickUp,112
4116,48986,2024-04-17,Technical Issues,Asana,26
4117,31815,2023-04-28,Low Usage,Slack,59
4118,39328,2023-09-25,Low Usage,Notion,51
4119,42046,2024-04-03,Technical Issues,Slack,114
4120,17784,2022-08-21,Switched Competitor,Slack,65
4121,38490,2022-04-08,Switched Competitor,Asana,4
4122,38962,2023-04-19,Switched Competitor,Slack,56
4123,43385,2023-04-08,Missing Features,ClickUp,1
4124,4621,2024-09-16,Low Usage,Asana,22
4125,16017,2022-01-26,Missing Features,Monday.com,101
4126,4442,2023-06-09,Low Usage,Asana,113
4127,20714,2025-03-18,High Pricing,Slack,110
4128,31891,2025-03-22,Technical Issues,Slack,2
4129,48376,2022-05-06,Switched Competitor,Notion,34
4130,24341,2022-09-17,High Pricing,Monday.com,91
4131,24039,2022-05-29,Poor Experience,Monday.com,106
4132,17977,2024-02-02,High Pricing,Monday.com,99
4133,38228,2023-05-24,High Pricing,Notion,31
4134,9756,2025-03-08,Technical Issues,Monday.com,5
4135,30959,2022-07-20,High Pricing,Notion,67
4136,842,2024-12-06,Switched Competitor,Monday.com,62
4137,24379,2022-02-26,Technical Issues,ClickUp,52
4138,32415,2025-01-03,Technical Issues,Slack,55
4139,35347,2022-11-29,Low Usage,Notion,30
4140,48037,2024-01-17,Poor Experience,ClickUp,85
4141,37824,2024-12-07,Missing Features,ClickUp,64
4142,16987,2023-11-02,Low Usage,ClickUp,17
4143,32501,2024-06-10,Technical Issues,Asana,13
4144,37111,2022-10-31,Low Usage,Asana,32
4145,34546,2023-03-23,High Pricing,Monday.com,24
4146,3544,2023-09-01,Technical Issues,Notion,55
4147,40436,2024-08-24,Switched Competitor,Notion,87
4148,13716,2023-07-26,Missing Features,Slack,82
4149,39924,2022-04-11,Low Usage,Monday.com,86
4150,29486,2025-01-11,Switched Competitor,Notion,63
4151,38449,2024-09-04,High Pricing,Monday.com,90
4152,8750,2024-01-19,High Pricing,Slack,46
4153,21193,2022-08-27,Switched Competitor,Monday.com,112
4154,39786,2022-10-17,Missing Features,ClickUp,58
4155,16339,2024-09-19,High Pricing,Asana,116
4156,19007,2024-08-26,Poor Experience,Slack,106
4157,28426,2025-01-10,Poor Experience,Slack,52
4158,18084,2022-07-29,Poor Experience,Asana,32
4159,11151,2024-05-31,Technical Issues,Asana,48
4160,28788,2024-09-29,Poor Experience,Monday.com,48
4161,16931,2024-02-09,High Pricing,Slack,15
4162,47923,2022-07-21,Missing Features,ClickUp,42
4163,30029,2023-01-01,Poor Experience,Monday.com,43
4164,15496,2024-10-21,Missing Features,ClickUp,50
4165,36117,2024-08-09,Technical Issues,Asana,11
4166,19674,2022-07-09,Missing Features,Asana,52
4167,38557,2024-07-02,Switched Competitor,Slack,78
4168,163,2024-09-14,Poor Experience,Monday.com,70
4169,9963,2022-04-30,Missing Features,ClickUp,70
4170,23222,2025-04-05,Technical Issues,Monday.com,41
4171,5370,2024-12-23,Missing Features,Slack,28
4172,49356,2022-09-28,Technical Issues,Slack,59
4173,17810,2022-12-31,Low Usage,ClickUp,108
4174,22284,2022-07-04,Switched Competitor,Asana,50
4175,32762,2023-06-25,Low Usage,Monday.com,104
4176,23968,2023-04-02,Missing Features,ClickUp,92
4177,43139,2024-11-03,Low Usage,Slack,76
4178,36367,2024-11-12,Technical Issues,Notion,67
4179,8212,2024-02-22,Low Usage,ClickUp,43
4180,48101,2025-02-28,Missing Features,Asana,113
4181,43070,2023-09-15,High Pricing,Asana,118
4182,8068,2023-04-24,High Pricing,Slack,85
4183,12644,2022-08-10,Missing Features,Slack,120
4184,34989,2022-04-10,Switched Competitor,Slack,33
4185,47438,2022-02-22,High Pricing,ClickUp,110
4186,6475,2023-10-10,Switched Competitor,ClickUp,81
4187,35538,2022-01-10,Low Usage,Slack,55
4188,30458,2024-12-17,Missing Features,Notion,87
4189,5168,2023-07-09,Missing Features,Asana,107
4190,11160,2024-07-20,Switched Competitor,Monday.com,21
4191,13075,2022-05-04,Missing Features,ClickUp,118
4192,23072,2022-01-30,Poor Experience,Slack,90
4193,6704,2025-02-11,High Pricing,Asana,115
4194,8275,2022-06-25,Low Usage,Asana,33
4195,47788,2023-01-18,Poor Experience,ClickUp,49
4196,37300,2022-02-06,Missing Features,ClickUp,42
4197,35647,2023-05-23,High Pricing,Asana,15
4198,3323,2023-03-09,Low Usage,Asana,72
4199,41377,2022-02-01,High Pricing,Monday.com,57
4200,36392,2023-09-15,Technical Issues,Notion,69
4201,1709,2024-02-09,Missing Features,Asana,86
4202,28309,2022-05-13,Technical Issues,Monday.com,19
4203,16218,2023-06-13,High Pricing,Asana,48
4204,458,2023-07-29,Missing Features,ClickUp,12
4205,16912,2024-01-15,Technical Issues,Notion,6
4206,47251,2023-04-15,Technical Issues,Asana,23
4207,4157,2022-01-30,Low Usage,Slack,78
4208,32943,2024-07-28,Low Usage,Notion,30
4209,8419,2025-01-03,Technical Issues,Slack,90
4210,34384,2024-09-14,Poor Experience,Slack,67
4211,26376,2022-09-14,Low Usage,Slack,53
4212,38142,2022-07-14,Poor Experience,Asana,32
4213,1956,2024-11-03,High Pricing,Notion,95
4214,6306,2022-02-01,Poor Experience,Notion,47
4215,250,2025-02-09,High Pricing,Notion,35
4216,11295,2024-12-14,Low Usage,ClickUp,1
4217,34113,2025-03-30,Low Usage,ClickUp,72
4218,18742,2024-06-19,Poor Experience,Monday.com,119
4219,15843,2023-06-13,High Pricing,Monday.com,10
4220,41420,2023-10-06,Missing Features,ClickUp,25
4221,34491,2022-11-05,High Pricing,Slack,48
4222,8035,2023-12-10,Switched Competitor,Slack,48
4223,25166,2024-08-07,High Pricing,Slack,57
4224,29065,2025-01-15,Technical Issues,ClickUp,105
4225,45771,2023-10-04,Missing Features,Monday.com,40
4226,49016,2024-01-11,Low Usage,Slack,94
4227,9176,2024-12-06,Switched Competitor,Notion,113
4228,46846,2023-06-09,Technical Issues,Monday.com,59
4229,46612,2024-12-16,Missing Features,Notion,119
4230,12485,2024-01-08,Low Usage,Notion,117
4231,23946,2023-10-14,High Pricing,Monday.com,118
4232,3411,2025-01-20,Poor Experience,ClickUp,29
4233,44469,2024-03-28,Switched Competitor,ClickUp,46
4234,44179,2024-10-17,High Pricing,Slack,48
4235,10575,2024-01-24,Low Usage,Slack,35
4236,8615,2022-10-01,Switched Competitor,Notion,11
4237,10992,2022-03-16,Missing Features,ClickUp,77
4238,47375,2024-02-19,Missing Features,ClickUp,93
4239,39749,2024-08-27,Technical Issues,Asana,50
4240,41908,2025-01-09,High Pricing,Slack,25
4241,43686,2024-06-29,Missing Features,Asana,39
4242,21463,2023-08-21,Missing Features,ClickUp,14
4243,29923,2023-07-31,Switched Competitor,ClickUp,79
4244,23436,2024-05-13,Missing Features,Slack,117
4245,37496,2025-03-22,Switched Competitor,Slack,49
4246,15706,2022-04-18,Poor Experience,Asana,56
4247,7976,2024-04-15,Technical Issues,Asana,77
4248,49081,2024-11-27,Technical Issues,ClickUp,83
4249,40234,2024-12-07,High Pricing,Monday.com,87
4250,41319,2022-02-09,Switched Competitor,Notion,4
4251,19180,2024-10-05,Poor Experience,Slack,8
4252,15411,2024-09-04,Technical Issues,Monday.com,25
4253,25633,2023-11-16,Low Usage,Asana,103
4254,46734,2023-04-29,Missing Features,Slack,78
4255,20656,2024-11-20,Missing Features,Slack,72
4256,13556,2024-12-28,Technical Issues,Slack,78
4257,11298,2024-04-09,Missing Features,Monday.com,12
4258,34549,2022-06-18,High Pricing,Notion,46
4259,11964,2022-07-21,Poor Experience,Monday.com,97
4260,3640,2024-07-30,Low Usage,Notion,2
4261,26246,2022-12-26,Poor Experience,ClickUp,6
4262,24955,2022-01-22,High Pricing,Asana,77
4263,38725,2022-09-20,Low Usage,Notion,42
4264,11924,2023-04-24,Poor Experience,Monday.com,59
4265,44853,2024-11-21,Low Usage,Asana,120
4266,41996,2022-09-26,Low Usage,Slack,78
4267,8290,2024-07-24,Low Usage,ClickUp,14
4268,7231,2022-07-25,Low Usage,Slack,12
4269,44181,2023-03-13,Switched Competitor,Notion,83
4270,23532,2023-02-22,Missing Features,Monday.com,34
4271,8271,2024-03-17,Technical Issues,Notion,60
4272,35695,2022-06-12,High Pricing,Monday.com,57
4273,24427,2022-01-23,Technical Issues,Asana,23
4274,4401,2024-12-08,High Pricing,Monday.com,116
4275,17291,2023-09-30,Missing Features,Slack,98
4276,29703,2023-09-13,High Pricing,Slack,102
4277,33097,2022-09-25,Switched Competitor,ClickUp,110
4278,12112,2023-04-17,High Pricing,Asana,10
4279,45775,2023-01-21,Low Usage,ClickUp,22
4280,19166,2025-02-11,High Pricing,Slack,13
4281,28324,2022-05-05,Poor Experience,Monday.com,36
4282,1237,2023-03-04,Switched Competitor,Slack,82
4283,44463,2024-07-05,Poor Experience,Notion,4
4284,8717,2023-04-04,Switched Competitor,Slack,48
4285,23496,2024-04-01,Missing Features,Slack,56
4286,8042,2023-06-28,Poor Experience,ClickUp,10
4287,30685,2023-03-12,Missing Features,Slack,120
4288,20230,2024-12-23,Low Usage,Slack,104
4289,27978,2023-06-29,Low Usage,ClickUp,44
4290,39916,2025-01-11,Switched Competitor,Slack,83
4291,5199,2022-11-03,Missing Features,Asana,58
4292,10439,2022-11-30,Poor Experience,Notion,88
4293,15820,2023-05-11,Low Usage,Notion,41
4294,38418,2024-02-14,Low Usage,Slack,65
4295,26029,2022-10-15,Poor Experience,Slack,49
4296,22846,2025-04-01,Switched Competitor,Asana,96
4297,36853,2022-11-22,High Pricing,Monday.com,106
4298,31953,2025-03-26,Low Usage,Notion,34
4299,37952,2022-03-26,Poor Experience,ClickUp,91
4300,2275,2022-06-07,Poor Experience,Asana,82
4301,48709,2024-07-18,Switched Competitor,Monday.com,67
4302,29857,2022-05-02,Low Usage,Monday.com,59
4303,28599,2024-09-13,Low Usage,Notion,10
4304,32650,2023-12-05,High Pricing,Slack,96
4305,10987,2022-05-02,Technical Issues,Notion,107
4306,25200,2024-04-23,Low Usage,Notion,6
4307,8197,2022-10-03,Low Usage,ClickUp,45
4308,2398,2024-04-23,High Pricing,Asana,115
4309,24841,2022-08-27,Low Usage,Asana,18
4310,20899,2023-04-05,Poor Experience,Monday.com,42
4311,42766,2024-10-02,Missing Features,Asana,25
4312,43879,2024-03-22,High Pricing,Monday.com,103
4313,33880,2023-10-29,Missing Features,ClickUp,33
4314,16658,2022-04-20,Poor Experience,Slack,46
4315,6879,2022-11-25,High Pricing,Slack,61
4316,40785,2022-12-01,Switched Competitor,Monday.com,85
4317,40356,2024-11-30,High Pricing,Slack,89
4318,31058,2024-10-28,Technical Issues,Monday.com,94
4319,16304,2022-06-15,Poor Experience,Asana,25
4320,30363,2024-12-24,Low Usage,ClickUp,43
4321,10887,2023-06-26,Poor Experience,Monday.com,43
4322,34240,2025-01-31,Low Usage,Notion,109
4323,40733,2024-11-04,Switched Competitor,Monday.com,88
4324,3375,2022-04-16,Low Usage,Asana,7
4325,28225,2024-06-06,Technical Issues,ClickUp,32
4326,4350,2022-08-10,High Pricing,Asana,17
4327,24543,2022-01-31,Poor Experience,Notion,81
4328,2468,2024-07-20,Poor Experience,Notion,74
4329,35347,2023-11-24,Technical Issues,Notion,105
4330,30803,2024-08-30,Poor Experience,Slack,22
4331,10401,2023-10-01,Technical Issues,Notion,44
4332,16428,2024-04-10,Poor Experience,Slack,74
4333,11102,2023-07-03,Switched Competitor,Slack,62
4334,48173,2022-11-21,Missing Features,Asana,115
4335,13614,2024-12-12,Low Usage,Asana,73
4336,29023,2022-11-07,Poor Experience,Slack,86
4337,22582,2024-01-02,Switched Competitor,Asana,12
4338,347,2022-04-27,Low Usage,Notion,12
4339,39996,2024-07-13,Missing Features,ClickUp,8
4340,28322,2023-10-24,Technical Issues,Notion,13
4341,2272,2024-11-23,Switched Competitor,Notion,115
4342,17725,2022-09-11,Missing Features,Notion,90
4343,4922,2024-10-09,Missing Features,Monday.com,92
4344,8283,2023-12-12,Low Usage,ClickUp,9
4345,30755,2024-06-07,Low Usage,ClickUp,71
4346,16436,2022-01-23,High Pricing,Slack,22
4347,44557,2022-07-12,Low Usage,ClickUp,9
4348,48503,2023-01-06,Technical Issues,Notion,120
4349,2658,2024-11-06,Low Usage,Notion,76
4350,2457,2024-01-02,Low Usage,Slack,20
4351,36721,2024-10-20,Low Usage,Monday.com,38
4352,27117,2024-02-27,Poor Experience,Notion,15
4353,47087,2022-02-11,High Pricing,Slack,75
4354,15602,2025-03-25,Technical Issues,Monday.com,25
4355,44213,2024-05-29,Missing Features,Monday.com,116
4356,3604,2022-08-10,Switched Competitor,Monday.com,69
4357,8073,2022-08-05,High Pricing,Slack,116
4358,36328,2024-04-21,Poor Experience,Asana,70
4359,38001,2022-11-06,Missing Features,ClickUp,110
4360,32128,2022-08-11,Switched Competitor,Asana,42
4361,43889,2022-11-30,Low Usage,Notion,9
4362,44794,2025-01-20,Low Usage,ClickUp,79
4363,19389,2022-02-14,High Pricing,ClickUp,86
4364,3436,2022-03-08,Missing Features,Slack,32
4365,25441,2022-11-11,High Pricing,Asana,77
4366,37396,2022-07-10,Switched Competitor,Slack,72
4367,10346,2022-09-10,High Pricing,Notion,93
4368,9737,2023-07-09,Switched Competitor,Slack,3
4369,24360,2024-10-03,Switched Competitor,Monday.com,22
4370,32493,2023-05-13,Technical Issues,Monday.com,1
4371,37612,2022-07-03,Switched Competitor,Monday.com,5
4372,8197,2025-03-19,Switched Competitor,ClickUp,115
4373,37632,2022-04-19,Poor Experience,ClickUp,70
4374,40853,2023-02-20,Switched Competitor,ClickUp,78
4375,32530,2024-06-28,Missing Features,Slack,32
4376,22002,2024-01-16,High Pricing,Asana,78
4377,46158,2023-05-26,Low Usage,ClickUp,25
4378,30425,2022-02-14,Missing Features,Asana,46
4379,16941,2022-04-07,Technical Issues,Asana,80
4380,37469,2024-07-23,Switched Competitor,Asana,55
4381,36163,2023-05-21,Poor Experience,ClickUp,68
4382,33478,2024-07-02,Switched Competitor,Notion,56
4383,19345,2024-10-11,Switched Competitor,ClickUp,111
4384,20150,2025-02-12,Low Usage,Asana,25
4385,2121,2024-03-23,Poor Experience,Notion,81
4386,23960,2023-04-08,High Pricing,Asana,28
4387,30286,2022-07-07,High Pricing,Slack,72
4388,12896,2022-03-25,Missing Features,Notion,38
4389,32256,2023-03-04,Switched Competitor,Asana,75
4390,7491,2023-08-22,Missing Features,Monday.com,72
4391,47209,2022-03-15,Low Usage,ClickUp,94
4392,26757,2023-03-01,Missing Features,ClickUp,54
4393,5485,2024-02-21,Switched Competitor,Slack,76
4394,48917,2023-11-28,Low Usage,Slack,31
4395,8500,2023-10-27,Poor Experience,Asana,82
4396,12677,2025-02-16,Switched Competitor,Monday.com,53
4397,22002,2024-12-26,Low Usage,Notion,79
4398,42092,2024-11-11,High Pricing,Notion,41
4399,15378,2023-03-17,Missing Features,Slack,70
4400,16085,2023-08-10,High Pricing,Asana,63
4401,6670,2025-02-02,High Pricing,Asana,64
4402,20932,2022-07-15,Poor Experience,Monday.com,77
4403,23219,2023-01-04,High Pricing,ClickUp,62
4404,39346,2023-03-21,Switched Competitor,Monday.com,80
4405,29950,2024-05-07,Missing Features,Monday.com,57
4406,47406,2024-04-05,Missing Features,Slack,109
4407,3424,2022-07-13,Missing Features,ClickUp,105
4408,28237,2022-08-25,Poor Experience,Asana,54
4409,17098,2024-12-17,Low Usage,ClickUp,104
4410,43851,2023-11-28,Technical Issues,Asana,108
4411,22754,2024-08-29,Missing Features,Monday.com,36
4412,43013,2022-10-09,Switched Competitor,Monday.com,19
4413,41474,2023-10-13,Poor Experience,ClickUp,83
4414,18681,2022-11-28,Low Usage,Slack,96
4415,28584,2024-07-13,Low Usage,Notion,97
4416,34917,2023-01-27,Missing Features,Notion,90
4417,45882,2025-03-27,Poor Experience,Asana,98
4418,43403,2023-07-05,Switched Competitor,Notion,60
4419,44625,2023-03-17,Low Usage,ClickUp,84
4420,31823,2022-12-25,Low Usage,Notion,60
4421,41331,2024-11-14,Technical Issues,ClickUp,89
4422,21931,2024-07-06,Missing Features,Notion,70
4423,49712,2025-03-25,Technical Issues,Slack,87
4424,3421,2024-09-19,Poor Experience,Slack,112
4425,19747,2022-06-01,Switched Competitor,ClickUp,40
4426,14305,2024-07-04,Low Usage,Slack,41
4427,42058,2022-09-04,Technical Issues,Asana,16
4428,28014,2022-09-20,Missing Features,Asana,2
4429,47624,2022-06-14,Poor Experience,Asana,100
4430,46700,2022-03-15,Switched Competitor,Monday.com,4
4431,42260,2022-11-25,Low Usage,Notion,31
4432,33942,2023-01-02,Low Usage,Notion,56
4433,39981,2024-01-31,Missing Features,Monday.com,5
4434,15949,2023-01-19,High Pricing,Notion,90
4435,35250,2023-09-28,Missing Features,Monday.com,97
4436,378,2025-01-01,Poor Experience,Slack,42
4437,19108,2022-02-24,Low Usage,Slack,28
4438,33746,2022-03-10,Low Usage,ClickUp,15
4439,2721,2023-08-28,Missing Features,Notion,83
4440,36625,2025-01-13,Poor Experience,ClickUp,76
4441,15189,2022-10-19,Low Usage,Slack,13
4442,17766,2024-05-19,High Pricing,Slack,60
4443,6438,2024-10-29,Switched Competitor,Monday.com,20
4444,1813,2023-09-04,High Pricing,Asana,23
4445,34934,2022-01-20,Low Usage,Notion,26
4446,16541,2023-10-11,High Pricing,Asana,6
4447,33980,2023-05-13,Missing Features,Slack,42
4448,36312,2023-05-11,Low Usage,Slack,59
4449,31955,2024-06-07,Technical Issues,Asana,4
4450,32618,2023-05-12,Technical Issues,Notion,65
4451,6046,2023-11-19,Poor Experience,Slack,100
4452,34622,2023-09-04,Technical Issues,Slack,77
4453,17966,2022-09-04,High Pricing,ClickUp,97
4454,23298,2023-04-13,Switched Competitor,Notion,35
4455,16002,2024-07-13,High Pricing,Notion,99
4456,24981,2025-01-08,Low Usage,Notion,54
4457,18740,2025-02-20,Poor Experience,Notion,54
4458,38270,2025-04-05,High Pricing,ClickUp,99
4459,35176,2022-06-01,Poor Experience,Monday.com,96
4460,3434,2022-12-21,Low Usage,Slack,70
4461,18611,2023-08-05,High Pricing,Notion,116
4462,19535,2022-03-02,Missing Features,Notion,111
4463,48951,2024-06-02,Poor Experience,Notion,16
4464,28477,2023-06-28,Poor Experience,Monday.com,18
4465,33711,2023-10-15,Missing Features,ClickUp,91
4466,8020,2023-07-27,Low Usage,ClickUp,54
4467,15004,2023-07-24,Poor Experience,Slack,84
4468,44635,2023-11-02,Poor Experience,Asana,56
4469,43553,2024-02-11,Missing Features,Notion,116
4470,24991,2023-08-15,High Pricing,Slack,14
4471,24462,2025-01-28,Poor Experience,Slack,33
4472,31588,2022-03-11,Technical Issues,Asana,90
4473,1686,2023-05-06,Technical Issues,Monday.com,29
4474,15573,2023-08-12,High Pricing,ClickUp,78
4475,31679,2024-01-15,High Pricing,Notion,100
4476,21340,2024-08-18,Low Usage,Asana,107
4477,3795,2023-07-16,Low Usage,Monday.com,36
4478,11507,2022-08-17,Switched Competitor,Slack,73
4479,7539,2024-11-29,Low Usage,Monday.com,45
4480,33460,2022-12-28,Technical Issues,Monday.com,74
4481,1906,2024-12-21,Low Usage,Asana,97
4482,18799,2024-01-30,Low Usage,Notion,34
4483,25905,2024-01-05,Poor Experience,Notion,32
4484,46429,2024-11-20,High Pricing,Asana,65
4485,11884,2022-06-26,Switched Competitor,Asana,81
4486,26785,2023-01-15,Switched Competitor,Notion,115
4487,16836,2024-05-23,Switched Competitor,Asana,10
4488,36831,2024-07-26,Low Usage,Asana,16
4489,38998,2023-04-17,Missing Features,ClickUp,53
4490,44052,2022-01-28,Switched Competitor,Slack,30
4491,14151,2023-07-19,Missing Features,Notion,113
4492,44381,2024-10-18,High Pricing,Asana,42
4493,25782,2024-05-16,Missing Features,ClickUp,90
4494,42214,2023-05-08,Low Usage,Notion,114
4495,40786,2024-07-17,High Pricing,Notion,113
4496,18879,2023-12-09,Switched Competitor,ClickUp,41
4497,30217,2024-03-22,Switched Competitor,ClickUp,45
4498,11054,2022-05-04,Missing Features,ClickUp,46
4499,46688,2022-04-08,High Pricing,ClickUp,84
4500,33051,2024-05-23,Switched Competitor,Asana,117
4501,2979,2022-11-11,Switched Competitor,Notion,66
4502,11893,2025-01-17,High Pricing,ClickUp,35
4503,42426,2022-11-03,Technical Issues,Slack,84
4504,16961,2022-03-01,High Pricing,Asana,12
4505,5524,2022-09-12,Poor Experience,Monday.com,48
4506,11432,2025-01-19,Missing Features,Monday.com,118
4507,36448,2023-02-28,Low Usage,Monday.com,88
4508,35604,2022-10-22,Technical Issues,Notion,59
4509,33921,2022-09-01,Missing Features,Asana,36
4510,21001,2024-01-26,Switched Competitor,ClickUp,102
4511,20808,2023-05-13,Switched Competitor,Slack,61
4512,37873,2023-10-10,Poor Experience,Monday.com,68
4513,32072,2022-12-16,High Pricing,ClickUp,89
4514,19432,2023-03-03,High Pricing,ClickUp,51
4515,2177,2023-06-20,Switched Competitor,Notion,67
4516,25650,2022-11-01,Switched Competitor,Asana,10
4517,30646,2022-02-23,Technical Issues,Slack,80
4518,34761,2024-10-06,Poor Experience,Monday.com,115
4519,26409,2023-06-01,Switched Competitor,Notion,70
4520,21360,2022-05-13,Low Usage,Monday.com,15
4521,3345,2022-09-16,High Pricing,Slack,115
4522,30511,2025-03-12,Switched Competitor,Slack,51
4523,12222,2023-08-30,Missing Features,ClickUp,68
4524,25358,2025-01-22,Switched Competitor,ClickUp,16
4525,32620,2022-12-04,Technical Issues,ClickUp,41
4526,6156,2024-10-29,Missing Features,Asana,103
4527,37385,2024-11-29,High Pricing,ClickUp,53
4528,34280,2024-05-02,Technical Issues,Notion,4
4529,38828,2022-09-13,Technical Issues,Slack,65
4530,15174,2024-12-13,Poor Experience,Notion,10
4531,17840,2023-07-20,Switched Competitor,Slack,23
4532,19541,2023-03-25,Low Usage,Slack,30
4533,46655,2024-02-03,High Pricing,ClickUp,19
4534,11945,2022-02-14,Technical Issues,Slack,20
4535,25854,2023-08-02,Low Usage,Asana,14
4536,29586,2022-11-24,Technical Issues,Slack,106
4537,16199,2023-11-21,Switched Competitor,Slack,22
4538,25835,2023-04-22,Poor Experience,Slack,93
4539,42817,2024-08-25,Technical Issues,Notion,20
4540,6788,2023-09-10,High Pricing,ClickUp,116
4541,33463,2024-11-20,Missing Features,Monday.com,32
4542,39551,2023-03-20,Switched Competitor,Asana,63
4543,31164,2023-03-06,High Pricing,Notion,64
4544,21847,2024-04-17,High Pricing,Asana,55
4545,33978,2025-01-25,Missing Features,Slack,48
4546,38464,2024-02-19,High Pricing,Notion,84
4547,22705,2022-09-24,Poor Experience,Asana,49
4548,28894,2023-06-24,Technical Issues,Notion,93
4549,22294,2024-09-20,Low Usage,Notion,63
4550,40617,2022-02-09,Missing Features,Monday.com,9
4551,22267,2023-10-23,Technical Issues,Asana,56
4552,42991,2022-10-09,Poor Experience,Slack,55
4553,27285,2024-03-29,Missing Features,Slack,57
4554,22212,2023-07-12,Missing Features,ClickUp,34
4555,13125,2023-05-07,High Pricing,Slack,20
4556,29525,2022-12-01,Technical Issues,Asana,87
4557,25211,2022-06-30,Switched Competitor,Slack,47
4558,22343,2024-03-26,Switched Competitor,Notion,113
4559,804,2024-04-19,Technical Issues,Monday.com,59
4560,41451,2023-09-25,Poor Experience,ClickUp,40
4561,43975,2023-01-22,Poor Experience,Asana,69
4562,29783,2025-04-11,Low Usage,Monday.com,73
4563,2555,2023-12-18,Missing Features,Slack,58
4564,4572,2023-12-01,Technical Issues,Asana,80
4565,15365,2024-08-13,Low Usage,Asana,79
4566,3602,2022-11-25,Technical Issues,Notion,33
4567,41272,2023-08-20,Technical Issues,Monday.com,113
4568,14133,2022-04-16,Missing Features,Asana,83
4569,10288,2023-02-16,High Pricing,ClickUp,55
4570,10232,2023-03-24,Technical Issues,ClickUp,97
4571,20382,2024-09-04,Technical Issues,Slack,94
4572,5715,2025-01-31,Poor Experience,Asana,88
4573,14277,2022-11-16,Poor Experience,Asana,51
4574,36431,2022-03-25,High Pricing,ClickUp,79
4575,14735,2022-04-15,Low Usage,Notion,44
4576,48740,2022-11-07,Poor Experience,ClickUp,14
4577,10283,2024-10-31,Low Usage,Slack,56
4578,22566,2022-09-28,Missing Features,ClickUp,87
4579,35467,2022-05-10,Technical Issues,Monday.com,93
4580,49379,2024-03-19,Low Usage,Notion,57
4581,35764,2023-07-17,Missing Features,Slack,114
4582,15409,2024-02-06,Low Usage,Slack,61
4583,45673,2023-12-20,High Pricing,Monday.com,91
4584,37562,2022-02-24,Switched Competitor,Slack,120
4585,14749,2023-12-14,Technical Issues,ClickUp,54
4586,32815,2022-05-02,Switched Competitor,ClickUp,97
4587,3977,2025-04-12,High Pricing,ClickUp,8
4588,24704,2022-05-02,Missing Features,Notion,54
4589,24166,2023-02-02,High Pricing,Slack,109
4590,5406,2022-11-24,Poor Experience,Asana,84
4591,24732,2025-01-14,Low Usage,Monday.com,78
4592,30860,2024-04-05,Technical Issues,Slack,71
4593,1529,2025-01-15,Poor Experience,Monday.com,42
4594,10361,2023-04-26,Missing Features,Monday.com,76
4595,31923,2024-01-21,Low Usage,Notion,28
4596,22053,2024-10-02,Missing Features,Monday.com,120
4597,31104,2024-01-04,Missing Features,ClickUp,34
4598,10921,2024-10-12,Missing Features,Monday.com,38
4599,33087,2023-03-18,Low Usage,Notion,58
4600,24441,2024-11-20,Low Usage,Monday.com,55
4601,6468,2022-12-28,Low Usage,Monday.com,119
4602,18035,2023-06-05,Technical Issues,ClickUp,84
4603,36536,2023-09-27,Poor Experience,Asana,118
4604,31351,2022-09-02,Poor Experience,ClickUp,51
4605,26597,2024-05-12,Poor Experience,ClickUp,66
4606,18212,2023-01-14,Poor Experience,Notion,38
4607,35150,2024-06-27,Technical Issues,Asana,12
4608,29078,2022-07-02,Poor Experience,ClickUp,86
4609,27473,2024-01-07,Poor Experience,ClickUp,85
4610,34220,2023-06-21,Low Usage,Notion,67
4611,1578,2022-03-04,Switched Competitor,Notion,36
4612,20582,2024-01-05,Switched Competitor,Slack,49
4613,42488,2023-02-18,High Pricing,Monday.com,76
4614,33610,2023-09-15,Poor Experience,Asana,26
4615,40329,2024-05-24,Low Usage,Monday.com,25
4616,5772,2022-05-26,Technical Issues,ClickUp,62
4617,5204,2023-01-27,Missing Features,Monday.com,93
4618,23065,2024-06-17,High Pricing,ClickUp,88
4619,43929,2023-10-06,Technical Issues,Monday.com,25
4620,46822,2022-09-03,Switched Competitor,Monday.com,80
4621,45089,2022-07-19,Low Usage,Notion,107
4622,11538,2024-04-02,Technical Issues,Monday.com,34
4623,28518,2024-09-10,High Pricing,ClickUp,12
4624,10467,2023-06-01,Technical Issues,Monday.com,44
4625,4403,2023-02-24,Poor Experience,ClickUp,9
4626,9593,2023-09-05,Poor Experience,Slack,51
4627,38959,2024-02-07,Poor Experience,Notion,81
4628,10522,2022-04-23,Switched Competitor,ClickUp,104
4629,42932,2024-11-17,Poor Experience,Slack,25
4630,13278,2022-03-20,Missing Features,Notion,80
4631,11907,2024-04-20,High Pricing,ClickUp,96
4632,28664,2023-02-10,Poor Experience,ClickUp,84
4633,30090,2023-04-19,Missing Features,Monday.com,3
4634,4891,2022-09-05,Missing Features,Asana,39
4635,17254,2025-01-22,Poor Experience,Slack,81
4636,35671,2024-06-10,Missing Features,Monday.com,14
4637,19657,2024-07-26,Poor Experience,Asana,117
4638,36554,2023-10-28,High Pricing,Notion,106
4639,10016,2024-03-29,Missing Features,Monday.com,50
4640,27229,2025-02-14,High Pricing,Notion,13
4641,7011,2023-12-05,Low Usage,Slack,86
4642,32756,2024-01-10,Low Usage,Notion,102
4643,29921,2022-04-08,Low Usage,ClickUp,23
4644,4434,2024-03-21,Missing Features,Asana,107
4645,37795,2023-02-05,Missing Features,Slack,43
4646,15580,2023-03-19,High Pricing,Asana,72
4647,36935,2022-06-10,High Pricing,Slack,88
4648,31137,2024-09-24,Technical Issues,ClickUp,61
4649,19633,2023-10-06,Switched Competitor,Slack,49
4650,4871,2022-07-10,Low Usage,Monday.com,116
4651,25449,2023-03-24,Low Usage,Notion,110
4652,14609,2023-09-08,Technical Issues,ClickUp,34
4653,17104,2023-01-23,Low Usage,ClickUp,75
4654,16684,2023-01-23,Switched Competitor,ClickUp,90
4655,10187,2023-12-13,High Pricing,ClickUp,1
4656,46197,2023-11-08,Poor Experience,ClickUp,94
4657,7459,2022-01-03,Poor Experience,Slack,87
4658,100,2024-05-26,High Pricing,ClickUp,91
4659,13654,2022-11-18,Technical Issues,Monday.com,27
4660,29647,2023-09-19,Missing Features,Monday.com,107
4661,49488,2023-06-09,Switched Competitor,Slack,116
4662,35521,2024-11-02,Technical Issues,Asana,3
4663,85,2022-11-09,High Pricing,Notion,37
4664,37972,2022-11-25,Poor Experience,ClickUp,104
4665,17096,2022-08-15,Low Usage,Asana,59
4666,44227,2023-12-05,Switched Competitor,Asana,1
4667,1119,2024-07-03,Poor Experience,Asana,8
4668,42519,2022-11-08,High Pricing,Notion,40
4669,41475,2024-10-22,High Pricing,Slack,67
4670,44161,2022-09-04,High Pricing,Asana,29
4671,8907,2023-11-20,Poor Experience,Asana,19
4672,28808,2023-02-23,Low Usage,Notion,89
4673,31564,2022-03-01,High Pricing,Slack,4
4674,15934,2024-04-13,Technical Issues,Asana,51
4675,37391,2024-05-23,High Pricing,Notion,16
4676,29414,2024-10-09,High Pricing,Slack,100
4677,3179,2024-04-17,Missing Features,ClickUp,119
4678,7621,2024-09-27,Low Usage,Slack,109
4679,15139,2024-12-20,Missing Features,Asana,109
4680,4700,2023-09-07,Low Usage,Monday.com,39
4681,2190,2024-04-04,High Pricing,Monday.com,16
4682,40547,2024-04-18,Switched Competitor,Slack,76
4683,17049,2022-05-14,Low Usage,ClickUp,65
4684,47006,2022-02-18,Missing Features,Slack,100
4685,37530,2024-09-28,Technical Issues,ClickUp,31
4686,24789,2023-04-17,Poor Experience,Monday.com,62
4687,7965,2022-06-08,Switched Competitor,Monday.com,15
4688,44792,2022-08-04,Low Usage,Slack,66
4689,20556,2024-08-05,Low Usage,Monday.com,112
4690,29940,2023-03-13,High Pricing,Asana,54
4691,48067,2022-11-12,Poor Experience,ClickUp,44
4692,3125,2024-12-26,High Pricing,Slack,54
4693,45269,2024-02-14,High Pricing,Monday.com,99
4694,42510,2022-12-21,Technical Issues,Asana,57
4695,17500,2023-03-13,Technical Issues,Slack,97
4696,7490,2024-03-06,High Pricing,Asana,118
4697,4070,2022-10-27,Switched Competitor,Asana,63
4698,17511,2022-01-21,High Pricing,Asana,35
4699,31597,2022-10-02,Missing Features,Notion,74
4700,33579,2025-03-18,High Pricing,Slack,77
4701,40395,2025-01-24,Missing Features,Asana,110
4702,6535,2023-06-25,High Pricing,Monday.com,114
4703,11170,2024-09-25,Technical Issues,Asana,78
4704,16155,2024-10-14,Poor Experience,Notion,12
4705,17114,2022-05-09,Poor Experience,Notion,117
4706,31194,2024-12-03,Low Usage,Asana,106
4707,40207,2024-01-15,Poor Experience,Slack,98
4708,34963,2023-08-27,Missing Features,Asana,62
4709,3549,2024-05-18,High Pricing,Asana,13
4710,39387,2024-11-27,Technical Issues,ClickUp,25
4711,1862,2024-11-12,Switched Competitor,Notion,39
4712,21402,2024-01-14,Low Usage,Notion,41
4713,698,2022-05-18,Low Usage,ClickUp,68
4714,2620,2025-04-05,Missing Features,Notion,28
4715,11575,2023-11-26,Poor Experience,Notion,109
4716,29415,2023-02-11,Poor Experience,Slack,109
4717,11444,2022-12-29,Poor Experience,Slack,120
4718,1888,2023-11-07,High Pricing,Asana,117
4719,42942,2022-07-17,High Pricing,Asana,51
4720,33960,2024-03-29,Switched Competitor,ClickUp,98
4721,11081,2022-05-07,Missing Features,Monday.com,48
4722,46655,2023-06-22,Poor Experience,Asana,117
4723,36221,2022-10-27,Switched Competitor,Slack,61
4724,24539,2024-11-25,High Pricing,Monday.com,109
4725,18973,2023-09-01,Low Usage,Monday.com,45
4726,23259,2022-07-12,High Pricing,Slack,63
4727,37695,2023-02-16,Poor Experience,ClickUp,103
4728,35612,2023-07-03,Poor Experience,Slack,107
4729,5273,2023-08-02,Low Usage,Slack,8
4730,1518,2023-11-05,Missing Features,ClickUp,14
4731,13080,2022-07-30,Technical Issues,Monday.com,93
4732,7202,2022-06-17,Missing Features,ClickUp,88
4733,42667,2022-01-08,Missing Features,ClickUp,107
4734,32445,2023-03-28,Technical Issues,ClickUp,90
4735,16999,2023-06-26,Technical Issues,ClickUp,16
4736,11684,2022-03-01,Poor Experience,Asana,113
4737,28314,2024-04-15,Switched Competitor,Slack,27
4738,6791,2024-11-24,Technical Issues,Notion,108
4739,4530,2025-03-25,High Pricing,ClickUp,87
4740,699,2023-04-08,High Pricing,Notion,72
4741,14938,2022-03-28,Missing Features,Notion,96
4742,28187,2023-05-25,Switched Competitor,Slack,107
4743,44404,2023-08-30,Technical Issues,Notion,99
4744,8480,2022-09-24,High Pricing,ClickUp,87
4745,28671,2024-09-17,Low Usage,Slack,41
4746,18630,2022-09-16,Technical Issues,Asana,55
4747,22702,2023-12-25,Low Usage,Asana,116
4748,11173,2022-06-02,High Pricing,Asana,41
4749,30033,2024-06-27,Poor Experience,Monday.com,32
4750,12999,2023-10-11,High Pricing,Monday.com,1
4751,16028,2024-03-04,Switched Competitor,Slack,34
4752,7723,2025-02-02,Missing Features,Slack,14
4753,27550,2024-03-08,Technical Issues,Notion,86
4754,13814,2023-05-12,Switched Competitor,Monday.com,41
4755,25144,2023-01-23,Switched Competitor,Monday.com,35
4756,27789,2022-10-01,Switched Competitor,Slack,38
4757,650,2023-02-04,High Pricing,Slack,26
4758,17327,2024-10-25,Technical Issues,Slack,39
4759,17028,2022-02-28,Missing Features,Asana,91
4760,39531,2022-10-11,Low Usage,Monday.com,19
4761,25219,2022-02-01,Low Usage,Slack,62
4762,33072,2023-07-31,Poor Experience,Notion,98
4763,3641,2024-09-08,Poor Experience,ClickUp,69
4764,14200,2025-02-24,High Pricing,Slack,63
4765,27462,2023-06-05,Poor Experience,Slack,56
4766,44407,2024-10-13,Poor Experience,Asana,10
4767,39806,2022-07-09,Missing Features,ClickUp,103
4768,31343,2022-05-29,High Pricing,Notion,114
4769,16011,2024-04-19,Switched Competitor,Slack,4
4770,44021,2022-06-09,High Pricing,Slack,64
4771,20671,2022-12-17,High Pricing,Monday.com,55
4772,24561,2022-10-17,Switched Competitor,Monday.com,57
4773,45592,2025-03-17,High Pricing,Notion,109
4774,29453,2023-06-25,High Pricing,Slack,107
4775,8174,2024-01-06,High Pricing,ClickUp,75
4776,26964,2023-05-11,Switched Competitor,Asana,13
4777,48467,2024-06-12,Poor Experience,Monday.com,12
4778,49865,2023-06-29,High Pricing,Asana,49
4779,16439,2023-05-10,Switched Competitor,Asana,27
4780,44797,2025-02-25,Low Usage,Monday.com,56
4781,19234,2024-01-28,Technical Issues,ClickUp,50
4782,1682,2022-03-15,High Pricing,Monday.com,2
4783,43838,2023-07-25,Missing Features,Asana,76
4784,27434,2022-11-03,Technical Issues,Monday.com,78
4785,26413,2022-09-28,Low Usage,Notion,81
4786,27747,2024-04-12,Technical Issues,Slack,52
4787,23830,2023-06-11,Missing Features,Notion,28
4788,13791,2025-04-03,Switched Competitor,Asana,42
4789,15875,2023-06-06,Low Usage,Monday.com,76
4790,47826,2023-10-31,Low Usage,Asana,102
4791,2756,2023-08-08,Technical Issues,ClickUp,55
4792,12108,2022-10-22,Missing Features,Asana,118
4793,23874,2023-01-18,Technical Issues,ClickUp,84
4794,10210,2023-12-02,Switched Competitor,Asana,75
4795,3966,2025-01-29,Switched Competitor,Monday.com,118
4796,1448,2023-11-04,Poor Experience,Asana,9
4797,27061,2023-09-14,Technical Issues,Asana,66
4798,5568,2022-04-26,Poor Experience,Notion,12
4799,12004,2022-03-05,Missing Features,Asana,3
4800,42580,2022-02-12,Technical Issues,Monday.com,84
4801,1131,2024-11-28,Missing Features,Monday.com,22
4802,8589,2022-06-17,Missing Features,Asana,92
4803,14907,2024-11-22,Technical Issues,Slack,119
4804,15503,2023-05-06,Switched Competitor,Monday.com,114
4805,25399,2022-01-11,High Pricing,Notion,108
4806,43933,2025-02-27,Low Usage,ClickUp,59
4807,7204,2023-12-16,Technical Issues,Monday.com,38
4808,21134,2023-05-19,Missing Features,ClickUp,83
4809,21211,2023-04-07,Low Usage,Asana,15
4810,18057,2024-09-18,Missing Features,Slack,49
4811,121,2025-01-26,High Pricing,ClickUp,43
4812,47696,2022-06-19,Missing Features,Notion,55
4813,39109,2024-02-25,Technical Issues,Asana,40
4814,23118,2023-01-15,Poor Experience,Slack,119
4815,41060,2023-12-31,Poor Experience,Notion,64
4816,38632,2022-02-08,Poor Experience,Monday.com,61
4817,37022,2023-11-22,Poor Experience,Monday.com,106
4818,33225,2025-01-08,Low Usage,Monday.com,84
4819,14473,2022-06-08,Missing Features,Asana,117
4820,47989,2024-10-06,Low Usage,ClickUp,116
4821,42662,2023-03-22,Poor Experience,Monday.com,81
4822,29694,2022-05-16,Technical Issues,Asana,76
4823,48998,2022-08-15,Switched Competitor,Monday.com,54
4824,37401,2022-04-07,Technical Issues,Notion,42
4825,38555,2022-04-30,Switched Competitor,ClickUp,110
4826,2251,2023-12-19,Poor Experience,Asana,68
4827,23513,2024-12-02,Technical Issues,Asana,78
4828,43787,2023-05-10,Poor Experience,Slack,45
4829,25716,2022-05-23,Missing Features,Asana,42
4830,48990,2023-07-30,High Pricing,Asana,5
4831,25296,2022-04-13,Low Usage,Slack,46
4832,32198,2024-09-13,Technical Issues,Monday.com,63
4833,33863,2024-02-13,Switched Competitor,Monday.com,115
4834,28097,2024-09-07,Poor Experience,Monday.com,31
4835,31818,2022-10-02,Missing Features,ClickUp,97
4836,42971,2022-09-06,Low Usage,Monday.com,101
4837,26916,2023-03-04,Low Usage,Monday.com,115
4838,39323,2023-12-19,Switched Competitor,Slack,80
4839,24111,2022-10-17,Missing Features,Monday.com,16
4840,41660,2023-04-13,Switched Competitor,Asana,93
4841,18983,2022-04-09,Low Usage,Asana,27
4842,24629,2025-02-21,Technical Issues,ClickUp,73
4843,38833,2023-09-05,Poor Experience,Slack,53
4844,21495,2022-08-25,Poor Experience,Monday.com,50
4845,35881,2024-12-09,Poor Experience,Asana,56
4846,43925,2023-04-15,Low Usage,Monday.com,16
4847,38686,2022-10-20,Poor Experience,Asana,76
4848,2796,2024-07-12,Switched Competitor,ClickUp,99
4849,13940,2023-10-31,Switched Competitor,Slack,22
4850,19033,2024-09-22,Technical Issues,Asana,112
4851,31096,2024-01-27,Missing Features,ClickUp,36
4852,46075,2023-03-26,High Pricing,Asana,7
4853,1420,2025-02-12,Low Usage,Slack,5
4854,30301,2024-12-24,Technical Issues,Notion,117
4855,31859,2024-02-15,Technical Issues,Asana,41
4856,3059,2025-03-16,Poor Experience,Notion,10
4857,9067,2023-10-17,Technical Issues,Monday.com,46
4858,28155,2022-06-11,Missing Features,Notion,87
4859,38330,2023-04-26,Missing Features,Monday.com,87
4860,2649,2024-05-25,Missing Features,Asana,39
4861,34863,2024-08-04,Missing Features,Monday.com,97
4862,17517,2025-04-12,High Pricing,Notion,94
4863,15862,2022-12-29,Poor Experience,Notion,102
4864,41555,2023-06-09,Missing Features,Monday.com,22
4865,4931,2023-03-18,Low Usage,Monday.com,1
4866,10085,2023-06-11,Poor Experience,Slack,7
4867,32943,2024-02-25,High Pricing,Notion,34
4868,40713,2024-10-06,Switched Competitor,Notion,119
4869,26419,2022-10-11,Technical Issues,Slack,86
4870,23502,2023-11-06,High Pricing,Slack,85
4871,4309,2022-06-25,Poor Experience,Notion,37
4872,10760,2022-11-17,Missing Features,Monday.com,47
4873,16343,2024-07-10,Technical Issues,ClickUp,22
4874,32979,2024-09-26,Technical Issues,Notion,91
4875,35793,2022-08-22,Missing Features,ClickUp,37
4876,26438,2024-09-13,Missing Features,Asana,52
4877,38920,2022-10-28,Switched Competitor,Notion,41
4878,41813,2024-06-15,Poor Experience,ClickUp,43
4879,12222,2024-01-07,Technical Issues,Monday.com,5
4880,17359,2023-12-07,Technical Issues,Asana,115
4881,9140,2023-05-14,Technical Issues,Asana,16
4882,5574,2022-06-20,Missing Features,Notion,17
4883,45767,2025-02-21,Low Usage,ClickUp,19
4884,1871,2024-09-12,Poor Experience,Notion,54
4885,9992,2024-11-24,High Pricing,ClickUp,46
4886,24621,2024-01-02,Missing Features,Slack,5
4887,38228,2024-06-18,Technical Issues,Asana,23
4888,13391,2022-12-31,High Pricing,Asana,85
4889,33209,2023-03-27,Switched Competitor,ClickUp,41
4890,4788,2023-06-04,Switched Competitor,Slack,103
4891,15909,2024-05-21,Technical Issues,Slack,89
4892,48378,2023-08-25,Missing Features,Monday.com,112
4893,23738,2023-05-17,Technical Issues,Asana,53
4894,20276,2024-07-09,Technical Issues,Notion,47
4895,26698,2023-12-27,High Pricing,Notion,68
4896,32168,2024-02-29,Technical Issues,ClickUp,33
4897,41653,2022-06-18,Missing Features,Notion,47
4898,24187,2024-11-20,Technical Issues,Notion,17
4899,37468,2022-04-02,Technical Issues,ClickUp,90
4900,38957,2022-09-05,Missing Features,Asana,107
4901,13366,2023-08-03,Poor Experience,Slack,69
4902,2991,2024-01-23,High Pricing,Notion,92
4903,20686,2023-01-22,High Pricing,Notion,59
4904,23136,2022-07-22,Poor Experience,Asana,15
4905,25120,2022-11-30,Poor Experience,Notion,104
4906,30507,2022-06-23,Technical Issues,Notion,36
4907,17174,2022-06-18,Low Usage,ClickUp,6
4908,37930,2023-09-26,Poor Experience,Asana,42
4909,1899,2025-03-29,Missing Features,Asana,62
4910,47235,2023-01-09,Technical Issues,Asana,108
4911,7605,2023-04-05,Switched Competitor,Monday.com,12
4912,27042,2022-04-08,Missing Features,Slack,12
4913,24312,2024-06-11,Technical Issues,Slack,73
4914,35999,2022-06-28,Poor Experience,Monday.com,67
4915,4885,2023-10-24,Switched Competitor,Asana,119
4916,21735,2023-08-05,Technical Issues,Notion,59
4917,2879,2023-06-25,Poor Experience,Slack,30
4918,48506,2023-05-02,Missing Features,Slack,12
4919,33396,2024-01-20,Technical Issues,Asana,85
4920,21531,2022-04-17,Missing Features,Notion,36
4921,37702,2023-09-22,Switched Competitor,Monday.com,36
4922,26067,2022-05-30,Switched Competitor,Asana,66
4923,10189,2024-05-07,High Pricing,Monday.com,98
4924,26146,2022-05-30,High Pricing,Slack,51
4925,35047,2024-07-29,Low Usage,ClickUp,82
4926,17596,2023-02-09,Switched Competitor,Notion,111
4927,26571,2023-04-25,High Pricing,Notion,117
4928,21105,2024-11-22,Switched Competitor,Notion,20
4929,37144,2024-09-26,Low Usage,Slack,14
4930,5042,2022-04-06,Missing Features,Monday.com,60
4931,28667,2023-04-18,High Pricing,Monday.com,1
4932,35274,2023-04-03,Low Usage,Slack,15
4933,45993,2024-07-17,Switched Competitor,Asana,107
4934,28027,2023-04-08,Poor Experience,Monday.com,63
4935,1552,2024-04-24,Low Usage,Slack,112
4936,41323,2022-03-29,Poor Experience,Asana,84
4937,28292,2024-10-13,Low Usage,ClickUp,81
4938,24967,2024-05-24,High Pricing,ClickUp,24
4939,14203,2022-03-08,Missing Features,Asana,29
4940,27257,2025-02-07,Switched Competitor,Slack,109
4941,39977,2023-08-25,Switched Competitor,ClickUp,95
4942,19177,2022-02-24,Missing Features,Notion,28
4943,3443,2023-06-30,Low Usage,Slack,49
4944,13748,2023-09-06,Low Usage,Notion,118
4945,35017,2022-01-26,Missing Features,Asana,31
4946,1796,2023-08-31,Low Usage,Asana,69
4947,34857,2023-08-09,Poor Experience,Asana,47
4948,408,2022-03-06,Poor Experience,Monday.com,88
4949,44618,2024-09-18,Technical Issues,ClickUp,37
4950,43759,2024-03-16,Technical Issues,Asana,101
4951,1502,2023-11-23,Switched Competitor,ClickUp,65
4952,31320,2023-10-20,Poor Experience,Asana,29
4953,41944,2022-05-04,High Pricing,Slack,47
4954,46270,2022-03-03,Poor Experience,Slack,116
4955,6323,2023-05-23,Poor Experience,Slack,40
4956,30978,2022-12-07,High Pricing,ClickUp,6
4957,43325,2024-09-25,Switched Competitor,Slack,32
4958,42679,2024-11-14,Technical Issues,Notion,78
4959,45765,2022-04-07,Low Usage,Slack,105
4960,49176,2022-06-21,Low Usage,ClickUp,20
4961,49745,2022-05-25,High Pricing,Notion,72
4962,11443,2023-05-24,Missing Features,ClickUp,88
4963,16239,2022-11-21,Low Usage,Asana,87
4964,26982,2024-10-21,Missing Features,Slack,24
4965,20086,2023-08-30,Technical Issues,Monday.com,40
4966,18624,2024-01-21,Switched Competitor,Notion,76
4967,39182,2024-03-08,Missing Features,Asana,94
4968,1699,2024-11-03,High Pricing,ClickUp,105
4969,44721,2024-10-08,Missing Features,Asana,43
4970,5897,2022-07-29,Poor Experience,Monday.com,92
4971,2610,2023-06-11,Low Usage,Notion,75
4972,45064,2024-01-04,Missing Features,ClickUp,75
4973,36368,2024-07-19,High Pricing,Notion,118
4974,23407,2023-12-05,Poor Experience,Asana,32
4975,17971,2024-06-17,Switched Competitor,Slack,73
4976,9184,2024-06-02,Switched Competitor,Notion,30
4977,17224,2025-02-18,Missing Features,ClickUp,38
4978,44209,2023-11-08,Technical Issues,Slack,69
4979,43088,2022-10-20,Poor Experience,Asana,45
4980,1071,2022-07-18,Switched Competitor,Notion,24
4981,34164,2023-08-23,Poor Experience,Notion,53
4982,42345,2024-11-12,Poor Experience,Monday.com,34
4983,22498,2022-10-15,Switched Competitor,Asana,82
4984,23168,2022-05-02,Technical Issues,ClickUp,67
4985,5703,2024-02-02,High Pricing,Asana,103
4986,48048,2022-11-18,Technical Issues,ClickUp,44
4987,27721,2023-03-29,Low Usage,ClickUp,48
4988,47628,2022-01-02,High Pricing,Asana,51
4989,7719,2022-10-20,High Pricing,Monday.com,4
4990,27898,2023-07-24,Switched Competitor,Asana,113
4991,10476,2023-01-18,High Pricing,ClickUp,44
4992,1781,2023-05-01,Switched Competitor,Asana,56
4993,37374,2025-04-05,Switched Competitor,Notion,105
4994,9938,2024-01-14,Poor Experience,ClickUp,56
4995,19585,2025-04-14,Technical Issues,Asana,81
4996,4988,2024-01-28,Switched Competitor,Monday.com,90
4997,26961,2025-03-13,Poor Experience,Monday.com,59
4998,38982,2022-06-03,Poor Experience,Slack,110
4999,43785,2023-03-23,Switched Competitor,Notion,114
5000,10210,2023-07-01,Poor Experience,Notion,64
5001,7759,2023-04-10,High Pricing,Notion,87
5002,7096,2023-10-31,High Pricing,Monday.com,119
5003,48898,2024-10-12,High Pricing,Notion,99
5004,1752,2023-11-20,Switched Competitor,Notion,96
5005,23547,2023-08-04,High Pricing,Asana,9
5006,6065,2022-04-21,Poor Experience,ClickUp,58
5007,20661,2024-04-18,Low Usage,Notion,105
5008,15339,2023-10-11,High Pricing,Asana,107
5009,44262,2023-12-28,Poor Experience,Asana,77
5010,24252,2023-04-15,High Pricing,Monday.com,114
5011,38942,2023-05-22,High Pricing,Monday.com,48
5012,38330,2022-01-06,Switched Competitor,Slack,14
5013,38410,2022-02-27,Technical Issues,Notion,100
5014,41991,2024-01-15,Low Usage,ClickUp,73
5015,48633,2023-11-05,Technical Issues,Slack,86
5016,8895,2023-06-17,Poor Experience,Asana,118
5017,200,2023-12-28,Missing Features,ClickUp,85
5018,45945,2023-10-08,Technical Issues,Asana,5
5019,20412,2025-01-30,Missing Features,Notion,75
5020,19207,2022-09-02,Switched Competitor,Slack,30
5021,33752,2025-02-24,Missing Features,Slack,111
5022,26360,2024-12-01,Poor Experience,ClickUp,63
5023,186,2024-04-04,Missing Features,ClickUp,67
5024,35691,2023-10-03,Missing Features,Asana,25
5025,49059,2025-01-03,Poor Experience,Asana,105
5026,30623,2024-01-21,Technical Issues,Notion,91
5027,46204,2023-06-08,Poor Experience,Notion,60
5028,8164,2022-11-27,Missing Features,Asana,56
5029,32021,2024-11-07,Technical Issues,Slack,52
5030,46570,2024-11-29,Low Usage,Notion,46
5031,31864,2022-06-24,Poor Experience,Asana,108
5032,24340,2023-07-28,High Pricing,Slack,9
5033,36263,2022-01-01,Missing Features,Asana,95
5034,36055,2024-09-20,Poor Experience,Notion,1
5035,34314,2022-01-17,Missing Features,Slack,62
5036,4233,2024-10-24,Switched Competitor,Asana,69
5037,9831,2024-08-25,High Pricing,Slack,46
5038,43128,2023-05-17,Switched Competitor,ClickUp,1
5039,26730,2023-07-23,Poor Experience,Slack,51
5040,42865,2024-01-24,Missing Features,Notion,94
5041,815,2024-06-18,Technical Issues,Notion,102
5042,36912,2024-12-23,Switched Competitor,Asana,54
5043,49367,2024-11-13,Missing Features,Notion,61
5044,3161,2024-07-27,Switched Competitor,ClickUp,17
5045,38162,2022-10-10,Technical Issues,Monday.com,31
5046,11392,2024-11-19,Technical Issues,Notion,11
5047,43864,2025-02-08,Missing Features,Asana,63
5048,14939,2022-08-16,High Pricing,Monday.com,21
5049,4041,2025-02-02,Low Usage,Monday.com,12
5050,19479,2023-04-15,Poor Experience,Asana,83
5051,3464,2023-11-13,Low Usage,Notion,85
5052,19001,2023-02-24,Poor Experience,Asana,103
5053,13515,2023-10-28,High Pricing,ClickUp,82
5054,23745,2025-01-05,High Pricing,Notion,20
5055,49434,2022-06-11,High Pricing,ClickUp,119
5056,48249,2023-10-04,Missing Features,Notion,21
5057,25146,2023-02-20,High Pricing,Slack,116
5058,24889,2024-04-07,High Pricing,Asana,94
5059,21490,2022-06-13,Switched Competitor,Notion,55
5060,7821,2024-04-05,Poor Experience,Notion,62
5061,19700,2023-11-15,Missing Features,ClickUp,72
5062,38984,2024-01-06,Poor Experience,Asana,54
5063,21452,2022-06-01,Low Usage,Notion,59
5064,6548,2023-06-29,Poor Experience,Slack,120
5065,23442,2023-04-15,Technical Issues,ClickUp,4
5066,22472,2023-03-30,Missing Features,Slack,77
5067,1525,2023-08-05,Poor Experience,Notion,97
5068,7722,2022-01-23,Missing Features,Notion,92
5069,31951,2025-03-26,Technical Issues,Monday.com,33
5070,10028,2023-10-23,Low Usage,Notion,89
5071,45547,2022-11-24,Missing Features,Asana,92
5072,4070,2022-12-18,Missing Features,ClickUp,10
5073,27141,2023-05-31,Missing Features,Slack,72
5074,26801,2023-07-28,Missing Features,Slack,64
5075,8568,2022-03-14,Low Usage,Notion,34
5076,17266,2023-07-09,Low Usage,Monday.com,65
5077,45777,2024-12-27,Missing Features,Asana,86
5078,29242,2022-07-23,Technical Issues,Slack,70
5079,18124,2022-10-09,Technical Issues,Notion,39
5080,32032,2022-08-24,Missing Features,Slack,96
5081,49662,2022-12-20,Missing Features,Slack,87
5082,6560,2022-07-05,Poor Experience,Notion,30
5083,34386,2022-10-09,Technical Issues,Asana,5
5084,15392,2022-10-05,Low Usage,Notion,83
5085,34512,2023-06-06,Technical Issues,Notion,115
5086,22284,2022-09-24,Technical Issues,Slack,90
5087,4346,2025-01-22,High Pricing,Notion,5
5088,42088,2022-09-14,High Pricing,Asana,29
5089,17305,2025-04-07,Switched Competitor,Monday.com,59
5090,21151,2024-07-26,Technical Issues,Asana,70
5091,48130,2023-03-07,Low Usage,ClickUp,107
5092,35016,2024-04-19,Missing Features,Notion,17
5093,18030,2023-01-06,Low Usage,Notion,63
5094,47237,2023-03-15,Technical Issues,Notion,43
5095,8909,2024-08-12,Poor Experience,Slack,113
5096,757,2023-10-01,Low Usage,Monday.com,71
5097,12186,2023-11-17,High Pricing,Monday.com,116
5098,36928,2022-10-26,Switched Competitor,Slack,2
5099,29163,2023-06-16,Switched Competitor,ClickUp,28
5100,6154,2024-11-24,Low Usage,Notion,81
5101,19434,2022-05-03,High Pricing,Asana,47
5102,4395,2024-03-20,Switched Competitor,Notion,23
5103,7520,2023-03-05,High Pricing,Slack,42
5104,17586,2024-09-01,Low Usage,Notion,100
5105,13148,2022-09-01,Poor Experience,Notion,114
5106,43737,2023-02-16,Switched Competitor,ClickUp,66
5107,22772,2024-08-22,Technical Issues,Notion,108
5108,4886,2023-07-05,Poor Experience,Asana,69
5109,27783,2022-12-25,Switched Competitor,Asana,9
5110,12330,2025-01-02,Switched Competitor,Asana,37
5111,34420,2022-06-29,Low Usage,Asana,30
5112,26677,2023-06-15,High Pricing,Notion,54
5113,26266,2022-12-27,Missing Features,Asana,57
5114,42333,2023-07-29,Switched Competitor,Asana,95
5115,20413,2024-07-28,Low Usage,ClickUp,73
5116,46644,2023-09-23,Low Usage,Notion,105
5117,21645,2024-05-04,High Pricing,Notion,38
5118,18631,2024-01-28,Technical Issues,Asana,98
5119,32204,2024-12-29,Low Usage,Slack,2
5120,26010,2024-06-15,High Pricing,Monday.com,67
5121,24558,2024-02-26,High Pricing,Slack,26
5122,10655,2024-02-10,Switched Competitor,Asana,30
5123,39802,2025-04-11,Low Usage,ClickUp,114
5124,33419,2023-03-28,Low Usage,Monday.com,97
5125,32401,2022-02-11,High Pricing,Slack,96
5126,40317,2024-02-29,Poor Experience,Slack,12
5127,30972,2023-09-23,Low Usage,Monday.com,87
5128,22500,2023-06-01,Low Usage,ClickUp,9
5129,9114,2023-04-04,Technical Issues,Notion,29
5130,25135,2022-11-02,Missing Features,Monday.com,61
5131,46622,2022-02-23,Low Usage,Notion,61
5132,9375,2022-11-16,Missing Features,ClickUp,37
5133,916,2024-06-15,Technical Issues,Asana,32
5134,34912,2022-07-20,Poor Experience,Monday.com,68
5135,9083,2023-01-05,High Pricing,Monday.com,95
5136,41238,2022-08-07,Low Usage,Notion,69
5137,26096,2023-07-12,Low Usage,Notion,65
5138,35856,2022-01-12,Low Usage,Asana,58
5139,48790,2024-07-03,Technical Issues,Monday.com,111
5140,18239,2023-11-06,Poor Experience,ClickUp,106
5141,17387,2022-03-07,Switched Competitor,Asana,73
5142,9471,2022-02-05,High Pricing,Slack,82
5143,11925,2022-07-21,Technical Issues,ClickUp,86
5144,16700,2022-03-10,High Pricing,Asana,114
5145,36504,2025-02-18,Missing Features,ClickUp,4
5146,28649,2022-11-20,Switched Competitor,Notion,24
5147,34325,2024-04-20,Switched Competitor,Monday.com,50
5148,9695,2023-05-30,Switched Competitor,Notion,47
5149,44195,2022-09-13,Missing Features,Asana,120
5150,15340,2022-09-05,Low Usage,Slack,97
5151,16660,2024-08-07,Low Usage,Monday.com,30
5152,43966,2024-01-25,Poor Experience,Asana,97
5153,47999,2025-03-27,Low Usage,Notion,103
5154,47333,2023-02-20,Poor Experience,ClickUp,66
5155,17463,2022-11-17,Missing Features,Asana,32
5156,34957,2024-09-28,Technical Issues,Slack,46
5157,10596,2023-03-30,Missing Features,Monday.com,117
5158,14765,2023-12-04,Missing Features,Slack,88
5159,4690,2023-10-29,Missing Features,Monday.com,62
5160,19639,2022-03-20,Poor Experience,Asana,120
5161,41318,2024-12-06,Missing Features,ClickUp,120
5162,24465,2024-07-14,Technical Issues,Slack,102
5163,39739,2023-04-10,Low Usage,Monday.com,69
5164,9294,2024-04-14,Poor Experience,Slack,87
5165,29691,2022-08-17,Switched Competitor,Monday.com,66
5166,2943,2024-08-26,Missing Features,Asana,3
5167,25194,2023-06-14,Low Usage,Notion,115
5168,36236,2023-01-01,Missing Features,Slack,115
5169,22613,2024-05-21,Switched Competitor,Monday.com,22
5170,15421,2023-02-02,Missing Features,Asana,29
5171,41665,2023-06-29,Poor Experience,ClickUp,31
5172,26492,2022-04-15,High Pricing,Notion,40
5173,48332,2022-01-12,Technical Issues,Asana,113
5174,40111,2024-05-14,Technical Issues,Monday.com,9
5175,46220,2025-01-30,Low Usage,Notion,85
5176,22110,2023-12-11,Switched Competitor,Asana,119
5177,36926,2023-12-19,High Pricing,Asana,77
5178,9674,2022-07-14,Switched Competitor,Notion,85
5179,4666,2024-05-25,Poor Experience,Monday.com,100
5180,25986,2024-01-11,High Pricing,Monday.com,78
5181,13975,2022-05-12,Switched Competitor,Notion,52
5182,23480,2024-07-18,High Pricing,Slack,88
5183,25172,2023-05-05,Technical Issues,Asana,107
5184,4306,2022-08-02,Missing Features,ClickUp,47
5185,36716,2023-02-03,Missing Features,Notion,6
5186,32551,2023-04-19,Missing Features,Notion,91
5187,24857,2023-09-13,Low Usage,Notion,36
5188,11423,2025-01-08,Low Usage,Monday.com,82
5189,24491,2023-12-13,Poor Experience,Asana,117
5190,37235,2022-12-17,Missing Features,Monday.com,43
5191,23181,2023-02-02,Poor Experience,Notion,113
5192,3502,2022-04-26,High Pricing,Monday.com,11
5193,333,2023-08-03,Technical Issues,Asana,25
5194,23883,2024-07-22,Poor Experience,Notion,91
5195,10295,2024-10-12,Low Usage,Monday.com,78
5196,40687,2024-04-10,Missing Features,Monday.com,18
5197,13388,2024-01-09,Poor Experience,Monday.com,30
5198,23680,2023-03-02,Low Usage,Monday.com,117
5199,487,2024-08-20,Switched Competitor,Asana,7
5200,1959,2022-07-10,Switched Competitor,Monday.com,1
5201,18164,2024-04-14,Low Usage,Slack,95
5202,5998,2024-07-11,High Pricing,ClickUp,29
5203,28063,2023-04-04,Technical Issues,Asana,41
5204,23145,2024-02-17,Technical Issues,Monday.com,50
5205,12796,2024-07-30,High Pricing,Asana,40
5206,14557,2022-01-21,Technical Issues,Monday.com,71
5207,35712,2025-02-02,High Pricing,Monday.com,97
5208,43991,2024-11-01,Missing Features,Asana,65
5209,5657,2023-07-01,High Pricing,Asana,89
5210,4724,2022-12-14,Low Usage,Notion,112
5211,29070,2024-02-10,Switched Competitor,ClickUp,63
5212,24655,2022-01-03,Missing Features,Notion,32
5213,4625,2023-03-18,High Pricing,ClickUp,111
5214,47979,2023-11-16,Missing Features,Notion,5
5215,17995,2025-03-20,Technical Issues,Asana,38
5216,42475,2023-08-03,Poor Experience,Asana,49
5217,8198,2022-07-09,High Pricing,Slack,68
5218,13256,2022-06-24,Technical Issues,Notion,104
5219,40065,2023-01-08,Low Usage,Asana,116
5220,32448,2023-10-11,Poor Experience,Notion,97
5221,8920,2023-02-26,High Pricing,ClickUp,55
5222,12228,2023-02-04,Switched Competitor,Asana,64
5223,36816,2024-09-25,Low Usage,Notion,95
5224,17483,2023-09-02,High Pricing,Notion,99
5225,43494,2022-12-02,High Pricing,Notion,26
5226,34576,2022-02-19,Low Usage,Slack,101
5227,23459,2024-05-18,Technical Issues,Asana,91
5228,34672,2023-12-08,High Pricing,Asana,71
5229,519,2024-04-17,Technical Issues,Asana,103
5230,10635,2024-09-22,Low Usage,Monday.com,69
5231,39740,2022-07-13,High Pricing,Slack,26
5232,28809,2022-12-27,Poor Experience,Slack,79
5233,36306,2024-07-21,High Pricing,Notion,69
5234,25978,2022-03-08,High Pricing,Monday.com,2
5235,49319,2024-02-29,Technical Issues,Asana,68
5236,39497,2024-02-18,Switched Competitor,Slack,9
5237,14339,2024-04-17,Missing Features,ClickUp,66
5238,31569,2024-10-07,Poor Experience,Monday.com,98
5239,20693,2025-03-31,Low Usage,Monday.com,18
5240,12851,2024-06-16,Low Usage,Notion,55
5241,7314,2022-01-24,Technical Issues,Slack,24
5242,36540,2025-01-05,Missing Features,Slack,104
5243,38377,2022-04-24,Low Usage,ClickUp,118
5244,2902,2022-06-15,High Pricing,Slack,3
5245,23113,2025-01-09,Poor Experience,Slack,6
5246,44510,2022-03-15,Poor Experience,Notion,39
5247,39021,2022-04-27,Switched Competitor,Slack,113
5248,25396,2023-08-19,Poor Experience,Monday.com,74
5249,39259,2023-12-17,Switched Competitor,Asana,6
5250,23275,2022-01-06,Poor Experience,ClickUp,70
5251,28482,2022-10-10,Technical Issues,Asana,88
5252,33558,2022-09-25,Technical Issues,Monday.com,114
5253,9346,2024-07-27,Missing Features,Slack,40
5254,16357,2024-01-27,Missing Features,Slack,99
5255,35276,2023-03-28,Technical Issues,Asana,42
5256,18084,2023-08-13,Poor Experience,Notion,55
5257,36927,2023-07-19,Missing Features,Slack,111
5258,48115,2024-08-03,Poor Experience,Asana,4
5259,46768,2025-02-11,Low Usage,ClickUp,43
5260,11242,2024-12-06,Switched Competitor,Notion,40
5261,11566,2025-04-12,Poor Experience,ClickUp,64
5262,13422,2024-08-03,Technical Issues,ClickUp,32
5263,43843,2022-06-09,Missing Features,ClickUp,4
5264,13542,2022-09-09,Technical Issues,ClickUp,111
5265,19517,2023-04-18,Switched Competitor,ClickUp,42
5266,2181,2023-07-28,Poor Experience,Monday.com,5
5267,16009,2025-02-28,Poor Experience,Slack,40
5268,41375,2022-11-02,Switched Competitor,Notion,33
5269,44710,2023-10-28,High Pricing,Notion,118
5270,27678,2022-04-17,Switched Competitor,Asana,8
5271,10938,2023-04-06,Switched Competitor,ClickUp,56
5272,1539,2022-12-24,Switched Competitor,Slack,79
5273,8701,2023-09-21,Low Usage,Notion,18
5274,48042,2025-04-04,Switched Competitor,Monday.com,114
5275,33366,2022-08-20,Missing Features,Slack,65
5276,37133,2024-10-16,Switched Competitor,Slack,90
5277,8885,2025-02-07,High Pricing,Slack,102
5278,3463,2022-01-12,Poor Experience,Notion,3
5279,21895,2024-10-15,Switched Competitor,Slack,23
5280,22610,2024-03-03,Missing Features,Asana,64
5281,18024,2024-06-07,Low Usage,Monday.com,53
5282,2734,2024-12-15,Low Usage,Slack,9
5283,31611,2022-09-12,Poor Experience,Slack,17
5284,44772,2024-01-18,Poor Experience,Monday.com,36
5285,30003,2022-08-10,Low Usage,Notion,57
5286,49257,2023-11-08,Technical Issues,ClickUp,94
5287,47807,2023-03-15,Missing Features,Slack,59
5288,35155,2023-09-12,High Pricing,Monday.com,118
5289,19618,2024-04-13,High Pricing,ClickUp,54
5290,30136,2024-07-07,Low Usage,ClickUp,91
5291,23881,2023-12-16,Low Usage,Monday.com,100
5292,1044,2024-02-02,Low Usage,Asana,40
5293,20515,2023-02-14,Poor Experience,Asana,111
5294,17413,2022-03-31,High Pricing,ClickUp,63
5295,33983,2022-07-31,Poor Experience,Asana,76
5296,14230,2022-10-11,High Pricing,Notion,44
5297,18659,2024-06-14,Low Usage,ClickUp,16
5298,33264,2025-04-02,Technical Issues,Notion,46
5299,22592,2024-01-05,Technical Issues,Monday.com,94
5300,27018,2022-10-16,High Pricing,ClickUp,89
5301,38432,2024-12-17,Poor Experience,Asana,3
5302,32011,2022-07-17,Technical Issues,Asana,25
5303,12315,2024-03-17,Low Usage,ClickUp,51
5304,5758,2023-04-15,Technical Issues,Notion,81
5305,44055,2023-09-12,Technical Issues,ClickUp,48
5306,28280,2024-04-22,High Pricing,Monday.com,60
5307,40757,2023-11-26,High Pricing,Notion,66
5308,32700,2023-02-13,Technical Issues,Asana,55
5309,15835,2022-11-06,Switched Competitor,Notion,18
5310,26810,2024-12-28,Poor Experience,Monday.com,105
5311,13364,2023-08-31,Low Usage,ClickUp,75
5312,48258,2023-10-08,Low Usage,Notion,89
5313,45764,2023-10-02,High Pricing,ClickUp,87
5314,12060,2024-06-28,Technical Issues,ClickUp,24
5315,31053,2023-07-22,Missing Features,Notion,11
5316,39419,2023-01-30,Missing Features,Slack,18
5317,30972,2024-12-31,High Pricing,Notion,12
5318,669,2024-04-15,Missing Features,Slack,22
5319,1215,2024-05-22,Low Usage,Slack,58
5320,15999,2022-11-25,Switched Competitor,Slack,25
5321,26002,2022-11-21,High Pricing,Notion,50
5322,34524,2022-03-15,Poor Experience,ClickUp,21
5323,26548,2023-01-27,Poor Experience,ClickUp,21
5324,31003,2025-03-10,Switched Competitor,Slack,52
5325,31572,2022-07-01,Low Usage,Asana,46
5326,2941,2024-10-14,Switched Competitor,Monday.com,3
5327,27939,2023-10-25,Poor Experience,Notion,65
5328,18946,2023-02-22,Technical Issues,Monday.com,50
5329,46379,2024-02-14,Switched Competitor,Monday.com,72
5330,2101,2024-07-25,Switched Competitor,Notion,19
5331,25126,2024-07-31,Low Usage,ClickUp,36
5332,29001,2023-09-15,Technical Issues,Asana,92
5333,41365,2022-01-27,Technical Issues,Monday.com,27
5334,33703,2023-02-17,Switched Competitor,ClickUp,69
5335,26653,2023-02-06,Missing Features,ClickUp,19
5336,40312,2022-12-14,Missing Features,Monday.com,33
5337,23027,2023-03-19,High Pricing,Slack,3
5338,22858,2024-04-09,Technical Issues,Slack,107
5339,21266,2023-02-21,Missing Features,Slack,90
5340,23137,2024-01-09,Technical Issues,Slack,24
5341,21705,2024-02-18,High Pricing,Asana,17
5342,18701,2023-05-19,Low Usage,Notion,66
5343,12801,2023-01-16,High Pricing,Slack,14
5344,33083,2024-01-17,High Pricing,Notion,51
5345,44961,2024-01-01,Missing Features,Notion,36
5346,15947,2024-11-16,Missing Features,Asana,11
5347,39015,2022-03-29,Low Usage,Slack,18
5348,44636,2025-03-05,Switched Competitor,Monday.com,28
5349,25093,2025-03-07,Switched Competitor,ClickUp,112
5350,19797,2023-07-28,Missing Features,Notion,95
5351,14899,2024-04-25,High Pricing,Monday.com,26
5352,8808,2023-01-05,Switched Competitor,Slack,41
5353,35532,2023-01-21,Low Usage,Slack,103
5354,25853,2024-03-30,Poor Experience,ClickUp,54
5355,40391,2023-06-25,Switched Competitor,Asana,58
5356,44201,2023-12-08,Poor Experience,Notion,90
5357,9610,2022-03-10,Low Usage,Slack,17
5358,38949,2022-06-30,Low Usage,Monday.com,82
5359,38629,2022-01-29,Poor Experience,Monday.com,89
5360,28426,2024-02-01,Technical Issues,ClickUp,56
5361,48101,2022-07-28,Switched Competitor,Slack,30
5362,14006,2023-05-16,Switched Competitor,Asana,42
5363,32625,2024-12-20,High Pricing,Slack,93
5364,36238,2024-06-24,Low Usage,ClickUp,113
5365,17752,2022-08-07,Low Usage,Asana,106
5366,26853,2024-03-04,Poor Experience,Slack,80
5367,31546,2022-01-01,Low Usage,Notion,40
5368,18699,2024-03-04,Technical Issues,Slack,70
5369,2763,2025-03-14,Poor Experience,Notion,119
5370,49451,2022-04-17,Technical Issues,Monday.com,70
5371,26477,2023-07-11,Low Usage,Monday.com,105
5372,19723,2022-04-23,Missing Features,Slack,69
5373,42649,2024-03-02,Missing Features,Asana,41
5374,49806,2024-11-04,Low Usage,Monday.com,17
5375,25323,2024-05-02,Technical Issues,Monday.com,61
5376,39222,2023-03-29,Switched Competitor,Asana,33
5377,47788,2023-02-21,Poor Experience,Slack,29
5378,18401,2023-01-28,Missing Features,Notion,116
5379,24758,2023-02-11,High Pricing,ClickUp,98
5380,5485,2023-08-14,Low Usage,Asana,52
5381,5375,2025-02-16,Low Usage,ClickUp,3
5382,24033,2025-02-25,Low Usage,Monday.com,33
5383,40964,2023-07-11,Poor Experience,Asana,90
5384,26739,2023-06-27,Poor Experience,ClickUp,46
5385,49883,2022-03-10,Missing Features,Asana,64
5386,37770,2025-02-27,Poor Experience,Slack,43
5387,30972,2025-02-24,Switched Competitor,ClickUp,86
5388,39799,2022-08-16,Missing Features,Asana,19
5389,11317,2022-02-02,High Pricing,Monday.com,87
5390,10661,2022-07-23,Poor Experience,Slack,4
5391,49592,2023-01-13,Missing Features,Monday.com,9
5392,42377,2024-01-24,Missing Features,Notion,65
5393,9089,2022-11-16,Switched Competitor,Slack,10
5394,33990,2024-02-16,Missing Features,Monday.com,96
5395,40012,2024-02-28,Poor Experience,Notion,118
5396,9583,2023-01-03,Missing Features,Notion,16
5397,7992,2024-12-05,High Pricing,Slack,55
5398,8847,2022-11-08,Missing Features,ClickUp,113
5399,23469,2022-07-02,High Pricing,Monday.com,117
5400,31860,2023-11-27,High Pricing,Asana,111
5401,4801,2022-02-24,High Pricing,Slack,80
5402,4996,2024-11-02,Switched Competitor,Notion,12
5403,4438,2022-01-20,Poor Experience,Monday.com,17
5404,17058,2024-06-23,Technical Issues,Slack,38
5405,43529,2022-07-07,Missing Features,Slack,32
5406,21367,2024-07-26,Technical Issues,Asana,83
5407,34043,2024-06-20,Poor Experience,Monday.com,97
5408,20553,2022-12-11,Technical Issues,Slack,119
5409,37288,2023-03-15,Switched Competitor,Notion,40
5410,35261,2023-12-05,Poor Experience,Notion,17
5411,19224,2025-01-27,Technical Issues,Monday.com,74
5412,46700,2024-02-01,Poor Experience,ClickUp,71
5413,4459,2022-07-20,Low Usage,Slack,62
5414,35858,2024-08-08,High Pricing,Asana,94
5415,33460,2024-02-02,Missing Features,Slack,97
5416,10149,2022-08-14,Technical Issues,Asana,3
5417,17105,2023-06-26,Poor Experience,Monday.com,53
5418,7448,2023-01-22,Poor Experience,Asana,58
5419,18728,2022-09-28,Switched Competitor,Notion,95
5420,33929,2022-11-28,Low Usage,Notion,113
5421,26605,2022-01-14,Low Usage,ClickUp,11
5422,22594,2022-06-17,Missing Features,Asana,69
5423,20741,2023-09-19,High Pricing,ClickUp,26
5424,18540,2024-04-18,Missing Features,Slack,116
5425,4995,2023-01-24,Technical Issues,Slack,84
5426,920,2022-07-08,Switched Competitor,Slack,109
5427,30692,2024-07-13,Missing Features,Asana,39
5428,27561,2023-01-26,Low Usage,Asana,29
5429,17832,2025-03-08,Missing Features,ClickUp,57
5430,11294,2023-11-07,Technical Issues,Asana,63
5431,48381,2024-06-19,Missing Features,Asana,45
5432,28231,2022-06-03,Poor Experience,Notion,103
5433,16991,2022-11-17,Poor Experience,ClickUp,13
5434,1732,2022-04-20,Switched Competitor,Notion,113
5435,6745,2024-06-19,Switched Competitor,Slack,72
5436,15930,2024-12-06,Missing Features,Notion,87
5437,4355,2022-05-23,Low Usage,Asana,72
5438,24450,2022-11-11,Technical Issues,Notion,93
5439,15453,2022-03-23,Switched Competitor,Asana,41
5440,16247,2023-01-12,Technical Issues,ClickUp,117
5441,1646,2024-01-05,Technical Issues,Notion,102
5442,28169,2024-05-14,Missing Features,Monday.com,91
5443,40864,2022-01-05,High Pricing,Notion,53
5444,25252,2022-03-10,Missing Features,Slack,12
5445,20529,2023-09-30,High Pricing,ClickUp,37
5446,15782,2022-05-26,High Pricing,Notion,29
5447,14592,2023-08-20,Missing Features,Monday.com,26
5448,32301,2023-06-21,Switched Competitor,Asana,108
5449,16078,2024-07-31,Poor Experience,Notion,18
5450,30308,2023-10-22,Switched Competitor,ClickUp,45
5451,20705,2025-02-01,Technical Issues,ClickUp,11
5452,24287,2025-03-12,Low Usage,Asana,19
5453,40942,2022-06-26,Switched Competitor,Notion,1
5454,15379,2023-03-02,Poor Experience,Asana,83
5455,8410,2022-01-17,Technical Issues,Notion,34
5456,23372,2024-03-25,Switched Competitor,Slack,23
5457,9635,2024-12-23,Switched Competitor,Slack,68
5458,4758,2023-10-11,Missing Features,Slack,94
5459,11315,2023-01-26,Poor Experience,Notion,78
5460,41496,2024-08-31,Poor Experience,Monday.com,34
5461,30624,2023-07-17,Low Usage,Asana,25
5462,35706,2024-04-01,High Pricing,Slack,87
5463,18344,2024-12-26,Low Usage,Notion,15
5464,4284,2023-12-03,Poor Experience,Slack,98
5465,13097,2023-03-16,Poor Experience,Notion,48
5466,32817,2022-01-08,High Pricing,ClickUp,38
5467,41957,2024-08-11,Low Usage,Asana,35
5468,4105,2023-08-13,Missing Features,ClickUp,10
5469,39150,2024-11-21,Switched Competitor,Monday.com,84
5470,24665,2022-07-16,Poor Experience,Monday.com,36
5471,5988,2023-08-04,Low Usage,Notion,20
5472,20635,2024-02-20,Switched Competitor,ClickUp,100
5473,8565,2025-02-25,Technical Issues,Monday.com,73
5474,4053,2022-11-04,High Pricing,Monday.com,28
5475,9304,2023-09-18,Technical Issues,Notion,80
5476,40380,2024-03-04,Switched Competitor,ClickUp,42
5477,30730,2025-01-06,Missing Features,ClickUp,103
5478,16289,2025-01-26,High Pricing,Monday.com,112
5479,6863,2022-10-12,Missing Features,Slack,8
5480,28572,2024-02-26,High Pricing,ClickUp,36
5481,44980,2024-04-20,Technical Issues,ClickUp,89
5482,48677,2023-12-07,Switched Competitor,Asana,24
5483,2103,2024-08-22,Technical Issues,Notion,67
5484,39926,2024-04-07,Low Usage,Monday.com,88
5485,20947,2024-08-20,High Pricing,ClickUp,102
5486,41871,2023-12-27,Missing Features,Monday.com,84
5487,23942,2024-04-02,Missing Features,Notion,8
5488,15245,2024-11-07,Switched Competitor,Asana,115
5489,7120,2023-07-28,Switched Competitor,ClickUp,81
5490,33467,2023-07-31,Poor Experience,Notion,9
5491,10218,2025-02-11,Technical Issues,Monday.com,112
5492,29650,2023-02-05,Missing Features,Asana,110
5493,33936,2024-08-02,Switched Competitor,Notion,70
5494,12165,2023-01-20,Technical Issues,Monday.com,37
5495,18864,2022-12-08,High Pricing,Slack,26
5496,27298,2024-12-21,Technical Issues,Notion,84
5497,22726,2023-11-29,Technical Issues,Slack,73
5498,26137,2025-03-14,High Pricing,Slack,17
5499,2663,2024-01-23,Low Usage,Monday.com,66
5500,42194,2022-05-01,High Pricing,Asana,89
5501,13436,2024-11-12,Switched Competitor,Slack,113
5502,47742,2022-07-10,Missing Features,ClickUp,91
5503,43522,2024-08-13,Missing Features,Slack,44
5504,14509,2023-08-17,High Pricing,Monday.com,112
5505,26913,2023-04-15,Poor Experience,Slack,109
5506,32864,2022-11-10,Missing Features,Monday.com,65
5507,17168,2023-08-26,Poor Experience,Monday.com,41
5508,40286,2024-12-04,Poor Experience,ClickUp,35
5509,41766,2023-12-04,Missing Features,Monday.com,114
5510,18114,2025-02-28,Missing Features,ClickUp,13
5511,34451,2023-08-11,Poor Experience,Monday.com,23
5512,42468,2024-02-24,Switched Competitor,Asana,82
5513,36805,2024-08-25,Switched Competitor,Asana,36
5514,33658,2024-04-02,Technical Issues,Monday.com,63
5515,41204,2022-11-13,Poor Experience,ClickUp,69
5516,12786,2024-02-25,Low Usage,Monday.com,21
5517,49660,2023-05-26,Technical Issues,Slack,30
5518,2280,2022-07-02,Technical Issues,ClickUp,32
5519,25534,2022-07-01,Switched Competitor,Monday.com,2
5520,6554,2023-10-28,Missing Features,ClickUp,48
5521,27266,2024-07-10,Switched Competitor,Monday.com,54
5522,9767,2024-05-10,Technical Issues,Slack,76
5523,46544,2024-07-27,Low Usage,Slack,89
5524,17657,2022-01-31,Low Usage,Monday.com,13
5525,4264,2024-05-07,High Pricing,Slack,58
5526,18196,2025-03-05,Missing Features,Asana,39
5527,39556,2022-04-22,Technical Issues,Notion,79
5528,885,2024-07-17,High Pricing,Notion,10
5529,3891,2022-02-17,Poor Experience,Notion,24
5530,48573,2023-10-28,High Pricing,ClickUp,53
5531,24096,2023-09-30,Missing Features,Slack,33
5532,33937,2022-10-01,Missing Features,ClickUp,63
5533,1551,2024-08-13,Missing Features,Slack,97
5534,35163,2023-11-26,Missing Features,Notion,7
5535,26149,2024-08-22,High Pricing,Asana,117
5536,19990,2022-06-11,Missing Features,ClickUp,3
5537,347,2024-12-05,Low Usage,Asana,90
5538,44524,2022-09-14,Poor Experience,Asana,41
5539,1940,2024-08-05,Missing Features,Monday.com,36
5540,14118,2025-03-01,Missing Features,ClickUp,33
5541,27307,2024-03-22,Poor Experience,Asana,101
5542,14945,2024-09-14,Technical Issues,ClickUp,109
5543,20429,2023-05-27,Missing Features,Notion,67
5544,14621,2022-11-26,Poor Experience,Slack,84
5545,18598,2024-09-03,Switched Competitor,Slack,53
5546,32437,2024-02-27,High Pricing,Asana,68
5547,18807,2022-09-28,Poor Experience,Slack,73
5548,43304,2023-12-17,High Pricing,ClickUp,5
5549,4034,2024-04-08,Missing Features,ClickUp,43
5550,1578,2023-06-28,Poor Experience,ClickUp,13
5551,35214,2023-07-19,Missing Features,Asana,67
5552,47956,2024-02-12,Switched Competitor,Notion,85
5553,16596,2022-04-13,High Pricing,Monday.com,90
5554,8314,2022-01-14,Poor Experience,Monday.com,17
5555,9324,2022-02-24,Poor Experience,Monday.com,66
5556,36250,2024-06-15,Low Usage,Slack,31
5557,33194,2025-02-06,Poor Experience,Slack,45
5558,49128,2022-03-23,Low Usage,ClickUp,57
5559,29105,2023-04-06,Poor Experience,ClickUp,40
5560,9201,2022-01-13,Missing Features,Notion,116
5561,4653,2024-11-27,High Pricing,Monday.com,116
5562,40072,2023-05-07,Technical Issues,Notion,11
5563,17943,2022-02-10,Missing Features,Monday.com,100
5564,7427,2022-02-22,Switched Competitor,ClickUp,88
5565,5165,2022-07-09,Missing Features,Notion,114
5566,5854,2024-12-28,Switched Competitor,Slack,2
5567,29142,2024-01-30,Switched Competitor,ClickUp,103
5568,28293,2022-04-25,High Pricing,Asana,91
5569,40686,2024-06-04,High Pricing,ClickUp,40
5570,24193,2022-06-29,Missing Features,Monday.com,29
5571,19662,2023-09-29,Technical Issues,Asana,98
5572,8754,2022-01-08,Switched Competitor,Asana,47
5573,17322,2023-10-07,Low Usage,Slack,47
5574,37847,2024-05-13,Technical Issues,Slack,29
5575,46273,2022-04-05,High Pricing,Notion,70
5576,7532,2022-12-11,Low Usage,ClickUp,36
5577,27092,2024-11-26,Technical Issues,Notion,39
5578,13676,2023-06-29,Poor Experience,ClickUp,47
5579,16720,2023-09-06,High Pricing,Monday.com,90
5580,46746,2022-06-03,Poor Experience,Notion,43
5581,5485,2022-10-01,Low Usage,Slack,27
5582,40894,2024-06-12,Technical Issues,Asana,31
5583,46453,2023-11-23,Poor Experience,ClickUp,22
5584,7479,2024-01-05,Poor Experience,Notion,89
5585,23589,2024-10-25,Low Usage,Notion,1
5586,47735,2023-07-23,Switched Competitor,Notion,83
5587,9767,2022-03-27,Low Usage,ClickUp,82
5588,30143,2022-06-30,Missing Features,ClickUp,109
5589,8652,2023-04-25,Low Usage,Notion,89
5590,48428,2024-04-30,Missing Features,Asana,13
5591,27128,2022-05-17,Missing Features,Slack,116
5592,19229,2024-01-24,Low Usage,Asana,96
5593,33366,2025-01-23,Poor Experience,Slack,47
5594,6152,2024-03-11,Poor Experience,Notion,36
5595,39569,2023-03-17,Low Usage,ClickUp,28
5596,40605,2024-05-26,Poor Experience,ClickUp,6
5597,22250,2024-03-23,Poor Experience,Asana,50
5598,33627,2022-01-06,Switched Competitor,Slack,63
5599,30908,2023-10-16,Missing Features,Notion,25
5600,29190,2023-02-16,Poor Experience,ClickUp,37
5601,49054,2024-03-24,Poor Experience,Monday.com,117
5602,2005,2024-01-24,Technical Issues,Slack,77
5603,29978,2024-02-28,High Pricing,Slack,106
5604,24854,2022-10-22,Missing Features,Asana,81
5605,9262,2023-12-02,Poor Experience,Asana,32
5606,40346,2022-01-17,High Pricing,Asana,91
5607,37976,2022-05-06,Technical Issues,Asana,52
5608,3010,2022-04-14,Low Usage,Asana,13
5609,24145,2022-11-16,Low Usage,ClickUp,60
5610,15985,2023-02-23,Poor Experience,Asana,64
5611,20534,2024-01-30,Switched Competitor,Notion,63
5612,18824,2024-09-26,Switched Competitor,ClickUp,4
5613,44143,2022-08-14,High Pricing,Asana,17
5614,21420,2023-05-23,Missing Features,ClickUp,69
5615,39505,2023-01-30,Poor Experience,Asana,65
5616,20911,2023-01-20,Poor Experience,Asana,118
5617,42286,2022-07-14,Technical Issues,Notion,119
5618,29881,2022-10-03,Missing Features,Slack,77
5619,22493,2024-12-22,Poor Experience,ClickUp,55
5620,44883,2024-05-08,Poor Experience,Notion,113
5621,13541,2024-09-09,Poor Experience,Notion,14
5622,10550,2025-02-01,High Pricing,ClickUp,83
5623,31656,2023-10-31,High Pricing,Slack,87
5624,20888,2023-02-08,Poor Experience,Monday.com,64
5625,11531,2024-09-07,Poor Experience,ClickUp,41
5626,28268,2023-04-15,Technical Issues,Slack,23
5627,11244,2022-05-12,Switched Competitor,Monday.com,81
5628,43190,2023-12-12,Poor Experience,ClickUp,17
5629,28954,2022-11-03,Poor Experience,ClickUp,28
5630,24554,2022-03-12,Missing Features,ClickUp,111
5631,40021,2024-03-20,Poor Experience,Slack,72
5632,21302,2025-01-16,High Pricing,Monday.com,106
5633,3636,2022-02-28,Low Usage,Slack,9
5634,1071,2023-03-06,Technical Issues,Notion,102
5635,17332,2024-04-21,Technical Issues,Slack,110
5636,6306,2022-03-12,Missing Features,Slack,4
5637,10311,2023-05-14,Missing Features,Notion,35
5638,46592,2024-05-06,High Pricing,Monday.com,11
5639,36019,2024-06-06,Technical Issues,Monday.com,17
5640,39765,2025-01-13,Missing Features,Asana,77
5641,19140,2024-11-18,Technical Issues,Notion,96
5642,547,2023-07-17,Technical Issues,Asana,54
5643,43686,2022-02-18,Poor Experience,Asana,30
5644,15376,2024-11-02,Switched Competitor,ClickUp,97
5645,31326,2024-01-14,High Pricing,Monday.com,48
5646,41505,2024-05-25,Technical Issues,Asana,39
5647,13576,2023-04-15,Technical Issues,Monday.com,61
5648,17143,2024-10-22,Technical Issues,Notion,72
5649,639,2022-05-18,Poor Experience,Slack,37
5650,20600,2023-11-28,Missing Features,Asana,67
5651,37123,2025-04-06,Technical Issues,Slack,30
5652,7281,2023-01-22,Technical Issues,Slack,12
5653,22090,2024-08-22,Poor Experience,Slack,67
5654,36322,2024-04-22,Low Usage,Asana,78
5655,23744,2022-01-31,Low Usage,Monday.com,60
5656,30499,2022-08-08,High Pricing,Slack,70
5657,15095,2022-05-28,Low Usage,Monday.com,50
5658,36544,2024-08-04,Missing Features,Slack,48
5659,35515,2022-03-06,High Pricing,ClickUp,63
5660,14030,2024-11-21,Switched Competitor,Asana,40
5661,10937,2022-06-22,Low Usage,Asana,15
5662,34644,2023-02-10,High Pricing,Notion,115
5663,23029,2023-05-07,High Pricing,Monday.com,103
5664,31919,2024-01-08,Poor Experience,Slack,55
5665,29667,2025-03-09,Missing Features,Notion,102
5666,36819,2023-10-22,Missing Features,Slack,107
5667,25198,2022-03-17,Poor Experience,Asana,39
5668,26438,2022-10-07,High Pricing,Notion,65
5669,22824,2023-08-08,Missing Features,Asana,11
5670,21683,2024-08-14,Low Usage,Monday.com,15
5671,42411,2024-01-29,Low Usage,Slack,92
5672,46855,2022-02-25,Switched Competitor,Asana,107
5673,48374,2025-03-05,High Pricing,ClickUp,34
5674,29555,2022-10-21,Low Usage,ClickUp,19
5675,42077,2022-03-15,Poor Experience,Notion,66
5676,5133,2023-07-08,Poor Experience,Monday.com,15
5677,36892,2023-11-30,Missing Features,Notion,63
5678,34696,2022-06-22,Poor Experience,Asana,57
5679,22373,2023-01-31,Technical Issues,ClickUp,70
5680,11302,2022-11-24,Technical Issues,ClickUp,79
5681,26463,2025-01-30,High Pricing,ClickUp,50
5682,4859,2023-12-25,Poor Experience,Monday.com,86
5683,13492,2023-10-12,Switched Competitor,Asana,77
5684,25693,2024-03-07,High Pricing,Monday.com,95
5685,33732,2024-08-27,Missing Features,ClickUp,39
5686,46122,2024-11-02,Missing Features,Monday.com,118
5687,14821,2023-06-07,Low Usage,Slack,39
5688,12587,2022-06-02,Missing Features,Monday.com,83
5689,27279,2024-11-30,Poor Experience,Asana,24
5690,28237,2024-11-15,High Pricing,Monday.com,76
5691,21703,2022-08-05,Poor Experience,Notion,109
5692,43512,2024-07-19,Low Usage,Monday.com,20
5693,23612,2024-04-17,Low Usage,Monday.com,44
5694,36089,2024-09-27,Poor Experience,Notion,1
5695,30882,2025-03-26,Poor Experience,Slack,61
5696,37351,2024-06-14,Low Usage,Monday.com,111
5697,24934,2024-06-14,Poor Experience,Notion,111
5698,44236,2024-09-02,Technical Issues,Monday.com,43
5699,5121,2025-01-18,Technical Issues,ClickUp,103
5700,39016,2022-12-31,Missing Features,Asana,85
5701,22880,2023-02-24,Switched Competitor,Notion,67
5702,29669,2023-10-12,Technical Issues,Asana,38
5703,23035,2025-04-07,Missing Features,Slack,65
5704,3391,2023-08-28,High Pricing,Slack,6
5705,2193,2025-03-29,Missing Features,Asana,33
5706,47044,2023-06-21,Switched Competitor,Asana,48
5707,14622,2024-06-15,Poor Experience,Notion,30
5708,36882,2022-10-23,High Pricing,Asana,52
5709,11374,2023-01-22,Technical Issues,ClickUp,54
5710,40641,2024-01-19,Poor Experience,Notion,42
5711,48988,2022-03-08,Poor Experience,Slack,105
5712,3896,2025-04-07,Missing Features,Monday.com,29
5713,4849,2022-10-22,Switched Competitor,Monday.com,54
5714,15912,2023-12-12,Missing Features,Slack,113
5715,43550,2023-10-24,High Pricing,Notion,69
5716,24649,2023-09-11,Poor Experience,ClickUp,82
5717,22554,2022-10-31,Switched Competitor,Monday.com,97
5718,44670,2023-10-14,Poor Experience,ClickUp,32
5719,38353,2024-08-12,Poor Experience,Slack,58
5720,36173,2024-05-03,Technical Issues,ClickUp,8
5721,16519,2024-05-24,Missing Features,ClickUp,51
5722,49521,2024-12-28,Switched Competitor,Asana,99
5723,32129,2023-01-24,Technical Issues,Asana,8
5724,19753,2023-05-04,High Pricing,Monday.com,19
5725,34597,2024-12-08,Poor Experience,Notion,52
5726,44748,2023-12-06,Missing Features,Asana,87
5727,15798,2023-12-04,Low Usage,Notion,29
5728,13500,2024-07-15,Low Usage,Slack,25
5729,5725,2024-08-17,Switched Competitor,ClickUp,66
5730,35798,2023-09-27,Missing Features,Notion,8
5731,32708,2022-05-19,Technical Issues,Monday.com,92
5732,490,2022-05-28,High Pricing,Monday.com,107
5733,10191,2025-02-09,Switched Competitor,ClickUp,120
5734,41786,2022-06-24,Low Usage,Asana,52
5735,46693,2025-03-05,High Pricing,Notion,33
5736,48602,2023-04-09,High Pricing,ClickUp,110
5737,24948,2022-03-01,High Pricing,ClickUp,35
5738,8730,2022-01-27,Switched Competitor,Slack,89
5739,3519,2025-01-28,Technical Issues,Notion,41
5740,32981,2023-05-24,Missing Features,Slack,92
5741,41788,2023-10-08,High Pricing,Monday.com,114
5742,8783,2024-04-22,High Pricing,Slack,61
5743,28216,2024-02-20,Missing Features,Notion,111
5744,13348,2022-04-07,Missing Features,Monday.com,92
5745,20946,2024-11-29,Technical Issues,Slack,30
5746,19319,2024-01-31,Low Usage,Notion,75
5747,6868,2022-11-19,Switched Competitor,Monday.com,32
5748,23882,2022-03-10,Missing Features,Asana,38
5749,30561,2024-08-11,Missing Features,ClickUp,108
5750,39188,2024-02-05,Switched Competitor,Slack,54
5751,25864,2023-01-27,Poor Experience,Notion,87
5752,9117,2023-09-03,Missing Features,Notion,76
5753,2982,2024-10-26,High Pricing,Slack,37
5754,6120,2024-08-04,Switched Competitor,Monday.com,81
5755,6692,2023-09-20,Switched Competitor,Slack,85
5756,13479,2022-03-24,Low Usage,Slack,79
5757,33635,2023-03-19,Switched Competitor,Notion,102
5758,44818,2025-02-26,Low Usage,Slack,117
5759,33988,2023-01-11,Technical Issues,Asana,56
5760,17121,2023-07-23,Technical Issues,Notion,71
5761,25517,2025-01-16,Missing Features,Slack,57
5762,3396,2022-04-20,High Pricing,ClickUp,11
5763,42501,2023-06-28,Missing Features,Monday.com,111
5764,4988,2022-03-07,Switched Competitor,ClickUp,72
5765,36362,2024-08-18,Low Usage,Asana,103
5766,957,2022-06-14,Technical Issues,Notion,102
5767,38310,2022-10-11,Poor Experience,Asana,105
5768,21904,2024-02-21,Switched Competitor,Slack,111
5769,94,2022-03-24,High Pricing,Notion,104
5770,28186,2024-09-27,High Pricing,Notion,87
5771,21699,2023-05-16,High Pricing,Monday.com,35
5772,49345,2024-09-27,Missing Features,Monday.com,48
5773,25506,2025-04-01,High Pricing,ClickUp,6
5774,46002,2022-02-18,Poor Experience,Asana,53
5775,16533,2023-08-22,Poor Experience,Notion,82
5776,24718,2022-03-08,Poor Experience,Asana,81
5777,10202,2022-11-11,Technical Issues,Monday.com,53
5778,20649,2022-03-24,Technical Issues,Monday.com,68
5779,23309,2022-09-05,High Pricing,Slack,82
5780,31205,2023-04-10,Low Usage,Notion,29
5781,22356,2022-01-08,Switched Competitor,Asana,59
5782,26632,2024-11-13,Poor Experience,Slack,51
5783,13772,2025-01-24,Poor Experience,Monday.com,92
5784,31059,2025-02-27,Missing Features,Asana,29
5785,43115,2023-03-26,Missing Features,Slack,25
5786,31008,2024-09-22,Poor Experience,Slack,5
5787,4520,2024-05-11,Poor Experience,ClickUp,116
5788,31611,2022-04-16,Poor Experience,Notion,119
5789,16952,2022-05-16,High Pricing,ClickUp,89
5790,18806,2022-07-22,Switched Competitor,Notion,37
5791,35761,2024-05-07,Poor Experience,ClickUp,23
5792,40661,2024-05-23,Low Usage,Notion,88
5793,19165,2024-02-17,High Pricing,Monday.com,37
5794,33658,2025-01-29,High Pricing,Notion,6
5795,13881,2022-12-24,Low Usage,Notion,79
5796,24209,2024-09-09,Missing Features,Slack,77
5797,46993,2024-07-05,Technical Issues,Slack,26
5798,35957,2024-12-01,Low Usage,ClickUp,19
5799,11579,2022-09-18,Low Usage,Monday.com,59
5800,39817,2023-04-04,Switched Competitor,Asana,57
5801,12264,2023-01-05,Switched Competitor,Notion,82
5802,8581,2025-02-18,High Pricing,Notion,12
5803,25528,2022-06-24,Low Usage,Slack,38
5804,33766,2022-05-12,Low Usage,Notion,9
5805,28175,2022-11-30,Switched Competitor,Notion,119
5806,17255,2022-03-06,High Pricing,Notion,85
5807,12045,2022-10-21,High Pricing,ClickUp,104
5808,25262,2022-06-10,High Pricing,ClickUp,16
5809,44690,2024-03-19,Switched Competitor,Notion,118
5810,4303,2022-04-08,Low Usage,Asana,60
5811,8007,2023-03-23,Poor Experience,Notion,48
5812,5974,2023-03-09,Low Usage,Notion,73
5813,20575,2023-02-23,Poor Experience,Notion,89
5814,9813,2024-09-23,Switched Competitor,ClickUp,17
5815,23822,2024-08-02,Low Usage,Slack,117
5816,28687,2023-07-15,Missing Features,Notion,99
5817,3871,2023-06-10,Technical Issues,Slack,61
5818,43902,2024-12-13,Low Usage,Monday.com,24
5819,17943,2025-01-22,High Pricing,Asana,53
5820,2424,2023-05-03,Switched Competitor,Slack,115
5821,20432,2023-03-11,Low Usage,Monday.com,78
5822,36929,2022-11-26,Missing Features,Notion,92
5823,37241,2025-03-08,Missing Features,Slack,71
5824,42820,2023-09-28,Switched Competitor,Monday.com,80
5825,6925,2024-12-25,Technical Issues,Asana,84
5826,1075,2022-05-13,Poor Experience,Slack,96
5827,31378,2025-03-24,Technical Issues,Asana,30
5828,33910,2024-07-24,Low Usage,Notion,17
5829,18124,2023-02-26,Poor Experience,Notion,114
5830,6091,2022-04-04,Poor Experience,Slack,19
5831,44370,2023-04-19,Technical Issues,Asana,98
5832,31063,2024-01-14,Low Usage,ClickUp,83
5833,40827,2023-08-14,Technical Issues,Monday.com,7
5834,10352,2022-10-06,Switched Competitor,Asana,41
5835,16040,2022-05-14,Switched Competitor,Slack,73
5836,48585,2022-10-21,Technical Issues,Slack,71
5837,11717,2023-12-27,High Pricing,Asana,111
5838,6638,2022-03-12,Poor Experience,Asana,94
5839,40134,2023-02-14,Switched Competitor,Slack,86
5840,15420,2022-07-27,Missing Features,ClickUp,108
5841,26601,2022-11-30,High Pricing,Slack,32
5842,21927,2022-04-13,Missing Features,Slack,109
5843,22544,2022-06-17,Missing Features,ClickUp,22
5844,38745,2023-11-27,Poor Experience,Slack,101
5845,47532,2024-12-04,Poor Experience,Notion,54
5846,16192,2024-10-25,Missing Features,Monday.com,36
5847,18170,2023-12-01,Switched Competitor,Monday.com,73
5848,44803,2024-12-05,Poor Experience,Slack,100
5849,42026,2023-06-01,High Pricing,ClickUp,10
5850,36522,2022-12-23,Switched Competitor,Notion,61
5851,7431,2024-01-11,Poor Experience,Notion,19
5852,23665,2022-04-26,Switched Competitor,Asana,115
5853,26412,2022-02-11,Poor Experience,Monday.com,85
5854,3236,2023-06-01,Low Usage,Monday.com,83
5855,27176,2023-09-23,High Pricing,ClickUp,6
5856,14454,2022-03-07,Technical Issues,Notion,70
5857,33211,2022-04-09,Low Usage,Slack,51
5858,21265,2024-09-28,Low Usage,Slack,12
5859,45758,2022-03-12,Missing Features,Notion,111
5860,287,2024-06-29,Technical Issues,Notion,28
5861,45895,2023-08-20,Low Usage,Asana,80
5862,43083,2024-05-31,High Pricing,Asana,41
5863,29305,2023-11-25,Missing Features,Asana,35
5864,40425,2024-08-14,Low Usage,Slack,107
5865,45340,2022-07-13,High Pricing,Notion,73
5866,30047,2024-06-19,Missing Features,Slack,88
5867,20864,2024-04-17,Missing Features,Slack,27
5868,45665,2023-04-13,Switched Competitor,ClickUp,44
5869,33998,2022-02-22,Switched Competitor,Notion,91
5870,29958,2024-08-15,Low Usage,Asana,83
5871,6684,2022-04-04,Switched Competitor,Slack,108
5872,20307,2023-09-09,Switched Competitor,Monday.com,61
5873,8192,2023-10-16,Low Usage,Slack,59
5874,22136,2023-10-18,Switched Competitor,Monday.com,14
5875,42386,2023-07-22,Low Usage,Asana,103
5876,6211,2022-11-22,Low Usage,ClickUp,89
5877,17821,2023-06-23,Low Usage,Notion,5
5878,2385,2025-01-20,Technical Issues,Asana,72
5879,44110,2023-03-15,Missing Features,Monday.com,115
5880,41190,2023-11-14,Technical Issues,Asana,40
5881,16493,2024-03-01,Technical Issues,Slack,84
5882,12833,2024-03-24,Missing Features,Monday.com,2
5883,46087,2024-01-23,Switched Competitor,Slack,8
5884,10452,2024-12-10,Low Usage,Asana,72
5885,47741,2022-12-15,Poor Experience,ClickUp,38
5886,35282,2025-03-13,Missing Features,Notion,104
5887,36902,2023-09-04,Low Usage,Notion,1
5888,48652,2023-10-03,Low Usage,Slack,54
5889,46607,2022-03-30,Low Usage,Asana,120
5890,12076,2024-11-13,Low Usage,ClickUp,82
5891,43751,2022-12-05,Poor Experience,Monday.com,24
5892,3853,2022-05-18,Missing Features,Notion,49
5893,40796,2023-12-25,Technical Issues,Slack,55
5894,21879,2024-11-18,Low Usage,Monday.com,21
5895,24508,2022-04-25,High Pricing,Monday.com,29
5896,38415,2024-09-20,High Pricing,ClickUp,90
5897,32126,2023-01-21,Technical Issues,ClickUp,40
5898,27120,2023-05-04,Low Usage,Asana,28
5899,4088,2024-03-15,Low Usage,Slack,48
5900,5130,2022-08-30,Technical Issues,Slack,99
5901,741,2023-07-18,Low Usage,ClickUp,112
5902,819,2024-08-30,Missing Features,Slack,62
5903,27140,2022-02-22,Technical Issues,ClickUp,7
5904,31932,2022-07-13,Missing Features,Notion,111
5905,3105,2023-07-19,Poor Experience,Asana,28
5906,40271,2024-12-25,Low Usage,ClickUp,5
5907,12745,2023-05-11,Switched Competitor,Notion,19
5908,33042,2023-10-12,Missing Features,Slack,97
5909,11234,2024-11-05,Technical Issues,Notion,37
5910,17585,2023-07-27,Missing Features,Monday.com,9
5911,33171,2022-08-15,Technical Issues,Asana,30
5912,16892,2023-08-26,Technical Issues,ClickUp,103
5913,20429,2022-07-17,Poor Experience,Asana,11
5914,13643,2024-12-17,Low Usage,ClickUp,14
5915,45117,2023-01-23,High Pricing,ClickUp,104
5916,12198,2022-06-16,High Pricing,Asana,1
5917,35221,2022-05-10,Poor Experience,Notion,56
5918,15735,2024-07-21,Missing Features,ClickUp,108
5919,23371,2023-04-02,High Pricing,ClickUp,41
5920,15786,2022-06-26,Missing Features,Notion,26
5921,30921,2024-12-13,Missing Features,Notion,88
5922,21266,2024-11-22,Poor Experience,ClickUp,42
5923,45882,2022-05-22,High Pricing,ClickUp,22
5924,9463,2024-12-28,Poor Experience,Notion,111
5925,34970,2024-03-18,Poor Experience,Slack,29
5926,17318,2023-01-29,Technical Issues,Notion,109
5927,39490,2022-09-01,Low Usage,Notion,110
5928,26224,2022-06-02,Poor Experience,ClickUp,56
5929,42977,2022-02-02,Poor Experience,Monday.com,14
5930,18626,2022-09-15,Poor Experience,Notion,97
5931,34899,2025-02-22,Switched Competitor,Monday.com,113
5932,36552,2023-10-19,Low Usage,Asana,35
5933,7392,2022-09-24,High Pricing,Asana,114
5934,45449,2024-02-19,High Pricing,Monday.com,12
5935,4807,2022-03-12,Poor Experience,Slack,81
5936,50,2025-02-10,Switched Competitor,Monday.com,83
5937,18476,2023-10-19,High Pricing,Monday.com,104
5938,5321,2023-12-17,Switched Competitor,Notion,53
5939,27912,2022-11-09,Poor Experience,Asana,11
5940,16397,2024-08-19,High Pricing,Slack,102
5941,15541,2023-04-21,Poor Experience,ClickUp,94
5942,42555,2024-01-19,High Pricing,ClickUp,89
5943,38036,2024-07-18,Technical Issues,Notion,36
5944,44808,2023-10-12,High Pricing,ClickUp,101
5945,7019,2022-10-17,High Pricing,Slack,94
5946,17464,2024-05-08,Poor Experience,Slack,5
5947,42374,2024-09-24,Technical Issues,ClickUp,57
5948,42206,2024-10-10,Missing Features,Monday.com,56
5949,32477,2023-10-03,Low Usage,Slack,72
5950,35889,2023-11-08,Switched Competitor,Notion,78
5951,35429,2023-09-14,Switched Competitor,Notion,101
5952,24765,2024-03-11,Poor Experience,Asana,98
5953,28629,2022-10-22,Technical Issues,Monday.com,39
5954,38858,2022-08-09,Missing Features,Monday.com,68
5955,36003,2024-04-12,Technical Issues,ClickUp,108
5956,67,2022-10-21,Technical Issues,Notion,72
5957,49841,2023-01-18,Low Usage,Notion,107
5958,37841,2024-11-16,Poor Experience,Asana,82
5959,28639,2022-02-27,Missing Features,Asana,63
5960,45993,2024-05-01,Missing Features,Notion,50
5961,36328,2024-12-21,Switched Competitor,ClickUp,1
5962,26040,2024-04-15,Technical Issues,Monday.com,77
5963,718,2022-06-14,Low Usage,Notion,64
5964,25253,2022-01-27,Missing Features,ClickUp,20
5965,14011,2025-01-09,Poor Experience,Asana,25
5966,21879,2025-02-16,Missing Features,Notion,23
5967,44628,2024-07-28,Low Usage,ClickUp,2
5968,48227,2022-08-02,High Pricing,ClickUp,6
5969,29153,2024-11-21,Low Usage,Asana,91
5970,22735,2022-10-08,Poor Experience,Slack,47
5971,906,2023-10-04,Poor Experience,Slack,79
5972,26428,2025-02-07,Missing Features,Notion,88
5973,11760,2022-10-30,High Pricing,ClickUp,52
5974,14354,2024-04-19,Poor Experience,Monday.com,103
5975,21584,2022-05-08,High Pricing,ClickUp,13
5976,738,2023-09-08,Poor Experience,Slack,74
5977,13498,2024-05-13,Switched Competitor,ClickUp,81
5978,20470,2023-03-07,Poor Experience,Asana,31
5979,25272,2023-03-17,Poor Experience,Notion,3
5980,30439,2023-09-21,Technical Issues,Monday.com,41
5981,38707,2022-11-19,Switched Competitor,Notion,71
5982,38175,2022-11-15,Low Usage,ClickUp,35
5983,34518,2023-02-07,Missing Features,Slack,37
5984,27852,2024-02-08,Technical Issues,Monday.com,104
5985,37278,2022-08-12,Missing Features,Notion,38
5986,36399,2024-11-29,Low Usage,Notion,101
5987,9448,2023-12-25,Technical Issues,ClickUp,8
5988,8271,2024-09-17,Technical Issues,Slack,14
5989,32903,2024-01-03,Missing Features,Monday.com,51
5990,45675,2024-02-06,Low Usage,ClickUp,104
5991,31121,2022-07-10,Technical Issues,Notion,6
5992,24375,2024-07-21,Technical Issues,Notion,69
5993,21225,2025-01-09,Low Usage,ClickUp,62
5994,43519,2024-12-17,High Pricing,Slack,60
5995,12012,2024-05-27,High Pricing,Slack,72
5996,23948,2024-09-22,Poor Experience,Slack,73
5997,27005,2024-10-26,Poor Experience,ClickUp,29
5998,46412,2024-11-18,Technical Issues,Asana,88
5999,42652,2023-11-30,Technical Issues,Asana,119
6000,4035,2023-07-07,Low Usage,Monday.com,94
6001,14362,2023-01-04,Technical Issues,Asana,100
6002,14072,2024-06-03,Technical Issues,Slack,46
6003,17600,2023-12-17,High Pricing,Monday.com,1
6004,4361,2023-02-08,Low Usage,ClickUp,49
6005,41096,2025-04-09,Poor Experience,Asana,80
6006,3913,2024-12-04,High Pricing,Slack,78
6007,48952,2022-01-31,Poor Experience,Slack,51
6008,31209,2023-08-11,Technical Issues,Slack,16
6009,38312,2023-10-24,Low Usage,Monday.com,15
6010,12418,2023-06-22,Missing Features,Notion,75
6011,43646,2023-11-17,Low Usage,ClickUp,60
6012,45793,2023-11-03,Technical Issues,Slack,51
6013,8982,2024-10-30,High Pricing,Notion,68
6014,21327,2023-04-11,Missing Features,Notion,72
6015,5769,2025-01-05,Missing Features,Notion,57
6016,18493,2022-08-28,High Pricing,Slack,113
6017,1690,2024-10-19,Poor Experience,Notion,110
6018,19707,2024-11-26,Poor Experience,Slack,22
6019,16757,2022-04-16,Switched Competitor,ClickUp,103
6020,33978,2023-09-17,Switched Competitor,Asana,93
6021,5581,2024-10-03,High Pricing,Monday.com,20
6022,28502,2023-09-30,Technical Issues,Slack,28
6023,37098,2024-01-27,Technical Issues,Asana,46
6024,39794,2024-08-13,Poor Experience,Notion,74
6025,17716,2025-01-22,Missing Features,Slack,29
6026,42679,2023-06-21,Technical Issues,Notion,44
6027,20090,2023-06-27,Switched Competitor,Slack,111
6028,23106,2024-11-09,Low Usage,Monday.com,11
6029,9526,2024-09-13,Switched Competitor,ClickUp,71
6030,6573,2024-11-26,Low Usage,Notion,34
6031,4161,2023-05-08,Technical Issues,Slack,111
6032,48559,2024-02-13,Poor Experience,ClickUp,2
6033,48281,2025-02-12,Switched Competitor,Asana,32
6034,19250,2022-07-21,Technical Issues,Asana,53
6035,10456,2022-08-16,High Pricing,Asana,81
6036,12763,2022-01-14,Technical Issues,Asana,94
6037,38517,2023-12-20,Missing Features,Slack,100
6038,11251,2022-05-04,Technical Issues,Monday.com,34
6039,48104,2024-05-24,High Pricing,Slack,64
6040,17446,2022-08-22,Poor Experience,Asana,118
6041,38833,2023-04-09,Switched Competitor,Monday.com,110
6042,8182,2023-04-19,High Pricing,Monday.com,77
6043,34758,2022-01-13,High Pricing,ClickUp,107
6044,317,2023-06-29,Low Usage,Asana,75
6045,43204,2022-07-09,Switched Competitor,Notion,77
6046,20598,2024-11-16,Missing Features,Slack,64
6047,17561,2022-02-09,Poor Experience,Slack,48
6048,34777,2022-04-30,Technical Issues,Monday.com,95
6049,7907,2022-08-13,Switched Competitor,Notion,37
6050,32703,2023-11-09,Poor Experience,Notion,18
6051,11342,2024-06-13,High Pricing,Slack,25
6052,31855,2024-09-17,Switched Competitor,Notion,3
6053,17443,2023-01-31,High Pricing,Slack,85
6054,44581,2024-02-23,High Pricing,Monday.com,43
6055,14052,2024-07-28,High Pricing,Slack,95
6056,38346,2023-02-02,High Pricing,ClickUp,116
6057,46906,2024-05-07,Poor Experience,Monday.com,53
6058,34666,2024-06-02,Poor Experience,Monday.com,54
6059,12734,2023-04-24,Missing Features,Monday.com,53
6060,47650,2024-09-21,Switched Competitor,Asana,71
6061,12975,2023-07-23,Poor Experience,Notion,61
6062,11302,2022-05-27,Missing Features,Asana,25
6063,25059,2022-12-18,Technical Issues,ClickUp,46
6064,5600,2024-01-22,Missing Features,Asana,120
6065,22552,2022-09-07,Technical Issues,Monday.com,103
6066,35569,2022-04-05,Poor Experience,Asana,119
6067,36457,2022-12-21,Missing Features,ClickUp,90
6068,4855,2023-07-02,Low Usage,Monday.com,56
6069,16173,2022-11-02,Poor Experience,ClickUp,94
6070,26771,2022-08-06,Poor Experience,Monday.com,86
6071,1397,2024-07-01,High Pricing,Asana,8
6072,44456,2022-11-30,Technical Issues,ClickUp,79
6073,2924,2022-04-06,Low Usage,ClickUp,78
6074,43879,2023-09-10,High Pricing,ClickUp,104
6075,4807,2024-12-22,Low Usage,Asana,105
6076,4230,2024-11-22,Switched Competitor,Monday.com,4
6077,17058,2022-02-09,Technical Issues,Asana,23
6078,15839,2023-01-22,Poor Experience,Monday.com,96
6079,6548,2024-11-01,Technical Issues,Asana,30
6080,7377,2022-08-26,High Pricing,Slack,40
6081,724,2023-02-01,Technical Issues,Slack,75
6082,19155,2025-04-12,Poor Experience,ClickUp,9
6083,4417,2024-12-11,High Pricing,ClickUp,73
6084,13299,2023-10-18,Poor Experience,Notion,84
6085,39531,2022-12-31,High Pricing,Notion,91
6086,41649,2023-06-30,Switched Competitor,Notion,70
6087,17673,2024-12-10,Poor Experience,Slack,18
6088,10367,2024-02-07,High Pricing,Notion,98
6089,24519,2024-09-23,Missing Features,Monday.com,98
6090,6472,2023-12-28,Low Usage,Asana,78
6091,49253,2022-01-04,Switched Competitor,Slack,18
6092,32665,2025-01-28,Missing Features,ClickUp,96
6093,28035,2024-08-22,High Pricing,Monday.com,90
6094,14971,2024-07-24,Switched Competitor,Monday.com,68
6095,1026,2023-03-15,Switched Competitor,ClickUp,72
6096,4714,2022-11-23,Switched Competitor,ClickUp,14
6097,22824,2023-04-04,Low Usage,Notion,116
6098,19377,2023-05-01,Poor Experience,Asana,91
6099,15326,2023-04-03,Technical Issues,ClickUp,35
6100,23913,2023-12-15,Poor Experience,Notion,25
6101,30712,2024-01-17,Technical Issues,Slack,60
6102,22307,2022-09-02,Technical Issues,Monday.com,24
6103,35292,2023-10-11,Poor Experience,Slack,55
6104,47604,2024-06-20,Low Usage,Notion,72
6105,38239,2023-08-21,Low Usage,Notion,35
6106,7787,2024-10-07,High Pricing,Slack,75
6107,47368,2024-09-16,Poor Experience,Monday.com,79
6108,46473,2022-10-08,Switched Competitor,ClickUp,115
6109,3348,2022-10-01,Switched Competitor,Asana,52
6110,34610,2022-04-14,Poor Experience,ClickUp,58
6111,2428,2024-05-02,High Pricing,Slack,39
6112,37490,2022-09-10,High Pricing,Monday.com,65
6113,28210,2024-02-20,Switched Competitor,Asana,67
6114,21931,2023-11-15,Missing Features,Notion,68
6115,22710,2024-11-13,Poor Experience,Notion,108
6116,17057,2023-11-30,Poor Experience,Notion,27
6117,12122,2025-03-04,Switched Competitor,Monday.com,115
6118,24001,2025-01-30,Poor Experience,Notion,81
6119,30010,2022-12-22,Low Usage,Asana,29
6120,11602,2023-01-10,Missing Features,Notion,91
6121,18173,2024-01-08,Low Usage,Asana,87
6122,38741,2022-03-09,High Pricing,Notion,43
6123,26563,2022-10-30,Poor Experience,Notion,28
6124,46340,2024-04-17,Switched Competitor,ClickUp,2
6125,1619,2025-01-04,Missing Features,Slack,46
6126,41476,2024-03-13,Missing Features,ClickUp,30
6127,25398,2024-09-18,Technical Issues,Slack,78
6128,5060,2025-03-31,Low Usage,Asana,88
6129,24028,2022-06-24,High Pricing,Notion,21
6130,41014,2024-01-05,Missing Features,Slack,13
6131,14104,2022-09-18,Switched Competitor,ClickUp,58
6132,48163,2023-09-01,Low Usage,Notion,112
6133,1874,2022-04-18,Technical Issues,ClickUp,5
6134,19826,2023-06-04,High Pricing,Monday.com,70
6135,10176,2023-11-09,Switched Competitor,ClickUp,49
6136,13493,2024-06-15,Low Usage,Asana,116
6137,7034,2023-12-14,Low Usage,ClickUp,94
6138,4753,2022-06-20,Low Usage,Monday.com,55
6139,42549,2022-02-06,Missing Features,Slack,14
6140,12734,2023-01-07,High Pricing,Slack,91
6141,22583,2025-01-31,Missing Features,Asana,11
6142,25436,2022-01-06,Poor Experience,Asana,47
6143,5342,2022-12-09,Poor Experience,Monday.com,81
6144,36919,2023-05-16,Low Usage,Slack,79
6145,7041,2022-06-10,Missing Features,Asana,66
6146,44048,2023-07-05,Technical Issues,ClickUp,110
6147,5084,2024-08-21,Poor Experience,Slack,11
6148,36825,2023-11-03,High Pricing,Notion,47
6149,42424,2022-09-20,High Pricing,Asana,46
6150,16197,2023-07-19,Poor Experience,ClickUp,115
6151,16111,2022-10-26,Poor Experience,ClickUp,3
6152,19416,2024-08-08,Missing Features,ClickUp,114
6153,12861,2025-01-02,Missing Features,Notion,30
6154,23915,2025-04-14,Missing Features,ClickUp,63
6155,32358,2022-08-06,Missing Features,Notion,72
6156,37498,2023-09-22,Technical Issues,Slack,87
6157,35738,2023-06-27,Switched Competitor,Asana,31
6158,40200,2023-05-24,High Pricing,Slack,88
6159,49774,2024-12-29,Missing Features,Monday.com,42
6160,21868,2024-04-25,Low Usage,Notion,116
6161,21286,2025-02-05,Missing Features,Notion,9
6162,4248,2022-04-04,High Pricing,Asana,28
6163,7141,2022-04-10,Technical Issues,Notion,64
6164,39372,2022-03-06,Poor Experience,ClickUp,73
6165,29899,2023-02-25,Poor Experience,Notion,46
6166,44868,2023-04-05,Low Usage,Slack,29
6167,14625,2025-03-17,Poor Experience,Notion,19
6168,39965,2023-07-17,Switched Competitor,Notion,15
6169,38922,2023-05-03,Poor Experience,Slack,42
6170,22514,2023-12-29,High Pricing,Monday.com,5
6171,818,2022-02-28,Poor Experience,ClickUp,47
6172,23613,2025-02-26,Missing Features,Monday.com,116
6173,35477,2023-12-07,Switched Competitor,Notion,50
6174,35423,2023-08-20,Poor Experience,Notion,103
6175,30169,2023-10-09,Poor Experience,Monday.com,82
6176,16870,2024-10-18,Switched Competitor,Monday.com,35
6177,10506,2022-08-07,Poor Experience,Asana,88
6178,26021,2023-08-17,High Pricing,Asana,62
6179,35987,2025-04-11,Switched Competitor,Notion,82
6180,37141,2024-11-10,Poor Experience,ClickUp,50
6181,7056,2022-06-17,High Pricing,Monday.com,13
6182,47088,2024-06-29,Switched Competitor,Monday.com,43
6183,12784,2024-02-09,High Pricing,Slack,68
6184,44331,2023-06-27,Missing Features,ClickUp,63
6185,11959,2022-01-23,Technical Issues,Notion,42
6186,4895,2023-06-01,Low Usage,Notion,46
6187,25637,2024-07-13,Switched Competitor,ClickUp,90
6188,26427,2023-12-26,Technical Issues,ClickUp,63
6189,15644,2022-08-14,Technical Issues,Asana,37
6190,49028,2022-06-03,Technical Issues,Asana,52
6191,6965,2023-05-02,Low Usage,Asana,108
6192,10853,2023-12-24,High Pricing,Asana,71
6193,26511,2025-02-01,High Pricing,ClickUp,10
6194,36570,2022-12-16,Switched Competitor,Notion,110
6195,47985,2022-09-15,Low Usage,Asana,64
6196,35533,2024-06-16,Poor Experience,Notion,101
6197,15004,2022-10-26,Low Usage,Monday.com,47
6198,811,2024-07-09,Low Usage,Notion,70
6199,4969,2022-11-14,Poor Experience,ClickUp,63
6200,47168,2024-04-24,Switched Competitor,Asana,33
6201,32362,2024-06-21,Switched Competitor,Notion,104
6202,28708,2024-03-02,Poor Experience,ClickUp,63
6203,45909,2023-07-24,Technical Issues,Notion,41
6204,15941,2023-05-29,Low Usage,Notion,101
6205,39013,2023-07-23,Missing Features,Slack,51
6206,38642,2022-02-23,Low Usage,Slack,103
6207,33915,2022-02-24,Missing Features,Notion,119
6208,35921,2024-07-05,Technical Issues,Notion,77
6209,49172,2024-12-20,High Pricing,Monday.com,88
6210,35446,2024-11-08,Low Usage,Slack,86
6211,37478,2022-12-23,Technical Issues,Asana,100
6212,11431,2022-07-01,Poor Experience,Monday.com,120
6213,35366,2023-07-21,Low Usage,Asana,44
6214,39772,2023-12-01,Technical Issues,ClickUp,50
6215,7432,2025-03-19,Switched Competitor,Slack,79
6216,28481,2023-05-04,Low Usage,Asana,26
6217,47140,2025-01-31,High Pricing,Asana,69
6218,26800,2024-05-07,Poor Experience,Asana,25
6219,13097,2022-03-15,Missing Features,Monday.com,8
6220,23125,2024-01-31,Low Usage,Monday.com,110
6221,19940,2023-08-26,High Pricing,ClickUp,32
6222,8312,2022-03-20,High Pricing,Monday.com,77
6223,26191,2024-04-23,Poor Experience,ClickUp,54
6224,48803,2025-03-27,Missing Features,Monday.com,100
6225,37717,2022-11-17,High Pricing,Notion,84
6226,10169,2023-09-01,Poor Experience,Monday.com,91
6227,12171,2023-02-11,Technical Issues,Asana,41
6228,1510,2023-04-05,High Pricing,Notion,10
6229,49630,2024-09-05,Missing Features,Notion,56
6230,21586,2024-10-19,High Pricing,Notion,82
6231,21943,2023-06-07,Low Usage,Asana,105
6232,42362,2025-02-22,Low Usage,Notion,53
6233,33852,2023-08-01,Low Usage,Slack,35
6234,48805,2025-02-10,Switched Competitor,ClickUp,76
6235,6472,2025-01-10,Missing Features,Asana,67
6236,12973,2023-07-22,Poor Experience,ClickUp,58
6237,18187,2024-08-15,Switched Competitor,Monday.com,23
6238,19608,2022-10-17,Technical Issues,Slack,60
6239,21763,2023-06-28,Missing Features,Notion,11
6240,1459,2022-01-24,Low Usage,ClickUp,1
6241,47012,2022-08-04,Missing Features,Notion,58
6242,12097,2025-01-13,Low Usage,Notion,67
6243,20175,2023-11-20,Low Usage,Monday.com,73
6244,5115,2023-07-08,Missing Features,Slack,89
6245,43085,2024-10-05,Poor Experience,Notion,72
6246,9394,2023-08-28,Technical Issues,Asana,88
6247,37059,2023-11-21,Missing Features,Notion,28
6248,11133,2023-09-24,Missing Features,Slack,93
6249,16093,2024-04-09,Switched Competitor,Notion,82
6250,16692,2023-08-18,Poor Experience,Notion,93
6251,26027,2024-04-14,Switched Competitor,Asana,49
6252,19219,2024-10-10,Technical Issues,Slack,118
6253,22899,2024-07-03,Technical Issues,Notion,96
6254,8298,2022-11-02,Technical Issues,ClickUp,25
6255,892,2022-01-04,Missing Features,Asana,71
6256,2223,2022-04-07,Poor Experience,Asana,34
6257,28770,2023-06-12,Switched Competitor,Slack,119
6258,45909,2025-03-28,Technical Issues,Notion,2
6259,40009,2022-01-19,Missing Features,Notion,58
6260,20518,2024-02-11,Low Usage,Slack,62
6261,18739,2022-08-24,Poor Experience,Asana,30
6262,33744,2024-02-06,Technical Issues,ClickUp,2
6263,21195,2022-01-31,Poor Experience,Monday.com,3
6264,12258,2022-05-30,Technical Issues,Slack,8
6265,4112,2023-03-30,Poor Experience,Notion,46
6266,12513,2023-12-09,Poor Experience,ClickUp,15
6267,28986,2024-12-13,Poor Experience,Monday.com,62
6268,23711,2023-11-27,Switched Competitor,Notion,36
6269,35683,2024-08-07,Low Usage,Asana,86
6270,16730,2025-04-14,High Pricing,Notion,11
6271,6446,2022-12-19,Missing Features,Monday.com,84
6272,43159,2025-04-07,Low Usage,Monday.com,66
6273,27080,2024-07-19,Technical Issues,Notion,90
6274,35728,2024-07-23,Poor Experience,Slack,47
6275,47536,2024-09-01,Technical Issues,Notion,17
6276,28828,2023-02-08,Poor Experience,Slack,10
6277,42223,2025-01-03,Switched Competitor,Monday.com,75
6278,18233,2024-07-05,Missing Features,Notion,69
6279,16311,2024-03-12,Low Usage,Notion,4
6280,39112,2024-04-25,Missing Features,ClickUp,12
6281,41191,2024-06-01,High Pricing,Monday.com,77
6282,36722,2023-01-21,Poor Experience,Asana,102
6283,19323,2022-05-22,Technical Issues,Asana,27
6284,45138,2022-07-17,Missing Features,Asana,64
6285,2994,2024-02-28,Technical Issues,Slack,75
6286,46269,2025-02-07,Low Usage,Notion,104
6287,27972,2024-05-18,Missing Features,Notion,112
6288,30857,2024-05-04,Low Usage,ClickUp,16
6289,14811,2025-01-25,Technical Issues,Notion,106
6290,33627,2022-09-13,Low Usage,ClickUp,66
6291,45443,2022-09-07,Poor Experience,Slack,61
6292,11361,2022-10-11,Technical Issues,Slack,32
6293,46858,2023-09-18,High Pricing,Asana,63
6294,1606,2024-08-19,Switched Competitor,Notion,110
6295,7942,2024-02-07,Low Usage,Asana,32
6296,231,2022-04-16,Poor Experience,Notion,80
6297,31125,2023-06-30,High Pricing,Slack,22
6298,11680,2024-04-29,Technical Issues,Monday.com,21
6299,32507,2022-02-03,Missing Features,Monday.com,21
6300,9375,2023-02-23,High Pricing,ClickUp,35
6301,49739,2024-09-09,Poor Experience,Slack,43
6302,23196,2022-07-11,Low Usage,ClickUp,34
6303,42375,2024-10-29,Technical Issues,Asana,64
6304,16790,2022-01-27,Missing Features,Notion,81
6305,42110,2023-09-29,Switched Competitor,Notion,114
6306,7933,2023-07-06,Low Usage,Slack,100
6307,28874,2024-06-30,Switched Competitor,Notion,22
6308,39525,2022-06-14,Technical Issues,Monday.com,52
6309,30469,2024-08-21,Missing Features,ClickUp,17
6310,37530,2023-11-12,Technical Issues,ClickUp,44
6311,39910,2024-05-18,Poor Experience,Asana,39
6312,26178,2024-11-05,Poor Experience,Monday.com,89
6313,16911,2022-12-14,Poor Experience,Notion,119
6314,10716,2022-07-25,Missing Features,ClickUp,32
6315,32083,2023-03-10,Missing Features,Monday.com,120
6316,37740,2024-06-03,Missing Features,Slack,7
6317,33311,2022-05-05,Poor Experience,ClickUp,47
6318,35759,2024-09-27,Switched Competitor,ClickUp,105
6319,44755,2022-05-05,Switched Competitor,ClickUp,13
6320,39118,2023-07-26,Switched Competitor,Notion,10
6321,13854,2025-03-05,Technical Issues,ClickUp,24
6322,11175,2022-09-17,Low Usage,Notion,9
6323,31811,2022-11-11,Technical Issues,Slack,108
6324,14882,2022-06-09,High Pricing,Monday.com,62
6325,24277,2022-01-31,Missing Features,Slack,106
6326,14490,2022-05-01,Technical Issues,ClickUp,92
6327,32240,2023-08-08,Switched Competitor,Slack,40
6328,5184,2024-10-06,Poor Experience,Asana,37
6329,26767,2024-09-09,Technical Issues,Asana,48
6330,42751,2024-06-15,Switched Competitor,Monday.com,73
6331,15069,2023-04-05,Missing Features,Notion,43
6332,45398,2024-01-30,Switched Competitor,Notion,114
6333,43396,2024-06-05,Low Usage,Asana,74
6334,38138,2022-05-10,Low Usage,Monday.com,65
6335,22491,2023-01-30,Poor Experience,Notion,54
6336,33055,2023-08-30,High Pricing,Slack,18
6337,34802,2022-08-09,Technical Issues,ClickUp,97
6338,44219,2022-11-23,Missing Features,Notion,27
6339,33259,2022-11-22,Missing Features,Notion,36
6340,19266,2022-03-31,High Pricing,ClickUp,93
6341,31277,2022-10-10,Technical Issues,Slack,81
6342,45529,2024-04-07,Switched Competitor,ClickUp,2
6343,14242,2022-03-17,Technical Issues,ClickUp,13
6344,30520,2024-05-20,Missing Features,Monday.com,54
6345,44071,2023-09-10,Low Usage,Asana,108
6346,42243,2024-10-10,Technical Issues,Monday.com,84
6347,6512,2023-08-28,Low Usage,Notion,42
6348,38988,2024-10-29,Technical Issues,Notion,4
6349,40246,2024-06-13,High Pricing,Asana,51
6350,11542,2024-03-04,High Pricing,ClickUp,84
6351,38374,2024-02-21,Missing Features,Notion,104
6352,13599,2024-04-28,Low Usage,Slack,109
6353,12756,2024-07-07,High Pricing,Slack,63
6354,16653,2025-01-15,Low Usage,Notion,71
6355,29380,2023-12-18,High Pricing,Asana,22
6356,10747,2022-05-02,High Pricing,ClickUp,88
6357,38848,2024-07-13,Poor Experience,Slack,10
6358,48461,2024-10-17,Switched Competitor,Monday.com,74
6359,40829,2022-06-22,Technical Issues,Asana,114
6360,48958,2022-02-08,Poor Experience,Asana,119
6361,35591,2023-06-10,High Pricing,ClickUp,99
6362,32568,2022-12-10,High Pricing,Slack,85
6363,15627,2023-07-24,Missing Features,Asana,92
6364,48144,2024-02-20,High Pricing,Slack,7
6365,21417,2024-06-06,Low Usage,ClickUp,87
6366,37259,2024-02-25,Missing Features,Slack,32
6367,8360,2023-01-08,Missing Features,ClickUp,112
6368,38591,2024-01-26,Technical Issues,ClickUp,100
6369,33800,2022-06-08,Technical Issues,Monday.com,20
6370,5747,2024-01-02,Switched Competitor,Notion,93
6371,15399,2025-02-15,Technical Issues,Slack,82
6372,2601,2022-07-17,Poor Experience,Monday.com,10
6373,44250,2025-01-03,Missing Features,Slack,16
6374,15486,2023-09-26,Missing Features,Slack,33
6375,4081,2022-07-29,High Pricing,ClickUp,110
6376,44449,2025-02-23,Switched Competitor,Slack,69
6377,42574,2024-08-26,High Pricing,Monday.com,67
6378,49312,2023-06-02,Missing Features,Notion,63
6379,8710,2023-03-26,Technical Issues,Asana,43
6380,29217,2024-03-07,Poor Experience,Asana,60
6381,25185,2025-02-06,Low Usage,ClickUp,99
6382,10189,2023-06-18,Low Usage,Notion,118
6383,42702,2023-11-26,High Pricing,Notion,14
6384,12893,2022-12-13,Low Usage,Notion,56
6385,25549,2024-07-02,Technical Issues,ClickUp,28
6386,1827,2022-07-06,Technical Issues,Monday.com,4
6387,45538,2023-02-23,High Pricing,ClickUp,93
6388,36725,2024-05-29,High Pricing,Notion,87
6389,27801,2022-10-02,Low Usage,Notion,62
6390,13116,2022-03-30,Low Usage,Monday.com,75
6391,42197,2025-01-09,Poor Experience,ClickUp,88
6392,13122,2022-03-11,Technical Issues,Asana,38
6393,5638,2022-03-12,Missing Features,Asana,97
6394,3011,2022-09-23,Technical Issues,ClickUp,18
6395,40175,2023-06-07,Switched Competitor,Slack,81
6396,1413,2023-07-21,Low Usage,Notion,27
6397,7283,2023-03-09,High Pricing,Notion,113
6398,29026,2024-10-01,Switched Competitor,Asana,12
6399,16981,2023-06-16,Switched Competitor,Asana,51
6400,31336,2025-02-22,Switched Competitor,Slack,36
6401,43497,2023-12-05,Poor Experience,Slack,55
6402,30060,2023-11-02,Low Usage,ClickUp,64
6403,46194,2023-12-14,Low Usage,Asana,13
6404,43784,2022-08-30,Switched Competitor,ClickUp,117
6405,17104,2025-02-16,Technical Issues,Slack,84
6406,43288,2023-10-03,Missing Features,ClickUp,23
6407,37035,2022-12-17,Low Usage,Monday.com,4
6408,19538,2024-08-14,Technical Issues,Asana,119
6409,615,2024-02-01,High Pricing,Monday.com,64
6410,40790,2024-04-13,Switched Competitor,ClickUp,36
6411,30049,2022-04-07,High Pricing,ClickUp,71
6412,42735,2023-04-18,Poor Experience,Notion,19
6413,13506,2022-10-02,Technical Issues,Monday.com,63
6414,37923,2022-07-15,Low Usage,ClickUp,118
6415,3503,2023-01-19,Low Usage,Notion,115
6416,5683,2023-07-28,Low Usage,Monday.com,70
6417,38766,2022-07-06,Switched Competitor,Monday.com,87
6418,17451,2023-01-17,Poor Experience,Asana,73
6419,14377,2022-12-14,High Pricing,Notion,107
6420,38261,2023-02-11,Technical Issues,ClickUp,108
6421,20296,2022-12-17,Low Usage,Asana,109
6422,25591,2022-01-14,High Pricing,Monday.com,30
6423,17730,2022-12-24,High Pricing,ClickUp,6
6424,36918,2022-10-01,High Pricing,Monday.com,90
6425,11323,2023-02-03,Technical Issues,Asana,116
6426,10869,2022-02-08,Technical Issues,Monday.com,42
6427,38365,2022-12-18,Poor Experience,Notion,103
6428,46919,2023-04-13,Poor Experience,Asana,90
6429,21068,2023-03-04,Missing Features,Slack,87
6430,35576,2025-01-26,Technical Issues,Monday.com,9
6431,36434,2022-01-09,Switched Competitor,Monday.com,20
6432,13930,2022-09-11,Low Usage,Slack,62
6433,22231,2024-09-26,Missing Features,Slack,95
6434,1070,2022-11-03,Low Usage,Asana,75
6435,35296,2023-02-02,Technical Issues,Notion,25
6436,49371,2023-10-11,Low Usage,ClickUp,70
6437,22624,2022-04-18,Low Usage,Monday.com,5
6438,37770,2022-04-16,Missing Features,Slack,3
6439,36119,2023-09-04,Low Usage,Slack,45
6440,46530,2022-07-18,Poor Experience,Notion,13
6441,36995,2022-08-21,High Pricing,Monday.com,63
6442,22323,2022-10-16,Switched Competitor,Notion,68
6443,36698,2023-12-25,Technical Issues,Slack,28
6444,37705,2024-08-21,Missing Features,Asana,36
6445,48037,2022-10-21,High Pricing,Monday.com,39
6446,9754,2022-11-29,Poor Experience,ClickUp,106
6447,4891,2024-11-07,Switched Competitor,ClickUp,58
6448,21883,2024-10-21,Technical Issues,Notion,29
6449,7620,2024-12-17,Missing Features,Asana,97
6450,260,2023-12-22,Switched Competitor,Slack,115
6451,43072,2022-03-24,Technical Issues,Slack,69
6452,30394,2022-12-04,Switched Competitor,Asana,21
6453,11914,2025-01-31,Low Usage,Asana,37
6454,6142,2025-03-18,High Pricing,Slack,11
6455,25359,2024-07-16,Technical Issues,ClickUp,53
6456,82,2023-02-18,Low Usage,ClickUp,15
6457,43715,2023-09-15,Switched Competitor,Asana,9
6458,15855,2023-09-18,Missing Features,Notion,15
6459,23604,2023-08-06,Missing Features,Slack,88
6460,20736,2023-08-06,High Pricing,ClickUp,79
6461,3995,2022-01-24,Low Usage,Notion,42
6462,25543,2024-06-26,Switched Competitor,Monday.com,91
6463,26851,2024-10-10,Poor Experience,Slack,8
6464,27265,2023-09-05,Poor Experience,ClickUp,91
6465,45237,2023-08-29,Poor Experience,Monday.com,71
6466,33570,2023-10-21,Low Usage,Asana,45
6467,1752,2025-01-01,High Pricing,Monday.com,114
6468,4738,2022-11-28,Switched Competitor,Monday.com,116
6469,13175,2024-08-20,Missing Features,ClickUp,32
6470,17226,2022-10-08,High Pricing,ClickUp,65
6471,41183,2023-06-12,Low Usage,Slack,79
6472,37661,2025-04-14,Switched Competitor,ClickUp,67
6473,36150,2024-09-10,Poor Experience,Notion,93
6474,6586,2023-05-02,Poor Experience,Slack,10
6475,1460,2023-09-29,Poor Experience,Monday.com,89
6476,4986,2022-04-02,Missing Features,Notion,65
6477,32788,2023-11-06,High Pricing,Asana,31
6478,36951,2024-03-22,High Pricing,Monday.com,88
6479,25709,2022-09-17,High Pricing,Slack,53
6480,8930,2024-06-10,Low Usage,ClickUp,73
6481,39478,2023-03-11,Switched Competitor,Slack,82
6482,27192,2024-07-30,High Pricing,Asana,65
6483,10736,2024-03-08,Missing Features,Notion,25
6484,42581,2023-01-13,High Pricing,Monday.com,4
6485,36886,2022-01-07,Low Usage,Notion,102
6486,12745,2022-01-15,Poor Experience,ClickUp,88
6487,40343,2024-08-05,Poor Experience,Slack,52
6488,28056,2025-01-08,Low Usage,ClickUp,107
6489,38744,2024-01-04,Switched Competitor,Slack,48
6490,35044,2025-04-02,Low Usage,Slack,82
6491,15977,2022-09-27,Poor Experience,Monday.com,74
6492,42368,2023-01-29,High Pricing,Monday.com,43
6493,24682,2024-04-06,Poor Experience,Asana,61
6494,8597,2024-12-05,High Pricing,Asana,75
6495,28613,2023-08-12,Low Usage,Monday.com,73
6496,34445,2024-06-01,High Pricing,Monday.com,112
6497,35188,2023-02-08,Low Usage,ClickUp,51
6498,3675,2024-09-16,Missing Features,Slack,97
6499,23151,2022-12-10,Poor Experience,Notion,67
6500,34986,2024-07-07,Low Usage,Notion,47
6501,4996,2023-11-18,Poor Experience,ClickUp,101
6502,13143,2023-07-29,Missing Features,Asana,3
6503,48476,2023-09-05,Low Usage,ClickUp,69
6504,22029,2024-09-26,Low Usage,Asana,5
6505,19408,2025-04-09,Missing Features,Slack,67
6506,5501,2023-06-01,Poor Experience,Notion,25
6507,22232,2024-07-21,Technical Issues,Asana,104
6508,18240,2025-01-25,Missing Features,Slack,83
6509,32385,2024-03-02,High Pricing,Notion,27
6510,45749,2024-11-23,Missing Features,ClickUp,21
6511,248,2023-10-09,High Pricing,Slack,57
6512,17688,2023-07-06,Switched Competitor,Asana,101
6513,30756,2024-11-24,Switched Competitor,Notion,37
6514,8892,2024-09-05,Switched Competitor,Slack,83
6515,16325,2024-01-30,Poor Experience,Slack,30
6516,27641,2022-09-30,High Pricing,Monday.com,91
6517,27483,2022-10-12,Switched Competitor,Monday.com,85
6518,20956,2022-01-02,Low Usage,ClickUp,69
6519,4208,2023-08-29,Poor Experience,ClickUp,5
6520,35509,2024-01-18,Switched Competitor,ClickUp,17
6521,27442,2022-12-22,Poor Experience,ClickUp,45
6522,37266,2024-04-22,High Pricing,Monday.com,6
6523,46648,2023-12-16,Poor Experience,Slack,20
6524,18421,2022-02-04,Poor Experience,Asana,68
6525,45870,2023-01-23,Poor Experience,Monday.com,21
6526,8601,2023-10-07,Low Usage,Notion,76
6527,43505,2023-01-17,Technical Issues,Slack,85
6528,47148,2022-08-04,High Pricing,Slack,86
6529,1302,2024-10-11,Missing Features,Asana,79
6530,31105,2023-02-19,Missing Features,Monday.com,109
6531,31767,2023-01-15,Switched Competitor,Slack,20
6532,11541,2022-12-06,Technical Issues,ClickUp,118
6533,43138,2024-03-09,Poor Experience,Asana,111
6534,34510,2023-05-13,Low Usage,Slack,95
6535,12557,2024-10-09,Low Usage,Asana,68
6536,14845,2024-03-04,High Pricing,Notion,52
6537,7378,2024-06-23,Missing Features,Notion,113
6538,48337,2023-03-14,Technical Issues,ClickUp,41
6539,41425,2025-03-31,Technical Issues,Slack,105
6540,16188,2024-07-02,Missing Features,Slack,91
6541,21530,2024-02-06,Switched Competitor,Slack,86
6542,42560,2022-01-19,Missing Features,Asana,103
6543,37287,2024-12-22,Missing Features,ClickUp,116
6544,5644,2025-04-07,High Pricing,Asana,108
6545,17779,2023-12-29,Poor Experience,Asana,25
6546,27459,2022-09-22,Technical Issues,ClickUp,27
6547,9579,2024-03-13,Missing Features,Monday.com,32
6548,16729,2022-02-18,Switched Competitor,ClickUp,27
6549,44332,2023-11-15,Technical Issues,Notion,16
6550,48372,2024-11-08,High Pricing,Asana,98
6551,17206,2023-09-17,Technical Issues,ClickUp,17
6552,25375,2024-11-25,High Pricing,Slack,52
6553,31663,2024-03-07,Switched Competitor,Slack,87
6554,11719,2022-01-16,Switched Competitor,Monday.com,16
6555,20907,2024-05-07,Poor Experience,Asana,49
6556,16929,2024-04-09,Low Usage,Slack,107
6557,20893,2023-09-19,Technical Issues,Monday.com,60
6558,3648,2022-09-02,Switched Competitor,Monday.com,103
6559,46559,2025-03-10,High Pricing,Notion,87
6560,46520,2025-03-04,Poor Experience,Slack,12
6561,6656,2023-07-13,Switched Competitor,ClickUp,41
6562,33328,2022-12-07,Low Usage,Monday.com,63
6563,22157,2022-05-02,Poor Experience,ClickUp,101
6564,37125,2024-06-12,Poor Experience,Notion,117
6565,13033,2023-09-05,Switched Competitor,Monday.com,76
6566,21887,2023-12-04,Switched Competitor,Slack,40
6567,48912,2024-12-15,Switched Competitor,Asana,42
6568,28982,2025-01-02,High Pricing,ClickUp,107
6569,15207,2023-01-22,Low Usage,Slack,111
6570,4184,2023-10-23,High Pricing,ClickUp,117
6571,47983,2022-06-17,Low Usage,Monday.com,72
6572,5181,2024-12-27,Poor Experience,Asana,32
6573,27454,2024-11-01,Switched Competitor,Monday.com,76
6574,17513,2025-02-02,Missing Features,Monday.com,47
6575,39017,2023-03-09,Switched Competitor,Slack,45
6576,10000,2022-08-17,Missing Features,ClickUp,58
6577,39101,2023-05-28,Low Usage,ClickUp,4
6578,18661,2022-11-29,High Pricing,Notion,36
6579,43995,2023-09-12,Missing Features,Monday.com,52
6580,34215,2022-09-27,Low Usage,Monday.com,83
6581,41240,2024-12-27,Switched Competitor,ClickUp,95
6582,2901,2023-08-17,Low Usage,Notion,95
6583,45699,2024-05-13,Poor Experience,Notion,6
6584,41416,2022-06-04,Switched Competitor,ClickUp,98
6585,14261,2025-02-06,Technical Issues,Slack,2
6586,35717,2025-02-22,High Pricing,Notion,105
6587,26799,2022-03-09,High Pricing,ClickUp,102
6588,48923,2022-08-02,Technical Issues,Slack,57
6589,30532,2025-03-01,Poor Experience,Slack,50
6590,25164,2024-12-23,Switched Competitor,Slack,108
6591,33306,2025-03-23,High Pricing,Monday.com,118
6592,46434,2022-11-01,High Pricing,Asana,71
6593,25859,2022-03-15,Technical Issues,ClickUp,99
6594,48893,2023-05-29,High Pricing,Notion,62
6595,13204,2022-01-04,Poor Experience,Notion,15
6596,21626,2022-06-29,Technical Issues,Notion,84
6597,7508,2022-10-27,Low Usage,Slack,12
6598,37383,2022-01-06,Switched Competitor,ClickUp,15
6599,10808,2023-04-07,Low Usage,ClickUp,104
6600,19585,2022-09-24,Missing Features,Notion,62
6601,28938,2025-01-15,Low Usage,ClickUp,98
6602,1679,2025-01-11,Technical Issues,Notion,64
6603,28983,2023-04-04,Low Usage,Asana,89
6604,12605,2022-04-28,High Pricing,Slack,58
6605,10738,2022-03-01,High Pricing,ClickUp,89
6606,33126,2023-10-05,Technical Issues,Monday.com,35
6607,48113,2025-04-04,Switched Competitor,ClickUp,46
6608,35508,2024-09-28,Technical Issues,ClickUp,83
6609,9580,2023-11-13,Poor Experience,Notion,52
6610,5763,2022-01-23,Poor Experience,Monday.com,53
6611,26164,2024-06-19,Missing Features,Asana,73
6612,9490,2022-08-08,Low Usage,Notion,102
6613,7839,2022-11-12,High Pricing,Slack,18
6614,32594,2023-10-16,High Pricing,Slack,113
6615,15814,2023-05-10,Poor Experience,Slack,92
6616,20063,2023-07-02,Poor Experience,Notion,37
6617,46686,2022-05-03,Poor Experience,Monday.com,38
6618,37289,2024-12-26,Switched Competitor,Monday.com,85
6619,4293,2022-10-09,Technical Issues,Asana,96
6620,43416,2024-08-30,Low Usage,Asana,100
6621,48100,2024-09-13,Poor Experience,Asana,70
6622,7852,2022-06-24,High Pricing,Monday.com,103
6623,32549,2022-11-10,High Pricing,Asana,67
6624,49605,2022-09-26,Poor Experience,Monday.com,69
6625,16560,2024-08-17,Low Usage,Notion,43
6626,18038,2022-06-16,Missing Features,Notion,80
6627,16731,2023-08-21,Low Usage,ClickUp,116
6628,14170,2025-04-06,Poor Experience,Monday.com,31
6629,8987,2024-08-27,High Pricing,ClickUp,107
6630,45621,2024-08-30,Low Usage,ClickUp,56
6631,16935,2023-05-27,High Pricing,Notion,76
6632,25943,2023-06-30,Missing Features,Notion,74
6633,38462,2022-01-27,Poor Experience,Notion,119
6634,48788,2022-05-07,Switched Competitor,Notion,70
6635,38055,2024-05-08,Low Usage,Slack,9
6636,12318,2023-12-19,Missing Features,ClickUp,20
6637,32612,2024-07-25,High Pricing,Asana,90
6638,11598,2022-12-04,High Pricing,ClickUp,28
6639,13233,2022-06-07,Switched Competitor,Monday.com,25
6640,4335,2022-03-07,Missing Features,ClickUp,53
6641,24595,2024-12-10,Missing Features,Asana,7
6642,25587,2022-02-12,Switched Competitor,ClickUp,70
6643,2187,2022-01-24,Low Usage,Monday.com,108
6644,39954,2025-04-04,Low Usage,Notion,74
6645,32204,2024-11-01,Low Usage,ClickUp,13
6646,44788,2022-04-20,Poor Experience,Monday.com,83
6647,44912,2024-06-03,Switched Competitor,Asana,29
6648,47462,2024-11-18,Low Usage,Monday.com,109
6649,1799,2023-07-25,High Pricing,Monday.com,44
6650,5471,2024-10-24,Technical Issues,Monday.com,55
6651,41912,2023-03-22,Poor Experience,Monday.com,99
6652,32048,2022-10-18,Technical Issues,Notion,39
6653,44551,2024-12-13,Low Usage,ClickUp,3
6654,4927,2022-09-08,Switched Competitor,ClickUp,19
6655,29503,2022-10-08,Missing Features,Monday.com,49
6656,39823,2022-03-14,Switched Competitor,Asana,15
6657,8317,2024-05-17,Missing Features,Monday.com,9
6658,45262,2024-11-25,Low Usage,Notion,32
6659,8194,2025-04-02,Technical Issues,Slack,23
6660,37163,2023-02-08,Poor Experience,Asana,118
6661,39984,2023-10-14,Technical Issues,Notion,111
6662,46348,2023-01-24,High Pricing,Asana,85
6663,48012,2022-07-02,Low Usage,ClickUp,70
6664,39698,2022-04-11,Poor Experience,Notion,46
6665,6236,2022-08-27,Switched Competitor,ClickUp,20
6666,44388,2025-01-23,Missing Features,Monday.com,45
6667,32826,2024-02-17,Technical Issues,ClickUp,120
6668,30683,2022-10-14,High Pricing,Asana,100
6669,31599,2024-08-14,Technical Issues,Slack,76
6670,1444,2022-08-10,High Pricing,Slack,99
6671,5282,2022-10-14,Missing Features,ClickUp,43
6672,14836,2024-07-22,Switched Competitor,Notion,27
6673,36748,2023-07-05,Missing Features,Slack,91
6674,19272,2022-05-23,Switched Competitor,Notion,85
6675,38651,2022-09-14,Low Usage,Monday.com,1
6676,43650,2022-01-25,Technical Issues,Slack,12
6677,6494,2023-07-16,Switched Competitor,Monday.com,27
6678,48654,2024-05-23,Missing Features,Slack,22
6679,41293,2022-04-19,High Pricing,ClickUp,103
6680,41458,2022-04-11,Poor Experience,Asana,81
6681,769,2023-01-21,Missing Features,Asana,85
6682,9016,2023-05-04,Poor Experience,Notion,87
6683,20171,2022-10-29,Poor Experience,Asana,2
6684,9874,2025-03-16,Missing Features,Notion,69
6685,47711,2022-12-25,Poor Experience,Notion,30
6686,44435,2022-09-14,Switched Competitor,ClickUp,87
6687,44124,2024-03-05,Low Usage,Asana,108
6688,3726,2024-11-16,Low Usage,Monday.com,87
6689,43278,2024-06-05,Poor Experience,Monday.com,53
6690,20368,2023-09-21,Technical Issues,Asana,60
6691,13430,2023-08-27,Poor Experience,Monday.com,16
6692,14167,2023-04-28,Technical Issues,Asana,32
6693,12969,2023-02-27,Switched Competitor,Notion,115
6694,35681,2022-08-03,Technical Issues,ClickUp,114
6695,16852,2025-04-11,Missing Features,Notion,75
6696,43748,2022-04-10,High Pricing,Asana,47
6697,43321,2022-10-13,Missing Features,Monday.com,6
6698,10206,2024-06-06,Technical Issues,Monday.com,11
6699,253,2024-06-14,Poor Experience,Monday.com,64
6700,20344,2022-11-10,Technical Issues,Monday.com,97
6701,5514,2024-09-08,Low Usage,Monday.com,65
6702,45389,2022-04-02,Missing Features,Slack,39
6703,1368,2023-05-26,Missing Features,ClickUp,46
6704,17594,2023-06-13,Missing Features,ClickUp,13
6705,5539,2024-06-06,Poor Experience,ClickUp,56
6706,29973,2023-08-22,High Pricing,Monday.com,90
6707,23800,2022-06-16,Poor Experience,Monday.com,99
6708,8905,2025-03-16,Poor Experience,Monday.com,83
6709,24101,2024-02-25,Poor Experience,Asana,27
6710,13601,2022-03-17,Low Usage,Slack,48
6711,887,2024-08-14,High Pricing,Asana,53
6712,41741,2022-01-04,Missing Features,ClickUp,65
6713,30940,2024-11-16,High Pricing,Notion,90
6714,14692,2024-06-07,Switched Competitor,Notion,15
6715,1230,2023-05-30,Technical Issues,ClickUp,105
6716,38518,2024-01-20,Poor Experience,Notion,97
6717,17470,2024-08-24,Low Usage,Slack,42
6718,34146,2022-05-11,Switched Competitor,Asana,75
6719,1091,2024-02-02,Low Usage,Asana,110
6720,31758,2022-08-09,High Pricing,Slack,36
6721,39514,2022-04-28,Poor Experience,Asana,16
6722,36472,2022-12-09,Technical Issues,Slack,93
6723,25150,2023-08-31,Missing Features,ClickUp,47
6724,25091,2024-09-27,High Pricing,ClickUp,26
6725,36862,2023-06-15,High Pricing,Monday.com,74
6726,36111,2022-02-19,Poor Experience,Slack,11
6727,11852,2025-04-09,Switched Competitor,Asana,31
6728,15347,2023-07-11,Switched Competitor,Asana,97
6729,8578,2023-04-08,High Pricing,Notion,33
6730,21684,2024-02-08,Low Usage,Notion,110
6731,20751,2023-08-29,Poor Experience,Asana,67
6732,21814,2023-12-19,Technical Issues,Monday.com,29
6733,11599,2023-07-06,High Pricing,Notion,71
6734,17716,2024-12-17,High Pricing,Slack,97
6735,3431,2024-05-27,Technical Issues,ClickUp,100
6736,369,2024-08-14,Technical Issues,Asana,100
6737,36415,2022-09-20,Poor Experience,Monday.com,26
6738,22959,2023-08-29,Missing Features,Asana,30
6739,8161,2023-05-22,Technical Issues,Asana,9
6740,31254,2023-05-12,Technical Issues,Monday.com,76
6741,36355,2022-10-26,High Pricing,ClickUp,104
6742,44640,2024-07-31,Technical Issues,Monday.com,29
6743,25934,2022-03-09,Low Usage,Monday.com,77
6744,36795,2022-10-09,High Pricing,Monday.com,61
6745,27731,2025-03-13,Switched Competitor,Asana,48
6746,43469,2024-12-27,High Pricing,Slack,47
6747,33124,2024-12-11,Low Usage,Slack,44
6748,29671,2023-11-28,Technical Issues,Notion,12
6749,22706,2023-01-11,Technical Issues,ClickUp,39
6750,8696,2022-08-14,Technical Issues,Slack,82
6751,32272,2022-06-19,Missing Features,Notion,23
6752,13392,2024-01-26,Technical Issues,Notion,91
6753,819,2023-04-22,Technical Issues,ClickUp,11
6754,40288,2022-12-27,Poor Experience,ClickUp,26
6755,24310,2024-07-29,High Pricing,Asana,75
6756,49979,2023-02-27,Missing Features,ClickUp,7
6757,27175,2023-07-24,Technical Issues,Slack,65
6758,38856,2023-02-02,Technical Issues,Notion,117
6759,26724,2023-05-02,Technical Issues,Slack,95
6760,31351,2022-11-27,Poor Experience,ClickUp,83
6761,23128,2022-06-13,Technical Issues,Notion,105
6762,37824,2023-08-29,Low Usage,Notion,112
6763,33827,2022-04-05,Technical Issues,Asana,60
6764,37640,2024-06-19,Missing Features,Monday.com,102
6765,21410,2022-01-07,Technical Issues,Slack,95
6766,1518,2022-01-06,Switched Competitor,Slack,4
6767,17931,2023-10-04,Technical Issues,Monday.com,34
6768,20820,2022-01-13,Poor Experience,Notion,20
6769,20640,2022-08-12,High Pricing,ClickUp,31
6770,25684,2022-06-18,Technical Issues,Slack,120
6771,35494,2022-02-05,Missing Features,Monday.com,16
6772,39389,2024-05-16,Switched Competitor,Asana,19
6773,47580,2024-12-19,Missing Features,Asana,64
6774,39555,2025-03-29,High Pricing,Asana,72
6775,33893,2022-11-26,Technical Issues,Asana,12
6776,28102,2022-06-16,Missing Features,Asana,98
6777,22370,2022-09-23,Missing Features,ClickUp,93
6778,42959,2024-10-10,High Pricing,Asana,63
6779,15013,2022-04-27,Low Usage,Asana,39
6780,3132,2025-02-14,Technical Issues,Monday.com,60
6781,29275,2025-03-13,Switched Competitor,ClickUp,46
6782,42,2024-04-15,Missing Features,ClickUp,17
6783,10111,2023-12-25,Missing Features,Slack,104
6784,12236,2024-01-27,High Pricing,Notion,83
6785,21124,2025-01-18,Switched Competitor,Monday.com,44
6786,41534,2024-12-10,High Pricing,Monday.com,7
6787,40967,2024-01-10,Missing Features,ClickUp,58
6788,39499,2022-10-16,Technical Issues,ClickUp,90
6789,44965,2024-06-13,Technical Issues,Notion,6
6790,38952,2024-07-19,Switched Competitor,Monday.com,103
6791,23403,2022-10-19,Technical Issues,Slack,68
6792,41157,2024-01-04,Poor Experience,ClickUp,88
6793,48144,2022-07-01,Missing Features,ClickUp,87
6794,21879,2022-09-13,High Pricing,Asana,67
6795,10572,2023-09-04,Low Usage,Monday.com,84
6796,48787,2022-11-15,Switched Competitor,Notion,19
6797,14333,2023-11-28,High Pricing,Monday.com,83
6798,44866,2022-02-15,Low Usage,Notion,67
6799,24749,2024-10-22,Missing Features,Monday.com,62
6800,8120,2023-12-28,Low Usage,ClickUp,12
6801,18445,2023-03-15,Poor Experience,Monday.com,33
6802,93,2022-05-28,High Pricing,Notion,37
6803,1194,2022-04-15,Poor Experience,ClickUp,25
6804,2098,2023-12-28,Poor Experience,Notion,78
6805,27181,2022-12-28,High Pricing,Slack,42
6806,47794,2022-05-01,Low Usage,Notion,113
6807,48428,2023-01-24,Low Usage,ClickUp,62
6808,41013,2023-07-16,Switched Competitor,Monday.com,25
6809,30853,2024-10-14,Technical Issues,Monday.com,53
6810,3757,2024-11-03,High Pricing,Monday.com,56
6811,9387,2024-06-04,Poor Experience,ClickUp,27
6812,22530,2022-12-09,Poor Experience,Asana,35
6813,12562,2024-01-09,Poor Experience,Asana,88
6814,15599,2025-02-07,Technical Issues,ClickUp,53
6815,7279,2024-11-22,Poor Experience,Slack,50
6816,43281,2022-06-19,High Pricing,Slack,39
6817,22483,2022-09-30,Switched Competitor,Asana,114
6818,37133,2022-04-17,High Pricing,Asana,71
6819,10778,2025-03-21,Switched Competitor,Monday.com,40
6820,46779,2023-11-11,Technical Issues,Monday.com,86
6821,34358,2022-07-01,Switched Competitor,Asana,55
6822,10442,2022-06-11,High Pricing,Slack,79
6823,9323,2023-06-09,Missing Features,Slack,28
6824,36993,2023-12-18,Switched Competitor,Notion,101
6825,8175,2024-03-18,Poor Experience,Slack,59
6826,38836,2023-09-30,Missing Features,Monday.com,20
6827,33190,2022-08-04,High Pricing,Monday.com,85
6828,19627,2022-05-18,Missing Features,Slack,13
6829,17252,2022-02-16,Missing Features,Notion,72
6830,16867,2023-03-25,Low Usage,Monday.com,68
6831,5344,2022-08-12,Poor Experience,Asana,75
6832,32481,2023-01-13,Switched Competitor,Slack,83
6833,32897,2022-06-27,Poor Experience,Monday.com,93
6834,38438,2024-02-16,High Pricing,ClickUp,39
6835,29634,2022-05-11,Low Usage,Monday.com,32
6836,30952,2022-09-04,Missing Features,ClickUp,110
6837,39747,2024-03-20,Missing Features,Slack,6
6838,42499,2023-05-30,Technical Issues,Asana,68
6839,44689,2022-02-05,Missing Features,Monday.com,117
6840,32992,2022-07-04,Missing Features,ClickUp,75
6841,19328,2023-09-25,High Pricing,Notion,89
6842,15736,2024-03-12,Missing Features,Asana,18
6843,23481,2022-06-16,Low Usage,Slack,81
6844,4326,2024-05-22,Switched Competitor,Monday.com,60
6845,20426,2025-03-09,Missing Features,Slack,8
6846,34618,2022-10-14,Low Usage,Asana,88
6847,23446,2022-01-27,High Pricing,Asana,27
6848,16113,2024-10-03,Technical Issues,Asana,103
6849,9,2022-07-21,Technical Issues,Asana,71
6850,6262,2023-11-27,High Pricing,Monday.com,87
6851,7913,2022-08-02,Poor Experience,Notion,52
6852,35970,2022-02-14,Low Usage,Slack,52
6853,37403,2022-02-03,Missing Features,Asana,20
6854,43978,2024-10-08,Switched Competitor,Notion,26
6855,37313,2024-06-11,Switched Competitor,Asana,15
6856,17053,2025-03-16,Missing Features,Monday.com,2
6857,37461,2023-05-23,Missing Features,Notion,58
6858,19813,2023-06-18,Switched Competitor,Slack,34
6859,20649,2023-06-03,Switched Competitor,Monday.com,41
6860,9704,2022-03-19,Poor Experience,Notion,13
6861,39631,2025-02-16,Technical Issues,ClickUp,31
6862,32958,2024-09-28,Low Usage,Slack,17
6863,24216,2022-05-15,High Pricing,Asana,115
6864,28893,2024-04-20,Poor Experience,Monday.com,19
6865,26550,2023-06-09,High Pricing,ClickUp,7
6866,29670,2024-09-17,Poor Experience,ClickUp,69
6867,2540,2023-10-28,High Pricing,Notion,61
6868,47982,2024-03-08,Technical Issues,ClickUp,14
6869,42391,2023-05-25,Technical Issues,ClickUp,5
6870,36095,2022-09-27,Missing Features,Monday.com,117
6871,24774,2024-06-17,Switched Competitor,Slack,47
6872,21396,2024-10-27,Switched Competitor,Monday.com,119
6873,22551,2024-03-10,High Pricing,Slack,77
6874,9346,2022-07-14,Poor Experience,Monday.com,37
6875,22295,2023-09-22,Missing Features,Monday.com,55
6876,41252,2022-08-19,Missing Features,Monday.com,15
6877,15590,2025-03-28,High Pricing,Slack,10
6878,38357,2022-03-12,Switched Competitor,Asana,75
6879,43651,2024-01-02,High Pricing,ClickUp,13
6880,33785,2023-10-28,Low Usage,Monday.com,9
6881,14598,2023-05-20,High Pricing,Notion,96
6882,18493,2023-05-09,Poor Experience,Notion,117
6883,18237,2023-02-13,Missing Features,Notion,45
6884,12520,2024-11-23,Poor Experience,ClickUp,78
6885,925,2023-03-07,Switched Competitor,Monday.com,46
6886,4409,2024-03-18,Low Usage,ClickUp,46
6887,38227,2024-05-21,Technical Issues,Slack,112
6888,48763,2023-04-01,Low Usage,ClickUp,112
6889,49790,2023-03-14,Missing Features,Monday.com,107
6890,45962,2022-06-19,Missing Features,Asana,97
6891,4260,2022-10-12,Switched Competitor,Monday.com,38
6892,26296,2022-05-26,Poor Experience,ClickUp,27
6893,5180,2024-02-24,Low Usage,Asana,11
6894,18461,2023-11-02,High Pricing,Asana,70
6895,11476,2023-07-05,High Pricing,Slack,6
6896,34648,2025-01-22,Switched Competitor,ClickUp,118
6897,4031,2023-11-05,Switched Competitor,Asana,62
6898,23782,2022-07-17,Low Usage,ClickUp,22
6899,9087,2023-07-15,High Pricing,Notion,87
6900,39037,2025-02-19,Technical Issues,Monday.com,2
6901,11383,2024-01-09,High Pricing,Asana,15
6902,1846,2023-09-23,Missing Features,Asana,25
6903,3141,2023-09-12,High Pricing,Asana,103
6904,45198,2022-12-03,High Pricing,Slack,50
6905,17806,2025-02-26,Switched Competitor,Notion,74
6906,45581,2024-12-19,Missing Features,Monday.com,80
6907,26970,2023-06-16,High Pricing,Slack,11
6908,33569,2023-02-14,Technical Issues,Monday.com,88
6909,43414,2023-08-03,Poor Experience,Monday.com,59
6910,16824,2023-11-27,Low Usage,Monday.com,8
6911,49655,2022-07-20,Technical Issues,Asana,83
6912,17222,2023-03-18,Poor Experience,Notion,50
6913,17617,2022-05-08,Switched Competitor,Asana,69
6914,38579,2023-05-06,High Pricing,Asana,42
6915,29875,2024-04-01,Missing Features,Monday.com,16
6916,17145,2022-05-08,Switched Competitor,Notion,16
6917,30447,2024-03-28,Poor Experience,Asana,83
6918,36579,2023-12-18,High Pricing,Asana,31
6919,23361,2025-02-14,High Pricing,Slack,78
6920,7242,2022-03-18,Switched Competitor,Notion,36
6921,38535,2023-07-15,Technical Issues,Monday.com,64
6922,18866,2024-05-04,Switched Competitor,Monday.com,87
6923,28205,2024-07-24,Switched Competitor,Notion,34
6924,20631,2024-11-20,Poor Experience,ClickUp,76
6925,43146,2024-08-12,High Pricing,Asana,80
6926,23823,2022-12-30,Low Usage,Slack,73
6927,5178,2022-05-30,Poor Experience,Asana,78
6928,15420,2023-09-18,Technical Issues,Notion,54
6929,19456,2023-08-09,Low Usage,ClickUp,23
6930,43231,2023-12-20,Low Usage,Notion,117
6931,13931,2024-03-30,Poor Experience,Notion,115
6932,41003,2022-10-14,Poor Experience,ClickUp,120
6933,38128,2023-11-21,Poor Experience,Notion,1
6934,40332,2022-08-01,High Pricing,Asana,95
6935,49914,2024-11-15,High Pricing,Slack,5
6936,28041,2022-11-11,Poor Experience,Asana,31
6937,31883,2022-04-17,Technical Issues,Slack,59
6938,41930,2024-11-04,Low Usage,Monday.com,70
6939,9761,2023-12-20,Missing Features,Monday.com,35
6940,16447,2023-10-27,Switched Competitor,Notion,30
6941,41535,2024-06-15,Poor Experience,Slack,85
6942,12881,2024-09-30,Technical Issues,ClickUp,11
6943,41751,2022-12-08,Poor Experience,Monday.com,48
6944,11932,2025-03-24,Missing Features,Monday.com,99
6945,39653,2022-08-09,Poor Experience,Monday.com,59
6946,41994,2023-04-26,Switched Competitor,Monday.com,75
6947,39226,2023-05-17,Switched Competitor,Slack,41
6948,35212,2023-09-25,Low Usage,Monday.com,113
6949,10885,2022-11-03,Missing Features,Slack,94
6950,44140,2023-06-07,Low Usage,Asana,62
6951,44920,2024-07-04,Missing Features,Monday.com,13
6952,5189,2024-06-23,Switched Competitor,Asana,93
6953,44393,2023-04-13,Poor Experience,Asana,73
6954,12976,2024-03-29,High Pricing,Notion,94
6955,15227,2024-01-29,Poor Experience,Asana,78
6956,10404,2024-05-01,Poor Experience,Slack,9
6957,20495,2024-05-01,Switched Competitor,Notion,93
6958,38691,2024-02-14,Technical Issues,Notion,21
6959,7622,2023-07-30,Switched Competitor,Slack,100
6960,40704,2023-04-27,Switched Competitor,Slack,54
6961,12243,2022-06-03,Low Usage,Asana,109
6962,11283,2022-05-16,Poor Experience,Asana,69
6963,36217,2022-09-09,High Pricing,Notion,112
6964,26130,2022-01-31,Missing Features,Monday.com,64
6965,9504,2024-09-25,Switched Competitor,ClickUp,93
6966,25810,2024-07-13,Low Usage,Slack,75
6967,39953,2024-07-10,Technical Issues,ClickUp,25
6968,41475,2025-02-14,Technical Issues,Monday.com,98
6969,8950,2022-01-26,High Pricing,ClickUp,41
6970,22266,2023-11-15,Poor Experience,Asana,20
6971,27259,2023-05-15,Switched Competitor,Notion,70
6972,23382,2022-12-25,Missing Features,Notion,27
6973,31472,2024-06-09,Switched Competitor,Slack,36
6974,4518,2023-05-02,Technical Issues,Asana,101
6975,9108,2024-09-20,High Pricing,Slack,55
6976,10078,2022-07-05,Technical Issues,ClickUp,33
6977,25564,2023-06-04,Switched Competitor,Monday.com,73
6978,1339,2022-04-13,High Pricing,ClickUp,52
6979,26485,2023-03-21,Switched Competitor,Slack,9
6980,13079,2025-03-16,Technical Issues,Notion,69
6981,9315,2023-01-05,Low Usage,Notion,50
6982,38364,2023-09-26,High Pricing,Notion,28
6983,41942,2022-05-16,Missing Features,Notion,51
6984,13952,2024-12-31,Low Usage,Monday.com,14
6985,27024,2024-04-15,Poor Experience,Monday.com,26
6986,1426,2022-12-11,Low Usage,Asana,116
6987,41349,2022-04-18,High Pricing,Slack,6
6988,43033,2022-02-04,Low Usage,Slack,92
6989,25358,2022-07-08,Missing Features,Notion,99
6990,32686,2024-04-09,Technical Issues,Monday.com,117
6991,39714,2023-03-14,Technical Issues,Monday.com,62
6992,32214,2023-03-19,Low Usage,Asana,85
6993,37320,2024-09-15,Missing Features,Notion,81
6994,37621,2024-12-27,Technical Issues,ClickUp,49
6995,41851,2023-03-16,High Pricing,Asana,99
6996,23339,2023-01-06,Low Usage,Notion,72
6997,6017,2022-08-03,Poor Experience,Notion,48
6998,31908,2023-12-28,High Pricing,Notion,32
6999,8995,2024-09-02,Low Usage,Slack,56
7000,35230,2022-10-28,Low Usage,Asana,49
7001,10582,2024-11-25,Missing Features,ClickUp,103
7002,36707,2022-01-13,Missing Features,Slack,31
7003,30158,2024-01-08,High Pricing,ClickUp,32
7004,46386,2024-09-19,Low Usage,Notion,43
7005,44149,2024-01-27,High Pricing,ClickUp,67
7006,47684,2022-06-03,Missing Features,ClickUp,92
7007,35302,2022-09-06,Poor Experience,Slack,113
7008,1231,2023-11-11,Missing Features,Slack,91
7009,13088,2023-07-25,Technical Issues,Asana,3
7010,16156,2024-12-26,Technical Issues,ClickUp,118
7011,8204,2022-10-31,Missing Features,Asana,114
7012,48020,2025-03-02,Technical Issues,ClickUp,106
7013,18662,2024-08-02,High Pricing,Slack,48
7014,7528,2022-06-28,Poor Experience,Slack,55
7015,26534,2022-01-02,Poor Experience,ClickUp,33
7016,23452,2022-12-22,Missing Features,Asana,34
7017,9469,2022-12-28,Low Usage,Notion,73
7018,2136,2024-06-17,Missing Features,Notion,9
7019,37984,2023-08-04,Low Usage,Notion,106
7020,34205,2023-07-22,Technical Issues,Slack,63
7021,10794,2025-02-20,Missing Features,Notion,63
7022,19961,2024-12-12,Technical Issues,Asana,74
7023,32548,2023-07-03,High Pricing,Monday.com,19
7024,26537,2024-03-11,Low Usage,ClickUp,55
7025,434,2023-06-01,High Pricing,ClickUp,28
7026,23122,2024-08-19,Technical Issues,Notion,52
7027,29821,2024-07-01,Missing Features,ClickUp,85
7028,13498,2023-09-19,Technical Issues,Asana,14
7029,36672,2023-12-30,Switched Competitor,Monday.com,85
7030,37851,2022-12-20,High Pricing,Monday.com,58
7031,32689,2024-01-01,Technical Issues,Asana,73
7032,14895,2023-03-13,Low Usage,Notion,73
7033,48425,2022-08-23,Missing Features,ClickUp,88
7034,31200,2024-10-22,Low Usage,Notion,73
7035,31683,2022-04-10,High Pricing,Slack,89
7036,23001,2022-04-03,Low Usage,Monday.com,116
7037,15977,2023-05-15,Technical Issues,Notion,107
7038,8259,2023-06-17,Missing Features,Monday.com,100
7039,18308,2023-04-23,Technical Issues,Notion,67
7040,25084,2024-09-04,Technical Issues,ClickUp,72
7041,20253,2024-03-18,Missing Features,Notion,95
7042,5225,2023-12-09,Low Usage,ClickUp,70
7043,19579,2022-06-01,Switched Competitor,Notion,29
7044,30336,2022-12-04,Switched Competitor,Monday.com,68
7045,30733,2022-04-14,Technical Issues,Slack,20
7046,5758,2022-01-31,Missing Features,Asana,107
7047,5706,2023-03-29,Missing Features,Monday.com,48
7048,23212,2022-05-02,Technical Issues,Slack,2
7049,2227,2023-03-14,Switched Competitor,ClickUp,104
7050,38059,2023-06-29,Low Usage,Slack,8
7051,18562,2024-12-24,Poor Experience,Asana,91
7052,21367,2023-10-26,Technical Issues,Notion,113
7053,41840,2024-04-08,Switched Competitor,Monday.com,64
7054,4898,2023-01-31,Low Usage,Monday.com,73
7055,30565,2022-03-10,Low Usage,Asana,8
7056,43396,2024-04-30,Poor Experience,Monday.com,80
7057,44695,2025-03-16,Missing Features,Monday.com,42
7058,27719,2024-10-23,Switched Competitor,ClickUp,56
7059,47442,2023-09-23,Poor Experience,ClickUp,112
7060,12226,2023-06-15,Poor Experience,Notion,55
7061,15420,2022-02-25,Switched Competitor,Monday.com,19
7062,29497,2023-01-01,Poor Experience,Monday.com,16
7063,37802,2023-07-04,Missing Features,Monday.com,103
7064,45080,2023-05-29,Missing Features,Slack,80
7065,14880,2024-06-14,Low Usage,ClickUp,20
7066,10379,2024-08-25,Switched Competitor,ClickUp,52
7067,32718,2022-04-18,Low Usage,Slack,96
7068,35491,2024-05-04,Switched Competitor,Asana,29
7069,23468,2022-12-23,Poor Experience,ClickUp,4
7070,7540,2025-01-24,Technical Issues,ClickUp,46
7071,20233,2022-03-29,Missing Features,ClickUp,72
7072,45783,2024-10-06,Poor Experience,Monday.com,112
7073,14862,2024-06-20,Low Usage,Asana,1
7074,9074,2025-01-02,Missing Features,Asana,104
7075,5708,2024-06-18,Low Usage,Notion,61
7076,23620,2023-04-27,Technical Issues,Notion,82
7077,6401,2023-08-19,Technical Issues,Notion,7
7078,26085,2023-01-26,Poor Experience,Notion,73
7079,29236,2022-11-05,Technical Issues,Notion,47
7080,35667,2025-03-29,Low Usage,ClickUp,115
7081,32572,2023-04-02,Poor Experience,Slack,33
7082,16889,2023-10-04,Missing Features,ClickUp,47
7083,49743,2022-12-17,Technical Issues,Slack,93
7084,32039,2023-05-21,Missing Features,Asana,39
7085,41797,2022-09-20,Missing Features,Notion,66
7086,16392,2024-05-20,Missing Features,Slack,49
7087,34321,2022-02-06,Poor Experience,Monday.com,2
7088,18387,2024-07-11,Technical Issues,Notion,93
7089,46996,2024-04-27,Technical Issues,Asana,68
7090,15302,2022-07-26,High Pricing,Notion,58
7091,49661,2022-02-10,Low Usage,Notion,89
7092,42143,2022-07-15,Switched Competitor,Slack,108
7093,46188,2025-03-12,High Pricing,Slack,97
7094,8343,2025-01-07,Missing Features,Slack,28
7095,11121,2022-10-03,Switched Competitor,Notion,81
7096,47273,2023-11-26,Low Usage,Notion,82
7097,47940,2022-10-12,Low Usage,Asana,99
7098,2332,2023-02-05,High Pricing,ClickUp,31
7099,37083,2022-12-17,Poor Experience,Slack,89
7100,19654,2024-12-29,Low Usage,Asana,66
7101,14658,2024-06-28,Poor Experience,Monday.com,57
7102,28638,2025-03-11,Low Usage,Monday.com,24
7103,14938,2023-10-05,Technical Issues,Monday.com,96
7104,37121,2022-08-02,Missing Features,Asana,45
7105,23164,2023-12-05,Missing Features,Notion,37
7106,30118,2024-11-18,Technical Issues,Monday.com,14
7107,9596,2025-01-19,Poor Experience,Monday.com,70
7108,32907,2024-12-24,Low Usage,Slack,119
7109,46589,2023-04-09,Poor Experience,Slack,71
7110,7186,2022-10-07,Technical Issues,Monday.com,4
7111,41200,2023-02-18,Missing Features,Slack,99
7112,37261,2024-04-01,High Pricing,ClickUp,93
7113,45275,2022-10-06,High Pricing,Slack,102
7114,30252,2025-04-06,Low Usage,Notion,87
7115,15090,2023-11-04,Low Usage,ClickUp,15
7116,23766,2022-08-31,Low Usage,Monday.com,111
7117,899,2023-08-28,Technical Issues,Asana,99
7118,45128,2023-09-16,Switched Competitor,ClickUp,115
7119,28996,2022-10-16,Switched Competitor,Monday.com,88
7120,16854,2022-04-29,High Pricing,Asana,53
7121,2781,2023-05-19,High Pricing,Slack,82
7122,1713,2023-09-26,Technical Issues,Slack,50
7123,19301,2024-08-05,High Pricing,Notion,38
7124,1080,2022-11-15,High Pricing,Monday.com,99
7125,43683,2022-08-22,Technical Issues,Monday.com,110
7126,40536,2025-01-11,Technical Issues,ClickUp,22
7127,9417,2024-03-03,Low Usage,Notion,105
7128,21431,2025-04-03,Poor Experience,ClickUp,44
7129,9126,2022-04-25,High Pricing,ClickUp,105
7130,10561,2025-01-13,Missing Features,Notion,37
7131,25952,2024-08-12,Poor Experience,Monday.com,95
7132,32532,2025-02-26,Poor Experience,Monday.com,97
7133,14991,2022-10-21,Low Usage,Monday.com,52
7134,8852,2022-12-15,Poor Experience,Notion,106
7135,34596,2024-10-27,Switched Competitor,Slack,18
7136,44408,2023-01-20,Missing Features,ClickUp,9
7137,7217,2025-01-23,Missing Features,Notion,93
7138,33736,2024-01-29,Poor Experience,Monday.com,79
7139,4059,2024-10-27,Low Usage,ClickUp,89
7140,18624,2022-06-04,Switched Competitor,Monday.com,35
7141,13553,2024-06-08,Technical Issues,Notion,11
7142,46156,2022-12-25,Poor Experience,ClickUp,84
7143,30587,2024-03-19,Poor Experience,ClickUp,89
7144,41430,2024-05-26,Poor Experience,Asana,60
7145,14128,2022-07-04,Technical Issues,Notion,105
7146,20957,2025-01-12,High Pricing,Slack,70
7147,30315,2022-09-21,Technical Issues,Notion,48
7148,13400,2022-10-22,Switched Competitor,Slack,48
7149,4463,2022-04-07,Poor Experience,Slack,67
7150,35606,2023-07-26,Technical Issues,Notion,65
7151,15423,2024-08-21,Switched Competitor,Asana,97
7152,26805,2024-07-25,Missing Features,Slack,83
7153,25260,2024-09-28,Switched Competitor,Monday.com,79
7154,25783,2024-09-24,High Pricing,ClickUp,39
7155,22075,2023-07-28,Switched Competitor,Notion,39
7156,12699,2022-07-14,Technical Issues,Notion,76
7157,4770,2022-09-10,Switched Competitor,Notion,1
7158,29948,2022-08-31,High Pricing,ClickUp,51
7159,3305,2022-09-19,Technical Issues,Notion,51
7160,24172,2024-08-05,Poor Experience,Notion,5
7161,25049,2022-05-26,High Pricing,Monday.com,75
7162,17026,2022-01-30,Low Usage,Asana,67
7163,34330,2023-01-18,High Pricing,Notion,20
7164,26320,2023-12-21,Poor Experience,Slack,38
7165,15363,2022-12-13,Switched Competitor,Monday.com,97
7166,48834,2023-01-23,Low Usage,Notion,25
7167,18391,2023-07-31,Technical Issues,Asana,93
7168,17482,2024-07-20,Missing Features,ClickUp,85
7169,2498,2024-05-25,Low Usage,Asana,87
7170,33099,2022-05-11,Switched Competitor,Slack,83
7171,45636,2024-02-16,Poor Experience,Monday.com,71
7172,4353,2023-10-28,Low Usage,Slack,28
7173,754,2024-05-08,Low Usage,ClickUp,5
7174,41372,2024-09-04,Missing Features,ClickUp,115
7175,3162,2024-11-16,Technical Issues,Asana,104
7176,40622,2022-03-13,Poor Experience,Notion,20
7177,16633,2023-06-10,Low Usage,ClickUp,109
7178,47413,2022-02-22,Missing Features,Notion,79
7179,215,2024-05-12,Low Usage,Notion,75
7180,28381,2023-03-21,High Pricing,Notion,110
7181,20440,2023-01-13,Switched Competitor,Slack,100
7182,815,2025-01-16,Poor Experience,Asana,78
7183,6790,2023-01-08,Low Usage,ClickUp,56
7184,35900,2024-02-16,Technical Issues,Notion,95
7185,46850,2024-12-10,Technical Issues,ClickUp,105
7186,29327,2022-06-01,Missing Features,Asana,111
7187,38058,2022-10-20,Missing Features,Notion,93
7188,15126,2023-05-26,Missing Features,Monday.com,48
7189,32727,2024-04-02,Low Usage,Notion,67
7190,15020,2023-04-15,Switched Competitor,Slack,54
7191,8259,2022-12-08,Switched Competitor,Asana,118
7192,7953,2024-06-02,Switched Competitor,Slack,18
7193,22725,2024-10-29,Low Usage,Monday.com,46
7194,1482,2025-01-06,Technical Issues,Notion,118
7195,29890,2022-02-11,Missing Features,ClickUp,98
7196,30336,2024-06-18,Poor Experience,Notion,81
7197,19033,2024-08-03,Missing Features,ClickUp,98
7198,38763,2023-03-10,Technical Issues,Monday.com,49
7199,20554,2025-01-08,Switched Competitor,Slack,66
7200,45375,2025-02-17,Missing Features,Notion,13
7201,2168,2024-10-04,Poor Experience,Notion,114
7202,40487,2025-02-18,High Pricing,Slack,81
7203,19671,2023-11-24,Switched Competitor,ClickUp,74
7204,48843,2023-05-01,Low Usage,Notion,71
7205,48019,2024-07-05,Poor Experience,Notion,45
7206,44745,2022-12-03,Missing Features,ClickUp,77
7207,48409,2022-11-14,Poor Experience,ClickUp,98
7208,37708,2022-09-11,Technical Issues,Notion,116
7209,28453,2024-08-17,Poor Experience,ClickUp,118
7210,11696,2023-01-28,Poor Experience,Asana,25
7211,17896,2022-11-11,Low Usage,Notion,27
7212,33778,2024-06-18,Missing Features,Monday.com,8
7213,8630,2024-02-10,Low Usage,ClickUp,57
7214,170,2023-05-12,Missing Features,Monday.com,120
7215,10602,2022-10-17,Poor Experience,ClickUp,69
7216,8214,2025-04-06,Switched Competitor,Notion,41
7217,37586,2025-03-14,High Pricing,Asana,106
7218,2624,2022-02-27,Switched Competitor,Notion,74
7219,260,2022-04-26,Technical Issues,ClickUp,5
7220,3155,2023-06-02,Missing Features,Slack,89
7221,43732,2022-05-09,Missing Features,ClickUp,46
7222,30528,2022-02-03,High Pricing,Slack,46
7223,7173,2023-03-17,Low Usage,Asana,90
7224,19164,2023-01-01,Switched Competitor,ClickUp,2
7225,1345,2023-04-04,High Pricing,Asana,55
7226,25887,2023-01-10,Switched Competitor,Slack,91
7227,4701,2023-05-16,Switched Competitor,Notion,41
7228,44014,2023-01-16,Switched Competitor,Monday.com,53
7229,39877,2022-01-03,Missing Features,Monday.com,57
7230,10513,2023-05-21,High Pricing,Monday.com,96
7231,46781,2023-11-12,Poor Experience,ClickUp,118
7232,1286,2022-02-15,Switched Competitor,Notion,90
7233,11090,2023-04-15,Missing Features,Slack,43
7234,19917,2025-01-02,Poor Experience,ClickUp,56
7235,608,2022-04-17,Missing Features,Slack,80
7236,29285,2022-05-16,High Pricing,Notion,69
7237,46407,2024-02-06,High Pricing,Asana,89
7238,20217,2024-09-15,Switched Competitor,Slack,67
7239,34564,2023-01-10,Switched Competitor,Slack,106
7240,25302,2023-01-28,Technical Issues,Slack,16
7241,28166,2022-08-03,Switched Competitor,Slack,99
7242,11321,2025-03-05,Poor Experience,ClickUp,6
7243,13453,2024-07-20,Technical Issues,Notion,82
7244,2979,2024-12-18,Switched Competitor,Asana,93
7245,30362,2023-12-20,Poor Experience,Notion,60
7246,31158,2023-02-04,Switched Competitor,Monday.com,106
7247,13325,2024-12-05,Low Usage,Slack,76
7248,11914,2023-04-29,Low Usage,Notion,71
7249,18311,2023-11-19,Switched Competitor,Notion,88
7250,49777,2024-05-21,High Pricing,Monday.com,89
7251,27083,2022-05-27,High Pricing,Asana,5
7252,11375,2024-02-18,High Pricing,Slack,15
7253,41360,2023-10-04,Missing Features,ClickUp,20
7254,16796,2024-07-11,High Pricing,Notion,87
7255,41583,2023-01-14,High Pricing,Monday.com,13
7256,28174,2023-08-28,High Pricing,Notion,120
7257,33127,2023-04-19,Switched Competitor,ClickUp,7
7258,11993,2023-09-05,Poor Experience,Slack,94
7259,11174,2022-07-20,High Pricing,Monday.com,56
7260,19265,2022-10-02,Low Usage,Asana,5
7261,36874,2023-01-30,Low Usage,Slack,90
7262,39931,2024-12-01,High Pricing,Asana,54
7263,41202,2022-08-14,Technical Issues,Asana,98
7264,2370,2024-04-03,High Pricing,ClickUp,105
7265,8756,2023-08-10,Low Usage,Asana,60
7266,41298,2024-08-11,Missing Features,Notion,67
7267,6310,2024-09-13,Missing Features,Asana,10
7268,8760,2022-05-02,Switched Competitor,Monday.com,65
7269,41555,2025-04-05,Switched Competitor,Slack,36
7270,38314,2022-12-18,High Pricing,Slack,88
7271,48514,2023-04-24,Poor Experience,ClickUp,56
7272,17917,2024-11-02,Poor Experience,ClickUp,72
7273,40928,2022-03-31,Poor Experience,Monday.com,106
7274,15366,2023-09-13,Poor Experience,Notion,40
7275,42754,2024-04-11,High Pricing,ClickUp,35
7276,2216,2023-09-15,Technical Issues,Notion,92
7277,4199,2024-03-26,Poor Experience,Asana,78
7278,20993,2025-02-15,Poor Experience,Asana,50
7279,35640,2023-07-04,Low Usage,Asana,20
7280,41654,2022-07-07,High Pricing,Asana,102
7281,6460,2022-10-24,Missing Features,Slack,31
7282,13373,2024-08-27,Poor Experience,Slack,2
7283,7632,2023-11-12,Switched Competitor,Asana,83
7284,5652,2022-11-14,Low Usage,ClickUp,97
7285,20290,2022-10-04,Missing Features,Monday.com,31
7286,41710,2024-03-31,Technical Issues,Notion,92
7287,42924,2022-03-29,High Pricing,Monday.com,119
7288,47743,2022-02-18,High Pricing,Slack,24
7289,47461,2022-01-20,Low Usage,ClickUp,77
7290,10891,2022-02-03,Missing Features,Monday.com,20
7291,8837,2022-02-24,Poor Experience,Notion,34
7292,5005,2022-03-15,Poor Experience,Asana,102
7293,37669,2025-03-26,Technical Issues,ClickUp,35
7294,49957,2023-02-11,High Pricing,Notion,78
7295,15893,2024-07-26,Switched Competitor,Monday.com,95
7296,6232,2023-10-27,Low Usage,Monday.com,81
7297,39125,2022-05-12,Low Usage,Notion,2
7298,32480,2023-04-04,Missing Features,Slack,43
7299,30524,2025-03-13,High Pricing,Notion,10
7300,17213,2022-04-14,Technical Issues,Slack,40
7301,23364,2023-12-10,Technical Issues,Slack,23
7302,18397,2023-02-09,Low Usage,Asana,64
7303,46883,2022-08-05,Low Usage,Notion,88
7304,46251,2024-11-02,Low Usage,Slack,75
7305,7597,2022-08-12,Switched Competitor,ClickUp,37
7306,36514,2023-01-10,Switched Competitor,Asana,75
7307,6174,2022-10-09,Technical Issues,Monday.com,32
7308,13155,2023-08-31,High Pricing,Monday.com,53
7309,38604,2024-08-22,Missing Features,Notion,117
7310,9429,2022-11-14,Switched Competitor,Slack,56
7311,23302,2024-07-18,Poor Experience,Notion,118
7312,12187,2025-02-05,Switched Competitor,Asana,108
7313,18395,2022-07-26,Missing Features,Slack,47
7314,35419,2025-02-07,High Pricing,Monday.com,34
7315,22068,2022-02-16,Technical Issues,Notion,42
7316,46773,2024-02-25,Switched Competitor,Asana,94
7317,31686,2024-01-30,High Pricing,Monday.com,7
7318,18030,2022-08-16,Missing Features,Monday.com,118
7319,18406,2022-05-23,High Pricing,Asana,50
7320,31570,2025-02-08,Missing Features,Monday.com,57
7321,4407,2022-06-21,Technical Issues,Notion,70
7322,18002,2024-04-17,Technical Issues,ClickUp,89
7323,30594,2023-02-10,High Pricing,Notion,32
7324,8009,2022-04-07,Low Usage,Notion,68
7325,8251,2023-06-10,Poor Experience,Monday.com,55
7326,32118,2023-07-13,Missing Features,Monday.com,27
7327,25037,2023-06-13,Technical Issues,Asana,51
7328,6039,2022-11-02,Low Usage,Slack,13
7329,48656,2024-07-09,Technical Issues,Asana,36
7330,25982,2023-09-09,Technical Issues,Notion,51
7331,48140,2024-12-12,Technical Issues,Slack,66
7332,16517,2024-09-29,Technical Issues,Asana,38
7333,18259,2022-05-01,Technical Issues,Monday.com,82
7334,10413,2023-09-22,High Pricing,Slack,110
7335,2574,2023-03-28,Low Usage,Slack,111
7336,8599,2022-01-20,Missing Features,Slack,24
7337,23192,2023-07-25,Switched Competitor,Monday.com,1
7338,27304,2023-12-31,High Pricing,Slack,7
7339,21438,2023-10-01,High Pricing,ClickUp,50
7340,45566,2022-05-20,High Pricing,Asana,47
7341,38503,2024-04-25,Switched Competitor,Monday.com,49
7342,47604,2024-06-01,High Pricing,Slack,57
7343,3567,2022-05-05,Missing Features,Slack,120
7344,24231,2022-02-19,Switched Competitor,Notion,111
7345,29309,2024-07-08,Switched Competitor,Asana,27
7346,10159,2023-11-09,Missing Features,Asana,39
7347,30396,2024-11-11,Switched Competitor,Asana,106
7348,19007,2023-03-30,Technical Issues,Notion,67
7349,713,2024-03-14,Switched Competitor,ClickUp,65
7350,19526,2024-05-06,Technical Issues,Notion,22
7351,39141,2022-09-02,High Pricing,Asana,87
7352,28665,2023-02-01,Missing Features,Monday.com,39
7353,21361,2024-11-23,Missing Features,Asana,8
7354,37467,2024-04-16,Poor Experience,Slack,64
7355,43773,2023-11-18,Poor Experience,Notion,68
7356,38717,2022-09-18,Technical Issues,ClickUp,44
7357,12244,2024-06-26,High Pricing,Slack,24
7358,23964,2022-04-08,Technical Issues,Monday.com,28
7359,9013,2024-04-04,Switched Competitor,ClickUp,52
7360,21467,2022-09-04,Missing Features,Notion,4
7361,37733,2023-08-04,Low Usage,Notion,52
7362,31197,2022-12-27,Low Usage,Monday.com,81
7363,43092,2023-12-27,Missing Features,Slack,2
7364,21238,2022-01-25,Switched Competitor,ClickUp,13
7365,43434,2024-05-04,Poor Experience,Notion,96
7366,38434,2024-05-09,Switched Competitor,Notion,59
7367,6566,2024-04-10,High Pricing,ClickUp,80
7368,3097,2023-04-28,Technical Issues,ClickUp,50
7369,42405,2022-02-25,Poor Experience,Notion,41
7370,32252,2024-07-29,Poor Experience,Notion,99
7371,47247,2022-09-18,Missing Features,Notion,21
7372,39121,2025-03-12,Missing Features,Monday.com,19
7373,3379,2023-06-11,Poor Experience,Monday.com,3
7374,9817,2024-08-25,Poor Experience,Asana,43
7375,21017,2024-03-03,Switched Competitor,ClickUp,48
7376,7287,2025-02-02,High Pricing,ClickUp,66
7377,47020,2024-05-14,High Pricing,Monday.com,64
7378,27685,2024-10-03,Low Usage,Notion,48
7379,15055,2024-03-11,Missing Features,ClickUp,100
7380,27387,2023-05-22,Technical Issues,ClickUp,19
7381,2081,2024-11-25,Missing Features,ClickUp,91
7382,9123,2024-08-23,Poor Experience,ClickUp,69
7383,13287,2024-07-02,Poor Experience,Slack,80
7384,3634,2023-04-05,Switched Competitor,ClickUp,72
7385,25657,2024-09-04,Missing Features,ClickUp,113
7386,21125,2023-12-18,Poor Experience,Slack,17
7387,10582,2023-05-23,Switched Competitor,Monday.com,53
7388,24227,2022-11-10,High Pricing,Asana,62
7389,24271,2025-02-19,Missing Features,Notion,20
7390,2849,2023-06-19,Low Usage,Notion,46
7391,27386,2022-06-06,Low Usage,Notion,112
7392,49496,2022-04-04,Technical Issues,Notion,9
7393,7746,2022-07-13,Technical Issues,Notion,18
7394,43562,2024-10-14,Switched Competitor,Monday.com,56
7395,26685,2023-06-07,Switched Competitor,Asana,18
7396,17650,2023-09-26,Low Usage,Asana,27
7397,24894,2022-11-22,High Pricing,Monday.com,114
7398,27595,2022-05-10,Missing Features,ClickUp,77
7399,5522,2024-12-31,Missing Features,Slack,27
7400,32447,2022-04-02,Low Usage,Monday.com,55
7401,43176,2023-06-19,Low Usage,Asana,15
7402,5523,2023-01-08,Switched Competitor,ClickUp,54
7403,38148,2023-04-13,Poor Experience,Slack,28
7404,30700,2023-11-09,Technical Issues,Asana,99
7405,14775,2025-02-10,Missing Features,Asana,73
7406,17853,2024-11-17,Switched Competitor,Asana,74
7407,22261,2024-11-19,Low Usage,Asana,4
7408,39128,2023-03-17,Poor Experience,Slack,98
7409,6862,2023-04-04,High Pricing,Notion,54
7410,7862,2022-08-04,Switched Competitor,Monday.com,30
7411,31951,2022-11-15,Poor Experience,ClickUp,19
7412,3214,2022-07-04,Low Usage,Notion,11
7413,43989,2022-12-23,Technical Issues,Monday.com,28
7414,8233,2022-08-16,Poor Experience,Slack,113
7415,67,2024-03-15,Low Usage,Asana,26
7416,21192,2022-01-05,Technical Issues,Asana,105
7417,3884,2022-05-28,Low Usage,Notion,98
7418,37071,2024-05-22,Switched Competitor,Notion,112
7419,7046,2022-06-15,Missing Features,Asana,69
7420,20634,2022-06-26,High Pricing,Slack,119
7421,27795,2022-06-04,Missing Features,Slack,94
7422,11090,2024-03-31,Poor Experience,Asana,109
7423,49632,2023-04-11,High Pricing,ClickUp,18
7424,40288,2024-01-31,Low Usage,Monday.com,49
7425,21955,2025-01-19,Technical Issues,Asana,116
7426,22784,2024-02-24,Poor Experience,Slack,89
7427,2210,2023-05-13,Poor Experience,Monday.com,97
7428,40200,2024-07-17,Switched Competitor,ClickUp,23
7429,40539,2022-11-26,Low Usage,Notion,91
7430,17906,2024-10-10,High Pricing,Monday.com,37
7431,42847,2023-02-02,Poor Experience,Notion,103
7432,30932,2025-03-28,Low Usage,ClickUp,26
7433,23909,2023-12-04,Switched Competitor,Notion,93
7434,17255,2025-03-25,Low Usage,Slack,77
7435,36228,2023-02-15,Missing Features,Notion,2
7436,9503,2024-08-03,High Pricing,ClickUp,114
7437,43380,2024-05-28,Poor Experience,ClickUp,69
7438,6373,2022-09-20,Low Usage,Slack,22
7439,33523,2023-03-09,Poor Experience,Asana,95
7440,11832,2023-03-07,High Pricing,Asana,78
7441,14174,2025-04-12,High Pricing,Notion,91
7442,13329,2024-10-04,Technical Issues,Slack,90
7443,15694,2024-05-14,Poor Experience,Notion,86
7444,40331,2022-11-12,High Pricing,ClickUp,78
7445,40871,2024-02-25,Switched Competitor,ClickUp,116
7446,43340,2023-12-06,Low Usage,ClickUp,7
7447,44868,2023-06-11,Poor Experience,ClickUp,9
7448,23481,2025-03-03,Switched Competitor,Asana,46
7449,11636,2023-01-27,Technical Issues,ClickUp,54
7450,42812,2023-02-20,Poor Experience,ClickUp,91
7451,47871,2022-01-01,High Pricing,Asana,2
7452,36230,2023-08-18,High Pricing,Notion,63
7453,1137,2022-09-07,Missing Features,Monday.com,58
7454,175,2024-10-24,Low Usage,Notion,79
7455,18749,2024-09-11,Switched Competitor,ClickUp,20
7456,11380,2024-03-16,Missing Features,ClickUp,105
7457,41518,2022-09-16,High Pricing,Monday.com,37
7458,43219,2022-02-18,High Pricing,Notion,19
7459,25054,2024-04-25,Switched Competitor,Slack,48
7460,42018,2024-05-29,Missing Features,ClickUp,78
7461,5033,2023-06-05,High Pricing,Monday.com,74
7462,15324,2024-09-21,Switched Competitor,Notion,4
7463,11841,2023-03-09,High Pricing,Slack,46
7464,10353,2022-09-21,Low Usage,ClickUp,95
7465,37328,2022-06-07,High Pricing,ClickUp,49
7466,21282,2025-02-24,High Pricing,Slack,104
7467,39753,2023-04-30,Switched Competitor,Monday.com,34
7468,43815,2024-04-10,Switched Competitor,Asana,99
7469,4195,2023-03-30,Technical Issues,Asana,91
7470,44201,2024-11-14,Poor Experience,ClickUp,82
7471,11245,2022-02-17,Poor Experience,ClickUp,81
7472,26490,2023-11-28,Missing Features,Notion,38
7473,43036,2022-08-01,Missing Features,Asana,120
7474,47711,2024-01-04,Switched Competitor,Asana,73
7475,21025,2023-07-07,Switched Competitor,Monday.com,1
7476,40438,2023-11-25,Low Usage,Monday.com,114
7477,8538,2023-09-30,Poor Experience,ClickUp,104
7478,32663,2023-11-18,Switched Competitor,Notion,43
7479,34422,2022-07-10,Technical Issues,ClickUp,34
7480,12086,2022-02-05,Missing Features,Notion,55
7481,49075,2022-09-25,Technical Issues,Slack,39
7482,31740,2023-11-15,Technical Issues,Notion,21
7483,43622,2022-10-30,Switched Competitor,Notion,83
7484,46527,2023-04-07,High Pricing,Notion,92
7485,32527,2024-03-05,Switched Competitor,Monday.com,112
7486,1386,2024-07-15,Technical Issues,Asana,11
7487,3885,2023-03-04,Missing Features,Notion,45
7488,44423,2023-02-24,Low Usage,Slack,36
7489,34445,2025-03-13,High Pricing,Asana,81
7490,5259,2022-10-26,Low Usage,Asana,98
7491,19845,2023-03-03,Switched Competitor,Notion,103
7492,27183,2022-03-21,High Pricing,Asana,72
7493,31040,2024-02-27,Low Usage,ClickUp,46
7494,33094,2025-03-24,Missing Features,Slack,113
7495,49518,2023-12-05,Poor Experience,Notion,64
7496,48861,2022-10-18,High Pricing,Slack,62
7497,16390,2022-08-25,Switched Competitor,Slack,54
7498,38811,2023-07-05,Missing Features,Slack,62
7499,22646,2023-10-06,Missing Features,Slack,78
7500,25333,2025-03-18,Low Usage,Asana,5
7501,44324,2023-11-03,Poor Experience,Asana,6
7502,20283,2022-06-18,Technical Issues,Asana,12
7503,12225,2022-04-17,Low Usage,Slack,35
7504,9114,2023-04-14,Poor Experience,Asana,20
7505,31923,2024-04-17,High Pricing,Monday.com,95
7506,10103,2024-06-13,Poor Experience,Monday.com,5
7507,33483,2022-01-15,Low Usage,Notion,49
7508,487,2022-09-18,Low Usage,Asana,35
7509,23635,2024-06-23,Technical Issues,Monday.com,36
7510,41691,2022-03-15,Missing Features,Asana,61
7511,7894,2023-11-22,Poor Experience,Notion,53
7512,33694,2024-09-05,High Pricing,Notion,85
7513,27018,2024-01-16,Low Usage,Monday.com,73
7514,43783,2024-06-18,Technical Issues,Monday.com,49
7515,22554,2022-01-06,Poor Experience,ClickUp,4
7516,41321,2022-02-27,Technical Issues,Slack,37
7517,8698,2023-04-15,Technical Issues,Slack,86
7518,15122,2022-08-14,Missing Features,Asana,99
7519,2032,2023-08-07,High Pricing,ClickUp,23
7520,17960,2024-12-02,Poor Experience,Asana,68
7521,30324,2022-08-23,Switched Competitor,Slack,104
7522,11650,2024-12-29,Low Usage,Slack,43
7523,19986,2024-04-20,Switched Competitor,Slack,97
7524,19917,2022-12-23,High Pricing,Notion,7
7525,13067,2024-09-30,Switched Competitor,Asana,106
7526,34251,2022-12-22,Poor Experience,ClickUp,9
7527,46038,2022-01-26,High Pricing,Notion,113
7528,24155,2024-11-26,Low Usage,Asana,100
7529,42569,2023-04-17,Technical Issues,Notion,25
7530,39701,2024-12-26,Poor Experience,Slack,47
7531,1924,2024-06-20,Switched Competitor,Monday.com,72
7532,7510,2024-03-18,Poor Experience,Slack,113
7533,34489,2022-11-29,Low Usage,Asana,15
7534,38946,2024-05-10,High Pricing,ClickUp,52
7535,37099,2025-01-13,Low Usage,ClickUp,112
7536,40562,2023-12-31,Low Usage,Monday.com,24
7537,4617,2022-10-14,Low Usage,ClickUp,66
7538,3488,2022-10-27,Low Usage,ClickUp,26
7539,45360,2024-03-24,Switched Competitor,Slack,10
7540,20025,2023-12-24,Technical Issues,ClickUp,27
7541,7874,2025-02-01,Missing Features,Slack,35
7542,338,2023-02-24,Technical Issues,Notion,94
7543,17719,2022-07-06,Switched Competitor,Slack,56
7544,6606,2023-04-23,Technical Issues,Notion,86
7545,7991,2022-08-04,Low Usage,ClickUp,9
7546,38823,2024-01-03,High Pricing,ClickUp,102
7547,37582,2025-03-03,Low Usage,Slack,98
7548,10313,2023-08-29,Switched Competitor,Slack,116
7549,30362,2022-09-09,Technical Issues,Slack,65
7550,9903,2023-07-24,Poor Experience,Asana,93
7551,23007,2023-02-13,Technical Issues,Slack,85
7552,15105,2023-04-29,Poor Experience,Asana,34
7553,27461,2023-09-15,Poor Experience,Slack,56
7554,12437,2023-05-14,Poor Experience,Monday.com,3
7555,15678,2022-01-22,Poor Experience,Notion,119
7556,31546,2023-05-31,Switched Competitor,ClickUp,112
7557,34335,2022-04-18,Poor Experience,Slack,39
7558,24496,2022-10-02,Missing Features,ClickUp,34
7559,43058,2023-01-13,Low Usage,Notion,29
7560,9082,2022-01-28,Missing Features,Slack,94
7561,19140,2022-11-23,High Pricing,Monday.com,64
7562,39541,2024-12-24,Low Usage,Slack,37
7563,8040,2022-09-16,Missing Features,Monday.com,76
7564,24552,2022-09-23,Missing Features,ClickUp,40
7565,41590,2023-01-24,Technical Issues,ClickUp,4
7566,26660,2025-01-17,High Pricing,Monday.com,70
7567,46171,2024-06-21,High Pricing,Asana,77
7568,15802,2023-10-05,High Pricing,Monday.com,102
7569,2213,2022-10-13,Missing Features,Asana,80
7570,30370,2024-05-16,Missing Features,Slack,56
7571,37320,2022-10-17,Switched Competitor,ClickUp,110
7572,1147,2023-10-04,Technical Issues,Slack,87
7573,36770,2024-12-01,Switched Competitor,Monday.com,87
7574,22926,2023-02-21,Missing Features,ClickUp,120
7575,47559,2024-05-27,Switched Competitor,Asana,7
7576,41025,2023-01-10,High Pricing,Monday.com,71
7577,117,2022-07-15,Missing Features,Notion,71
7578,20678,2022-03-10,Switched Competitor,Monday.com,96
7579,36512,2023-11-21,Low Usage,Monday.com,48
7580,46635,2022-05-11,Missing Features,Notion,80
7581,2376,2022-05-14,High Pricing,ClickUp,96
7582,18393,2022-03-17,Switched Competitor,Asana,107
7583,13015,2022-01-04,Missing Features,Asana,41
7584,43628,2024-08-21,High Pricing,Notion,61
7585,35574,2022-10-06,Missing Features,Asana,106
7586,23390,2023-12-07,Missing Features,ClickUp,29
7587,49993,2023-12-21,Low Usage,Notion,19
7588,18710,2023-08-26,Switched Competitor,Notion,18
7589,40209,2023-02-27,Poor Experience,Slack,47
7590,14994,2024-08-17,Missing Features,Slack,19
7591,41140,2024-05-07,Poor Experience,Monday.com,11
7592,21972,2024-01-27,Poor Experience,Asana,57
7593,48787,2023-08-28,Poor Experience,Asana,106
7594,3366,2024-02-11,Switched Competitor,Asana,34
7595,28196,2024-11-26,Switched Competitor,Slack,61
7596,34906,2022-04-20,Switched Competitor,Asana,88
7597,45375,2023-12-29,High Pricing,Asana,85
7598,1579,2025-03-04,Switched Competitor,ClickUp,106
7599,26329,2024-01-05,Technical Issues,Asana,93
7600,37148,2024-03-11,High Pricing,ClickUp,87
7601,15716,2023-04-13,Poor Experience,Monday.com,29
7602,46243,2023-01-21,High Pricing,ClickUp,3
7603,20217,2022-02-28,Switched Competitor,ClickUp,85
7604,14565,2022-10-07,High Pricing,Notion,12
7605,46818,2024-06-18,Switched Competitor,ClickUp,114
7606,34214,2022-03-29,Missing Features,Slack,100
7607,14605,2023-09-05,Missing Features,Monday.com,14
7608,43380,2024-06-07,Poor Experience,Monday.com,100
7609,3873,2024-12-08,Switched Competitor,Notion,57
7610,42544,2025-03-29,Technical Issues,Asana,17
7611,44708,2022-03-25,Technical Issues,Slack,72
7612,16083,2023-07-25,High Pricing,ClickUp,10
7613,42857,2024-12-06,Low Usage,Slack,90
7614,43738,2022-06-08,Technical Issues,Monday.com,62
7615,43346,2022-01-18,Technical Issues,ClickUp,103
7616,10306,2023-03-08,Low Usage,Notion,61
7617,33236,2022-08-25,Technical Issues,Notion,14
7618,28077,2025-03-06,Missing Features,Monday.com,20
7619,38956,2024-07-14,Poor Experience,ClickUp,71
7620,34201,2024-03-25,High Pricing,Notion,5
7621,45372,2024-08-19,Switched Competitor,Notion,90
7622,33212,2023-12-05,Switched Competitor,Asana,89
7623,13459,2023-05-11,Low Usage,ClickUp,49
7624,42227,2022-02-17,Low Usage,ClickUp,11
7625,45334,2022-09-23,Low Usage,Asana,92
7626,1508,2022-06-28,High Pricing,Slack,70
7627,24932,2022-01-28,Poor Experience,Monday.com,67
7628,28754,2024-07-30,High Pricing,Asana,94
7629,16820,2024-11-23,Low Usage,Asana,95
7630,33501,2022-02-06,Low Usage,ClickUp,105
7631,6113,2023-10-11,Technical Issues,ClickUp,16
7632,48860,2024-12-07,Missing Features,Monday.com,32
7633,25472,2023-10-12,Low Usage,Monday.com,43
7634,16756,2024-07-14,Technical Issues,Slack,25
7635,96,2024-05-20,Missing Features,Slack,38
7636,8927,2025-01-25,Switched Competitor,Asana,31
7637,5592,2023-01-08,High Pricing,Monday.com,106
7638,44428,2023-10-08,Poor Experience,Monday.com,52
7639,29052,2024-08-17,Missing Features,Slack,113
7640,5264,2023-10-13,High Pricing,Slack,51
7641,16390,2024-10-31,Missing Features,Notion,17
7642,8572,2022-05-12,Technical Issues,ClickUp,43
7643,35670,2023-06-18,Poor Experience,ClickUp,84
7644,33759,2023-04-14,High Pricing,Notion,10
7645,28110,2022-11-04,Switched Competitor,Slack,40
7646,29,2022-12-21,Switched Competitor,ClickUp,106
7647,43720,2024-01-18,Technical Issues,Slack,32
7648,43694,2024-07-09,Poor Experience,Slack,46
7649,23277,2023-04-14,Switched Competitor,Notion,6
7650,15351,2022-02-14,High Pricing,ClickUp,71
7651,23562,2022-05-30,Switched Competitor,Monday.com,9
7652,24803,2023-03-08,High Pricing,Asana,98
7653,1304,2022-07-06,Missing Features,Asana,59
7654,4074,2023-07-01,High Pricing,Slack,3
7655,41841,2024-01-21,High Pricing,Slack,104
7656,13826,2022-04-07,High Pricing,Notion,8
7657,786,2024-08-23,Low Usage,Asana,22
7658,5680,2023-11-08,Low Usage,ClickUp,104
7659,23050,2023-05-31,Low Usage,Notion,116
7660,15151,2024-02-28,Switched Competitor,Asana,39
7661,18646,2024-03-21,Technical Issues,Notion,34
7662,12915,2025-02-21,High Pricing,Monday.com,96
7663,17716,2022-11-03,Poor Experience,ClickUp,57
7664,1944,2022-02-01,Missing Features,Slack,46
7665,29193,2024-01-05,Low Usage,ClickUp,17
7666,31904,2022-06-06,Technical Issues,ClickUp,92
7667,40820,2023-03-11,High Pricing,Monday.com,66
7668,27045,2023-08-13,Technical Issues,Monday.com,6
7669,3569,2025-01-19,Missing Features,Notion,113
7670,27650,2024-12-21,Missing Features,Slack,120
7671,2472,2024-06-16,Poor Experience,Slack,44
7672,19222,2024-10-22,Low Usage,ClickUp,22
7673,34917,2023-06-07,Poor Experience,Monday.com,120
7674,4632,2023-08-07,Low Usage,ClickUp,100
7675,42890,2024-06-26,Technical Issues,Notion,27
7676,25476,2024-11-07,Missing Features,Notion,41
7677,8953,2024-04-05,Low Usage,Notion,45
7678,25490,2024-07-17,Switched Competitor,Notion,76
7679,41731,2022-09-10,Low Usage,Monday.com,46
7680,32524,2023-09-16,Technical Issues,Asana,30
7681,3428,2023-11-03,High Pricing,Monday.com,69
7682,18191,2022-06-13,Technical Issues,ClickUp,90
7683,37282,2022-10-25,High Pricing,Notion,97
7684,20075,2022-09-03,Missing Features,Notion,34
7685,11940,2023-06-17,Poor Experience,Notion,81
7686,37619,2022-03-28,Technical Issues,Slack,51
7687,33087,2024-03-22,Poor Experience,ClickUp,86
7688,17598,2022-01-27,Switched Competitor,Notion,93
7689,36163,2022-09-24,Technical Issues,Notion,62
7690,4033,2022-12-13,High Pricing,Slack,107
7691,49759,2024-02-16,Technical Issues,Monday.com,119
7692,622,2022-10-01,Switched Competitor,ClickUp,42
7693,12469,2022-02-17,Poor Experience,Slack,2
7694,26512,2024-05-11,Switched Competitor,Slack,51
7695,35962,2023-03-08,Technical Issues,Monday.com,88
7696,3409,2022-08-23,Technical Issues,Notion,116
7697,2498,2024-09-07,Missing Features,Asana,30
7698,19657,2023-10-07,Poor Experience,Slack,8
7699,42582,2023-07-31,Technical Issues,ClickUp,53
7700,46317,2024-11-10,Low Usage,Asana,105
7701,6986,2023-03-20,Technical Issues,ClickUp,20
7702,14763,2023-02-21,High Pricing,ClickUp,54
7703,16101,2025-02-01,Technical Issues,ClickUp,26
7704,5172,2025-01-08,Low Usage,ClickUp,82
7705,22243,2025-03-24,Switched Competitor,Asana,25
7706,7403,2022-11-17,High Pricing,Asana,89
7707,3887,2023-11-13,Technical Issues,Slack,60
7708,45650,2023-04-28,Poor Experience,Asana,69
7709,27942,2024-01-03,Low Usage,Notion,90
7710,31517,2022-04-21,Missing Features,Monday.com,82
7711,49399,2023-08-02,Low Usage,Slack,102
7712,17608,2022-10-31,Low Usage,Notion,14
7713,45621,2023-11-25,High Pricing,Notion,29
7714,14906,2022-07-07,Technical Issues,Asana,12
7715,42725,2024-04-20,Low Usage,ClickUp,2
7716,8344,2024-07-05,Missing Features,ClickUp,27
7717,32326,2025-02-11,High Pricing,ClickUp,62
7718,5232,2023-01-15,Missing Features,ClickUp,114
7719,14758,2022-07-17,Low Usage,Notion,95
7720,23042,2024-12-07,Low Usage,Slack,39
7721,21257,2023-06-29,Poor Experience,Asana,111
7722,28043,2022-01-10,Poor Experience,ClickUp,15
7723,689,2022-09-09,Low Usage,Notion,17
7724,30787,2023-09-26,Low Usage,Notion,120
7725,47906,2023-07-12,Missing Features,Monday.com,13
7726,3156,2023-01-17,Poor Experience,Monday.com,75
7727,15291,2025-01-15,Switched Competitor,Monday.com,50
7728,5497,2022-12-26,Technical Issues,Asana,114
7729,20620,2023-05-28,Technical Issues,Notion,55
7730,9522,2024-12-04,High Pricing,ClickUp,66
7731,24259,2024-12-16,Switched Competitor,Slack,34
7732,25164,2024-12-09,Switched Competitor,Notion,42
7733,5631,2024-03-22,Low Usage,ClickUp,28
7734,6347,2024-08-01,Switched Competitor,Notion,66
7735,37378,2022-03-07,Low Usage,Notion,109
7736,23089,2024-02-21,Technical Issues,ClickUp,42
7737,8105,2024-07-27,Switched Competitor,Asana,80
7738,9169,2023-02-07,Technical Issues,Notion,104
7739,31591,2023-01-17,Missing Features,Slack,11
7740,18262,2023-01-04,High Pricing,Asana,97
7741,33483,2022-08-26,Technical Issues,Monday.com,75
7742,19981,2022-09-25,Poor Experience,Notion,24
7743,21393,2023-05-22,Poor Experience,Slack,105
7744,25047,2023-03-19,High Pricing,Monday.com,50
7745,1743,2024-06-24,Poor Experience,Asana,77
7746,30355,2025-01-17,Technical Issues,ClickUp,120
7747,2665,2023-04-04,Poor Experience,Asana,45
7748,196,2023-11-12,Missing Features,Slack,32
7749,45002,2024-05-16,High Pricing,ClickUp,15
7750,14842,2023-10-09,Low Usage,Slack,68
7751,3269,2024-07-25,Missing Features,Monday.com,47
7752,22981,2024-09-01,Missing Features,ClickUp,77
7753,28159,2023-08-13,Poor Experience,Monday.com,80
7754,35677,2023-02-01,High Pricing,Notion,93
7755,16102,2023-03-08,Switched Competitor,Asana,46
7756,4550,2024-09-01,High Pricing,ClickUp,39
7757,27170,2022-11-19,Technical Issues,ClickUp,69
7758,14340,2024-02-15,High Pricing,Monday.com,43
7759,30898,2022-04-18,Switched Competitor,Asana,6
7760,34741,2022-05-31,Poor Experience,ClickUp,22
7761,46261,2023-12-31,High Pricing,ClickUp,76
7762,19646,2023-10-25,Missing Features,Monday.com,90
7763,16352,2022-03-03,Low Usage,Monday.com,109
7764,18294,2023-06-28,Switched Competitor,Notion,102
7765,15437,2024-03-20,Low Usage,Notion,101
7766,36626,2022-07-12,Poor Experience,Notion,7
7767,22984,2023-01-05,Poor Experience,Slack,44
7768,37440,2023-09-23,Poor Experience,Asana,86
7769,14559,2022-01-16,High Pricing,Asana,101
7770,14151,2023-08-28,Switched Competitor,Slack,54
7771,28794,2025-01-19,Poor Experience,Asana,81
7772,14674,2022-01-20,Low Usage,Asana,101
7773,7213,2022-02-05,Technical Issues,ClickUp,107
7774,48335,2022-05-12,Poor Experience,ClickUp,101
7775,8510,2022-10-08,Poor Experience,Slack,50
7776,15246,2024-09-22,Poor Experience,Notion,71
7777,3725,2023-01-03,Technical Issues,Slack,52
7778,19574,2023-06-01,Switched Competitor,Asana,63
7779,30559,2023-01-31,Low Usage,Notion,17
7780,20155,2024-12-22,Missing Features,Asana,68
7781,19658,2022-06-04,Missing Features,ClickUp,74
7782,32784,2023-03-15,Technical Issues,Monday.com,84
7783,27069,2024-07-18,Switched Competitor,Monday.com,14
7784,11227,2023-08-31,Switched Competitor,Notion,109
7785,49530,2023-05-27,High Pricing,Asana,94
7786,29638,2024-01-04,Missing Features,ClickUp,38
7787,7060,2024-10-23,Low Usage,Monday.com,91
7788,22068,2024-08-16,High Pricing,Asana,80
7789,7532,2023-12-22,Switched Competitor,Asana,102
7790,10657,2024-11-11,High Pricing,Monday.com,35
7791,40988,2022-04-18,Low Usage,Notion,96
7792,13638,2023-04-09,Switched Competitor,Asana,28
7793,46445,2023-03-10,High Pricing,Asana,9
7794,31172,2022-04-29,Poor Experience,Slack,100
7795,31030,2023-09-22,Low Usage,Slack,70
7796,3319,2023-03-17,Poor Experience,Notion,71
7797,16286,2022-03-24,Switched Competitor,Slack,120
7798,44974,2022-04-22,Low Usage,Notion,20
7799,7943,2024-07-11,Poor Experience,Asana,12
7800,39726,2024-11-05,Missing Features,Slack,115
7801,7064,2024-11-27,Technical Issues,Asana,78
7802,43506,2025-01-20,Low Usage,Monday.com,31
7803,5387,2023-04-02,Low Usage,Asana,102
7804,12275,2023-06-16,Missing Features,Slack,97
7805,43596,2024-05-24,Technical Issues,ClickUp,107
7806,7530,2024-06-02,Low Usage,Notion,52
7807,27582,2024-08-16,Low Usage,Monday.com,98
7808,8759,2025-04-01,Switched Competitor,Slack,90
7809,15529,2025-01-28,Low Usage,Slack,27
7810,15788,2023-09-28,Missing Features,ClickUp,44
7811,4806,2023-05-27,Technical Issues,Notion,48
7812,18285,2023-03-02,Missing Features,Monday.com,41
7813,7993,2025-02-23,Poor Experience,Slack,34
7814,7153,2022-01-11,Poor Experience,Monday.com,36
7815,29768,2025-04-12,Low Usage,Asana,25
7816,6330,2023-12-27,Low Usage,Asana,107
7817,37750,2022-12-28,Low Usage,Asana,14
7818,1072,2023-06-20,Switched Competitor,ClickUp,48
7819,36977,2024-08-13,High Pricing,Slack,64
7820,21320,2023-01-24,Technical Issues,Monday.com,63
7821,40111,2024-05-06,Technical Issues,ClickUp,50
7822,43527,2022-08-20,Missing Features,Monday.com,5
7823,10112,2024-04-27,Missing Features,Monday.com,114
7824,8745,2022-10-09,High Pricing,Monday.com,18
7825,5652,2023-04-06,Poor Experience,Monday.com,74
7826,12704,2024-06-18,Poor Experience,Monday.com,17
7827,40153,2022-05-31,Poor Experience,Asana,111
7828,13921,2022-01-21,Low Usage,Slack,2
7829,14372,2023-07-24,Poor Experience,Slack,110
7830,31602,2022-12-30,High Pricing,Slack,36
7831,5315,2025-02-24,High Pricing,Slack,1
7832,29471,2024-07-16,High Pricing,Monday.com,103
7833,30059,2023-06-14,Switched Competitor,Asana,117
7834,27454,2022-11-11,Low Usage,ClickUp,88
7835,7962,2023-08-11,High Pricing,Monday.com,24
7836,6459,2022-08-18,Missing Features,Slack,59
7837,27278,2022-11-01,Technical Issues,Notion,91
7838,17665,2024-10-29,Missing Features,Asana,48
7839,7741,2023-03-27,Poor Experience,ClickUp,53
7840,41060,2024-02-13,Missing Features,ClickUp,66
7841,10667,2024-09-10,Missing Features,Monday.com,83
7842,17787,2023-10-21,Low Usage,Asana,81
7843,31525,2024-08-03,Low Usage,Notion,22
7844,20421,2024-07-19,Technical Issues,Slack,120
7845,43881,2023-08-25,Poor Experience,ClickUp,14
7846,36991,2023-08-27,Missing Features,ClickUp,2
7847,19239,2022-07-05,Missing Features,ClickUp,29
7848,11665,2024-08-31,High Pricing,Notion,70
7849,44791,2024-02-22,Switched Competitor,ClickUp,52
7850,6208,2023-04-29,Switched Competitor,Asana,66
7851,41927,2023-08-27,Switched Competitor,Asana,92
7852,14190,2023-01-17,Low Usage,Notion,95
7853,39436,2024-02-03,Switched Competitor,Asana,99
7854,1567,2024-04-25,Low Usage,Slack,101
7855,8982,2022-05-25,Switched Competitor,Notion,17
7856,41994,2022-05-04,Technical Issues,Slack,53
7857,40943,2023-12-06,Poor Experience,ClickUp,35
7858,12808,2022-07-03,Missing Features,Slack,52
7859,6531,2023-09-08,Poor Experience,Monday.com,8
7860,6989,2022-01-16,Missing Features,Notion,65
7861,48909,2024-08-21,Switched Competitor,Notion,112
7862,9723,2023-06-04,Switched Competitor,Slack,2
7863,19630,2025-01-17,High Pricing,Slack,101
7864,46478,2022-02-12,Low Usage,ClickUp,18
7865,32334,2023-07-25,High Pricing,Slack,19
7866,930,2022-11-06,Technical Issues,Slack,80
7867,30474,2024-08-15,Missing Features,Slack,5
7868,38274,2022-02-05,Poor Experience,ClickUp,13
7869,14228,2022-11-21,Switched Competitor,ClickUp,4
7870,20317,2022-12-20,Missing Features,Notion,97
7871,22292,2024-05-16,Technical Issues,Monday.com,99
7872,43448,2022-01-16,Switched Competitor,ClickUp,83
7873,23447,2022-02-22,Switched Competitor,Asana,112
7874,17928,2024-06-29,Poor Experience,Notion,38
7875,29603,2023-10-20,Switched Competitor,Slack,94
7876,22724,2024-02-17,Poor Experience,ClickUp,6
7877,17705,2023-01-26,Missing Features,Slack,38
7878,41027,2022-11-07,High Pricing,Notion,110
7879,43705,2024-04-19,Switched Competitor,Slack,82
7880,4300,2022-01-20,Poor Experience,Notion,17
7881,17513,2022-01-30,Technical Issues,Slack,75
7882,20298,2023-03-26,Missing Features,ClickUp,10
7883,27133,2022-04-12,Missing Features,Slack,6
7884,29291,2024-05-25,Missing Features,ClickUp,60
7885,31234,2023-10-23,Poor Experience,Notion,20
7886,24774,2023-04-08,Technical Issues,ClickUp,63
7887,18656,2022-01-21,Low Usage,Monday.com,65
7888,14883,2024-08-28,Low Usage,ClickUp,114
7889,49430,2023-11-09,Missing Features,Asana,92
7890,34022,2024-01-24,Missing Features,Notion,77
7891,1062,2024-05-04,Low Usage,Notion,11
7892,1701,2023-09-03,Technical Issues,Notion,6
7893,13557,2024-04-08,Switched Competitor,Notion,46
7894,36164,2024-01-15,High Pricing,Monday.com,83
7895,28740,2023-09-07,Technical Issues,Slack,29
7896,20066,2024-07-01,Poor Experience,Monday.com,18
7897,27812,2024-03-23,High Pricing,Monday.com,20
7898,15635,2024-11-01,High Pricing,Notion,103
7899,36628,2024-11-13,Switched Competitor,Monday.com,95
7900,31396,2024-09-21,Low Usage,Slack,14
7901,19304,2022-07-16,High Pricing,Monday.com,15
7902,18969,2024-11-15,Missing Features,Notion,5
7903,32681,2024-02-26,Switched Competitor,Notion,104
7904,40926,2024-11-29,Switched Competitor,ClickUp,24
7905,20368,2022-09-08,Switched Competitor,Asana,118
7906,21882,2025-02-05,Missing Features,Monday.com,37
7907,7569,2024-12-05,Switched Competitor,Slack,45
7908,26320,2024-09-13,Poor Experience,ClickUp,73
7909,26415,2023-01-04,High Pricing,Monday.com,41
7910,13559,2024-03-09,Poor Experience,Monday.com,48
7911,10212,2022-08-19,High Pricing,Slack,119
7912,47888,2022-11-25,Poor Experience,Notion,99
7913,33841,2022-03-13,Technical Issues,Slack,28
7914,9403,2022-01-30,Missing Features,Slack,71
7915,20562,2023-06-28,Poor Experience,Asana,86
7916,9611,2022-11-05,Poor Experience,Monday.com,89
7917,11156,2024-11-16,High Pricing,ClickUp,7
7918,886,2022-12-04,Missing Features,Slack,102
7919,23774,2024-06-11,Low Usage,Asana,25
7920,11631,2024-05-28,Missing Features,Asana,42
7921,8370,2023-03-12,High Pricing,Monday.com,114
7922,103,2025-02-22,Switched Competitor,Slack,64
7923,22895,2022-09-23,Switched Competitor,Slack,20
7924,37230,2024-05-10,Technical Issues,Asana,14
7925,5377,2023-11-24,High Pricing,ClickUp,103
7926,41389,2024-06-25,Missing Features,ClickUp,30
7927,42995,2024-10-06,High Pricing,ClickUp,104
7928,8291,2022-03-03,Low Usage,Slack,98
7929,34553,2022-12-30,Poor Experience,ClickUp,56
7930,22513,2023-08-19,Technical Issues,Notion,22
7931,3195,2025-02-18,Technical Issues,Asana,24
7932,22619,2022-01-08,Missing Features,Monday.com,53
7933,18436,2025-02-14,Missing Features,ClickUp,22
7934,44901,2022-09-26,Missing Features,Asana,108
7935,31974,2024-07-03,Switched Competitor,Notion,2
7936,31650,2024-05-03,Switched Competitor,Asana,23
7937,44000,2023-07-22,Technical Issues,Asana,82
7938,20428,2022-05-18,Switched Competitor,Slack,37
7939,391,2023-05-12,High Pricing,Notion,81
7940,45222,2024-03-08,Switched Competitor,Asana,29
7941,16543,2023-02-05,Poor Experience,Monday.com,115
7942,23349,2024-06-12,Technical Issues,Slack,69
7943,6307,2023-09-18,Missing Features,ClickUp,4
7944,38220,2023-02-19,High Pricing,ClickUp,47
7945,6352,2024-05-26,Missing Features,Asana,59
7946,16455,2024-05-29,Technical Issues,ClickUp,50
7947,8289,2023-02-23,Switched Competitor,Monday.com,117
7948,36208,2024-07-08,High Pricing,ClickUp,88
7949,29530,2022-05-28,Poor Experience,ClickUp,65
7950,32804,2024-10-20,Poor Experience,Slack,106
7951,44564,2024-07-10,Technical Issues,Notion,58
7952,3403,2023-08-19,Missing Features,Asana,30
7953,5180,2023-03-18,Low Usage,ClickUp,19
7954,16442,2024-12-16,Switched Competitor,ClickUp,79
7955,17475,2024-11-05,Technical Issues,Slack,34
7956,44347,2023-06-12,High Pricing,Monday.com,71
7957,13683,2024-10-23,Technical Issues,ClickUp,57
7958,27703,2023-11-21,High Pricing,Monday.com,61
7959,27326,2025-01-23,Poor Experience,Monday.com,46
7960,12954,2023-03-06,Missing Features,Monday.com,76
7961,36968,2022-04-12,Switched Competitor,Monday.com,92
7962,38990,2025-03-13,High Pricing,Slack,32
7963,35334,2022-08-19,Low Usage,Slack,50
7964,17084,2024-08-07,Missing Features,ClickUp,2
7965,41235,2022-01-08,Low Usage,Asana,105
7966,27681,2024-04-21,Technical Issues,ClickUp,9
7967,43024,2024-04-13,Switched Competitor,Slack,14
7968,3093,2024-07-01,High Pricing,Slack,25
7969,19726,2024-09-06,Switched Competitor,Notion,6
7970,41759,2023-05-26,Poor Experience,Notion,112
7971,17166,2023-05-24,High Pricing,Monday.com,28
7972,37522,2023-05-02,Poor Experience,ClickUp,76
7973,33927,2023-05-02,Switched Competitor,Monday.com,80
7974,41016,2024-11-13,Switched Competitor,ClickUp,61
7975,35333,2024-12-11,Technical Issues,Monday.com,42
7976,38444,2023-06-04,Switched Competitor,Asana,35
7977,9590,2024-07-06,Missing Features,Slack,75
7978,35628,2022-01-08,Switched Competitor,Monday.com,51
7979,20472,2022-03-04,Technical Issues,Monday.com,72
7980,27059,2023-12-16,High Pricing,Slack,59
7981,31470,2024-04-25,Technical Issues,Asana,117
7982,12705,2022-04-16,Switched Competitor,Asana,28
7983,5789,2024-08-30,Poor Experience,ClickUp,44
7984,49719,2024-12-31,Missing Features,Monday.com,64
7985,29028,2024-03-27,Missing Features,Slack,39
7986,38111,2024-04-04,Switched Competitor,Notion,57
7987,15030,2022-12-20,Missing Features,ClickUp,84
7988,35453,2024-04-09,Technical Issues,Asana,10
7989,38218,2024-09-09,Switched Competitor,ClickUp,108
7990,32468,2024-10-02,Poor Experience,Monday.com,70
7991,14843,2025-04-03,Low Usage,ClickUp,98
7992,33430,2022-07-20,High Pricing,Notion,73
7993,24291,2022-10-10,Low Usage,Asana,46
7994,18645,2025-01-10,Poor Experience,ClickUp,76
7995,47582,2022-10-14,Low Usage,Slack,97
7996,29018,2024-02-08,Missing Features,Monday.com,78
7997,24048,2023-08-19,Low Usage,Slack,20
7998,21746,2024-04-17,Poor Experience,ClickUp,79
7999,22164,2023-01-16,High Pricing,ClickUp,2
8000,6749,2024-09-24,Poor Experience,Notion,51
8001,35222,2023-09-12,Poor Experience,Notion,19
8002,26373,2022-05-15,Low Usage,ClickUp,18
8003,3065,2023-02-16,Missing Features,Slack,28
8004,13562,2022-07-01,Missing Features,Notion,49
8005,18118,2022-09-10,Poor Experience,Asana,56
8006,30017,2023-07-25,Poor Experience,Asana,82
8007,44391,2023-07-30,Missing Features,ClickUp,82
8008,26180,2025-02-02,Technical Issues,Notion,10
8009,34334,2022-08-18,Switched Competitor,Notion,1
8010,43214,2023-02-26,Switched Competitor,ClickUp,114
8011,8401,2024-12-21,High Pricing,Asana,116
8012,45192,2023-02-19,Low Usage,Notion,71
8013,31776,2024-07-31,Missing Features,Monday.com,112
8014,37244,2022-01-05,Switched Competitor,Slack,73
8015,38612,2024-05-05,Low Usage,Slack,14
8016,15247,2023-02-06,Missing Features,Monday.com,93
8017,32792,2024-06-05,Poor Experience,Asana,52
8018,33915,2024-12-08,Missing Features,Monday.com,99
8019,27560,2022-08-14,High Pricing,Monday.com,11
8020,16729,2023-02-07,Switched Competitor,Notion,4
8021,48941,2022-01-13,Technical Issues,Slack,23
8022,5883,2022-07-03,Switched Competitor,Monday.com,91
8023,14985,2023-11-19,Low Usage,ClickUp,57
8024,20214,2023-01-23,Poor Experience,Monday.com,74
8025,13640,2022-06-05,Poor Experience,Asana,21
8026,40446,2023-08-17,Switched Competitor,Asana,46
8027,44539,2023-07-11,Switched Competitor,ClickUp,117
8028,10996,2024-01-17,Missing Features,Slack,63
8029,21715,2023-02-19,Poor Experience,Notion,8
8030,9686,2022-02-10,Technical Issues,Slack,43
8031,26217,2022-02-13,High Pricing,Notion,1
8032,36553,2024-11-10,Technical Issues,Notion,38
8033,27796,2024-03-09,Switched Competitor,ClickUp,32
8034,48413,2023-06-10,Missing Features,Slack,13
8035,23640,2024-08-25,Technical Issues,Notion,46
8036,29238,2023-06-24,Switched Competitor,Asana,53
8037,14037,2024-10-18,High Pricing,ClickUp,115
8038,7896,2024-10-01,Technical Issues,Asana,66
8039,28208,2025-04-06,Low Usage,ClickUp,18
8040,42174,2024-08-27,Poor Experience,Slack,17
8041,37686,2023-11-12,Poor Experience,ClickUp,61
8042,48711,2023-12-13,Low Usage,Asana,32
8043,28784,2023-10-05,Poor Experience,Slack,22
8044,6221,2022-08-26,Low Usage,Slack,94
8045,13497,2023-04-22,Switched Competitor,Slack,6
8046,14063,2024-03-27,Switched Competitor,ClickUp,14
8047,49657,2023-05-26,Poor Experience,Notion,46
8048,36939,2025-04-06,Missing Features,Monday.com,74
8049,19639,2023-06-29,Poor Experience,Slack,62
8050,25185,2023-04-20,Switched Competitor,Asana,70
8051,32308,2022-05-28,Technical Issues,Asana,10
8052,47870,2023-03-15,High Pricing,Notion,71
8053,27855,2024-09-06,Switched Competitor,Monday.com,59
8054,22370,2024-08-22,Switched Competitor,Notion,74
8055,37092,2024-06-02,High Pricing,Slack,83
8056,20587,2022-07-06,High Pricing,Slack,111
8057,6426,2023-04-07,High Pricing,Monday.com,65
8058,49425,2024-12-29,High Pricing,Asana,79
8059,31578,2023-10-21,Poor Experience,Slack,36
8060,26922,2024-02-08,High Pricing,Slack,5
8061,40207,2024-10-14,Switched Competitor,Asana,46
8062,47156,2024-09-10,Switched Competitor,ClickUp,120
8063,11421,2025-01-03,High Pricing,Asana,14
8064,24853,2023-08-30,Poor Experience,Slack,110
8065,39920,2023-02-15,Missing Features,ClickUp,29
8066,48017,2023-08-28,Missing Features,Monday.com,97
8067,37391,2025-01-20,High Pricing,Slack,83
8068,32531,2024-03-17,High Pricing,ClickUp,28
8069,19274,2024-01-07,Missing Features,ClickUp,29
8070,35419,2024-07-16,Technical Issues,Slack,32
8071,30421,2024-08-18,Technical Issues,Asana,90
8072,4803,2025-01-06,Technical Issues,Notion,35
8073,16600,2024-11-17,Switched Competitor,Notion,28
8074,18603,2023-03-22,Low Usage,Slack,34
8075,1589,2022-09-10,High Pricing,ClickUp,99
8076,27579,2022-01-26,Poor Experience,Notion,27
8077,27098,2024-10-04,Poor Experience,Asana,111
8078,26619,2024-12-12,Poor Experience,Notion,15
8079,2321,2023-02-02,Technical Issues,ClickUp,96
8080,46095,2023-10-17,Technical Issues,Slack,56
8081,24157,2022-03-27,Switched Competitor,ClickUp,93
8082,512,2023-05-03,High Pricing,Slack,46
8083,16514,2024-05-21,Switched Competitor,ClickUp,76
8084,45611,2022-11-26,High Pricing,Asana,33
8085,10451,2023-11-16,High Pricing,ClickUp,39
8086,42755,2025-04-13,High Pricing,Asana,80
8087,12635,2024-11-23,Missing Features,Slack,30
8088,3622,2024-04-15,Low Usage,Asana,53
8089,44373,2022-03-02,Missing Features,ClickUp,101
8090,22122,2022-09-09,Technical Issues,ClickUp,13
8091,12100,2025-02-10,Poor Experience,Asana,92
8092,19634,2022-11-29,Low Usage,Notion,42
8093,46915,2024-05-11,Switched Competitor,Monday.com,48
8094,26516,2022-07-20,Switched Competitor,Monday.com,1
8095,22843,2022-10-12,High Pricing,ClickUp,89
8096,21288,2023-06-14,Poor Experience,Monday.com,64
8097,8480,2025-01-31,High Pricing,Slack,39
8098,12761,2023-05-07,Low Usage,Asana,119
8099,2976,2022-06-07,Missing Features,Slack,9
8100,47662,2022-07-17,Missing Features,Notion,40
8101,18318,2022-11-27,High Pricing,ClickUp,68
8102,22731,2024-02-24,Low Usage,Slack,88
8103,33730,2022-10-21,Switched Competitor,ClickUp,13
8104,10029,2024-01-11,Low Usage,Notion,112
8105,10214,2024-12-27,Missing Features,Notion,1
8106,27720,2023-10-13,Missing Features,Monday.com,16
8107,22696,2023-06-24,High Pricing,Notion,105
8108,29486,2025-04-06,Missing Features,Slack,22
8109,19262,2024-06-26,Poor Experience,Slack,66
8110,19976,2023-09-24,Missing Features,Monday.com,6
8111,37190,2022-10-08,Poor Experience,ClickUp,104
8112,45732,2025-01-16,Poor Experience,Slack,30
8113,10057,2022-01-10,Switched Competitor,Slack,13
8114,1626,2023-05-12,Poor Experience,Notion,11
8115,46739,2023-02-03,Switched Competitor,Asana,41
8116,34982,2025-03-04,Technical Issues,Slack,92
8117,44282,2022-01-16,High Pricing,Monday.com,116
8118,25542,2022-03-22,Missing Features,Notion,6
8119,35934,2023-10-18,High Pricing,Monday.com,92
8120,40651,2022-06-08,Technical Issues,Asana,25
8121,13676,2024-04-17,Low Usage,ClickUp,99
8122,38330,2024-05-05,High Pricing,Notion,84
8123,40694,2023-11-27,Low Usage,Monday.com,113
8124,35293,2024-11-06,Technical Issues,Notion,22
8125,5745,2023-05-09,High Pricing,Notion,100
8126,40742,2024-08-20,Switched Competitor,Monday.com,82
8127,725,2022-12-23,Low Usage,Slack,55
8128,28149,2023-11-24,High Pricing,Slack,14
8129,29320,2023-12-28,High Pricing,Notion,94
8130,6368,2023-03-04,Technical Issues,Notion,73
8131,43562,2024-09-02,Missing Features,Slack,77
8132,6000,2022-11-20,Switched Competitor,Notion,98
8133,11966,2023-08-28,Switched Competitor,Asana,41
8134,40965,2023-04-08,Low Usage,ClickUp,105
8135,42741,2024-08-11,Low Usage,Slack,118
8136,39192,2024-05-11,Technical Issues,Slack,36
8137,40933,2023-01-23,Switched Competitor,Notion,30
8138,34746,2023-05-02,Switched Competitor,Slack,111
8139,2141,2025-02-13,High Pricing,Monday.com,81
8140,33377,2023-04-29,Technical Issues,ClickUp,113
8141,11697,2023-08-01,Technical Issues,Notion,96
8142,48259,2024-04-10,High Pricing,Slack,111
8143,14924,2022-04-04,Technical Issues,Notion,39
8144,8213,2022-05-29,Low Usage,Notion,112
8145,6397,2024-02-28,High Pricing,Monday.com,107
8146,39593,2023-10-08,Poor Experience,Monday.com,16
8147,47142,2024-02-24,Low Usage,Slack,75
8148,45586,2024-07-31,Missing Features,ClickUp,79
8149,10607,2024-12-20,Poor Experience,Monday.com,114
8150,48382,2025-04-01,Switched Competitor,Slack,75
8151,7762,2022-04-05,Missing Features,ClickUp,44
8152,27683,2024-02-24,Low Usage,Monday.com,17
8153,3510,2024-02-23,High Pricing,ClickUp,13
8154,49533,2025-03-15,Missing Features,Slack,117
8155,17060,2023-07-12,High Pricing,Monday.com,24
8156,18819,2023-01-26,High Pricing,Notion,62
8157,26250,2024-05-25,Missing Features,Asana,53
8158,21327,2025-03-02,High Pricing,Notion,20
8159,14117,2025-03-16,High Pricing,Notion,29
8160,6422,2023-06-23,Missing Features,Slack,9
8161,1215,2024-09-04,Switched Competitor,Notion,107
8162,48586,2023-08-25,Switched Competitor,Slack,70
8163,43843,2023-06-06,Switched Competitor,Asana,46
8164,4020,2022-11-10,High Pricing,Asana,38
8165,37986,2024-05-24,Missing Features,Monday.com,28
8166,15947,2022-09-19,Low Usage,Asana,6
8167,5933,2022-03-19,High Pricing,Notion,88
8168,3124,2023-08-31,Switched Competitor,ClickUp,72
8169,10018,2023-10-27,Technical Issues,Notion,81
8170,28002,2025-03-25,Technical Issues,Monday.com,88
8171,9228,2024-11-22,Missing Features,Notion,87
8172,14715,2024-08-03,Low Usage,Slack,73
8173,19062,2024-12-27,Low Usage,ClickUp,10
8174,20732,2022-04-20,Technical Issues,Monday.com,12
8175,16642,2023-11-08,Technical Issues,ClickUp,16
8176,16521,2022-04-11,High Pricing,Slack,41
8177,49495,2022-05-26,Technical Issues,Slack,12
8178,45417,2024-06-23,Low Usage,Notion,74
8179,30858,2024-11-20,Missing Features,Notion,36
8180,4335,2025-02-23,High Pricing,Monday.com,68
8181,11985,2022-01-01,Switched Competitor,Notion,32
8182,29248,2022-01-16,Low Usage,Notion,116
8183,34628,2023-09-02,Missing Features,Monday.com,8
8184,17438,2023-04-01,Low Usage,Monday.com,83
8185,41547,2023-02-13,High Pricing,ClickUp,94
8186,36832,2022-11-02,Poor Experience,Notion,14
8187,22342,2024-09-23,High Pricing,Slack,112
8188,7894,2022-10-08,Low Usage,Monday.com,110
8189,15282,2024-04-23,High Pricing,Asana,36
8190,5354,2023-10-10,High Pricing,Asana,101
8191,35593,2025-04-07,High Pricing,Asana,18
8192,24857,2022-11-12,Low Usage,Asana,60
8193,2867,2024-12-29,Poor Experience,Asana,45
8194,21490,2022-08-06,Poor Experience,Notion,98
8195,806,2023-09-11,Technical Issues,Monday.com,84
8196,30404,2025-02-10,High Pricing,Monday.com,49
8197,28857,2023-11-18,Low Usage,Monday.com,58
8198,12697,2022-01-01,Missing Features,Slack,41
8199,39295,2022-10-03,Missing Features,ClickUp,18
8200,39060,2024-01-16,High Pricing,Slack,10
8201,17325,2024-03-12,Technical Issues,Slack,116
8202,20047,2023-08-16,Switched Competitor,Notion,82
8203,34208,2023-12-04,Technical Issues,Slack,10
8204,31854,2022-06-20,High Pricing,Asana,88
8205,27327,2022-02-06,Poor Experience,Notion,22
8206,16149,2024-07-15,Switched Competitor,Slack,104
8207,49238,2022-07-10,High Pricing,Asana,18
8208,7382,2022-10-16,High Pricing,ClickUp,110
8209,30495,2024-10-22,Missing Features,Monday.com,103
8210,25749,2025-01-29,Missing Features,Asana,114
8211,44604,2022-07-02,Poor Experience,ClickUp,22
8212,20673,2023-09-24,Low Usage,Notion,56
8213,10682,2024-10-07,Missing Features,Monday.com,112
8214,23758,2024-07-26,Missing Features,Notion,52
8215,40619,2025-03-04,Poor Experience,Notion,39
8216,4624,2022-09-26,Poor Experience,Slack,86
8217,48514,2022-04-04,Technical Issues,ClickUp,120
8218,4478,2024-09-20,High Pricing,Slack,110
8219,41354,2024-01-11,Low Usage,ClickUp,83
8220,31649,2022-09-24,High Pricing,Asana,114
8221,30795,2024-07-16,Technical Issues,Notion,36
8222,8063,2024-07-31,Low Usage,Slack,73
8223,34939,2022-02-09,Technical Issues,Monday.com,47
8224,40932,2022-04-29,Switched Competitor,Monday.com,59
8225,3510,2023-03-10,Missing Features,Notion,52
8226,19205,2024-05-26,Poor Experience,Notion,26
8227,18979,2024-02-18,Poor Experience,Slack,101
8228,2351,2022-02-06,High Pricing,Asana,116
8229,33719,2023-07-15,Low Usage,Asana,26
8230,38415,2023-11-06,Missing Features,ClickUp,111
8231,18897,2023-08-18,Low Usage,Asana,36
8232,30713,2024-04-13,High Pricing,Slack,116
8233,36082,2024-02-10,Missing Features,ClickUp,20
8234,25655,2022-05-08,Low Usage,Asana,80
8235,22061,2024-12-31,Technical Issues,Asana,43
8236,34536,2023-11-15,Technical Issues,Asana,31
8237,24256,2024-05-23,Technical Issues,Notion,58
8238,11200,2023-02-14,Low Usage,ClickUp,50
8239,30803,2024-04-02,Technical Issues,Asana,82
8240,20819,2024-06-07,Switched Competitor,Slack,72
8241,22157,2023-03-31,Missing Features,Monday.com,116
8242,26336,2023-08-11,Low Usage,Slack,30
8243,37169,2023-04-05,Low Usage,ClickUp,78
8244,49835,2023-12-08,Low Usage,Notion,74
8245,24079,2023-07-02,Poor Experience,Monday.com,55
8246,26814,2023-09-02,Low Usage,ClickUp,113
8247,1299,2023-05-24,Low Usage,Asana,46
8248,29965,2022-08-06,Technical Issues,ClickUp,78
8249,38689,2024-04-11,Missing Features,Slack,85
8250,10418,2022-07-16,Missing Features,Monday.com,2
8251,19813,2025-01-19,Missing Features,Notion,87
8252,17146,2023-06-25,Technical Issues,Notion,23
8253,32602,2022-01-29,Missing Features,ClickUp,24
8254,33411,2023-08-02,Switched Competitor,Monday.com,67
8255,29898,2023-05-07,Low Usage,ClickUp,88
8256,39840,2022-09-12,Poor Experience,ClickUp,77
8257,9151,2024-02-20,High Pricing,Asana,86
8258,5325,2023-08-27,Low Usage,ClickUp,95
8259,29126,2024-01-14,High Pricing,Asana,2
8260,34536,2025-03-01,Missing Features,Notion,16
8261,30973,2024-01-12,Low Usage,Monday.com,117
8262,20903,2024-09-25,Missing Features,Asana,27
8263,11722,2022-05-16,Poor Experience,Monday.com,60
8264,15275,2023-08-04,Switched Competitor,Slack,39
8265,23001,2023-10-15,High Pricing,ClickUp,103
8266,33120,2023-10-16,Missing Features,Notion,75
8267,1377,2023-07-25,Technical Issues,Monday.com,40
8268,40770,2022-08-28,Switched Competitor,Notion,4
8269,14124,2023-05-27,Switched Competitor,Notion,56
8270,410,2023-05-27,Missing Features,Monday.com,48
8271,22741,2022-01-25,Low Usage,Slack,5
8272,32910,2024-05-01,Switched Competitor,Notion,85
8273,17775,2022-02-11,Missing Features,Asana,50
8274,46448,2023-06-05,Poor Experience,Notion,52
8275,22944,2024-01-24,High Pricing,Slack,62
8276,41882,2024-07-24,Switched Competitor,Slack,40
8277,29126,2025-02-13,Poor Experience,Asana,105
8278,41875,2022-04-24,Low Usage,Asana,33
8279,11878,2023-02-06,Switched Competitor,Asana,71
8280,9704,2023-08-02,Poor Experience,Asana,20
8281,36016,2022-03-13,Poor Experience,Asana,56
8282,25825,2025-03-02,Switched Competitor,Asana,114
8283,49971,2022-06-03,Technical Issues,Slack,117
8284,43084,2022-11-29,High Pricing,Slack,53
8285,18235,2022-06-06,Switched Competitor,Monday.com,12
8286,23672,2023-06-26,Missing Features,Notion,49
8287,20607,2023-11-04,Switched Competitor,ClickUp,101
8288,16787,2023-12-09,Low Usage,Monday.com,12
8289,35619,2024-06-21,Switched Competitor,Slack,5
8290,40524,2023-06-26,Low Usage,Notion,67
8291,43317,2023-12-29,Technical Issues,Asana,22
8292,9709,2023-12-30,Technical Issues,Slack,15
8293,3962,2024-11-25,Missing Features,Asana,33
8294,20228,2024-09-23,Poor Experience,ClickUp,3
8295,16930,2022-05-11,Low Usage,Asana,41
8296,47590,2024-10-13,Low Usage,Slack,65
8297,16410,2023-05-09,Poor Experience,Notion,68
8298,26954,2022-04-22,High Pricing,Slack,21
8299,31668,2022-08-15,High Pricing,Asana,80
8300,35368,2022-12-06,Poor Experience,Asana,113
8301,32897,2022-09-16,Low Usage,Slack,85
8302,10436,2024-03-17,Missing Features,Notion,60
8303,7294,2022-02-10,Low Usage,ClickUp,71
8304,29356,2023-08-03,Poor Experience,Slack,119
8305,48503,2022-11-20,Missing Features,Notion,114
8306,17420,2025-02-02,Low Usage,Notion,48
8307,38490,2023-01-03,High Pricing,Asana,34
8308,18417,2024-04-01,High Pricing,Slack,48
8309,40102,2023-09-01,High Pricing,Slack,52
8310,22535,2023-03-19,Missing Features,Notion,98
8311,19322,2022-04-26,Poor Experience,Monday.com,91
8312,5991,2022-04-27,High Pricing,Notion,66
8313,24081,2022-04-18,Switched Competitor,ClickUp,32
8314,12483,2025-01-26,Switched Competitor,ClickUp,108
8315,2162,2025-02-04,Low Usage,Monday.com,1
8316,22245,2025-02-28,Switched Competitor,Asana,62
8317,28312,2024-10-06,Technical Issues,Monday.com,5
8318,29290,2023-05-17,Technical Issues,Monday.com,103
8319,11928,2024-06-30,Technical Issues,Notion,72
8320,27799,2022-05-19,Switched Competitor,Slack,84
8321,14846,2022-12-13,Low Usage,Asana,41
8322,46349,2025-01-09,High Pricing,Monday.com,69
8323,13702,2022-09-16,High Pricing,Notion,79
8324,5756,2024-07-23,Switched Competitor,Monday.com,119
8325,9541,2022-07-22,Missing Features,Asana,90
8326,17,2022-02-16,Low Usage,Asana,53
8327,48708,2022-06-26,Low Usage,Monday.com,31
8328,46261,2022-01-09,Switched Competitor,Notion,110
8329,8716,2024-12-15,Missing Features,Monday.com,49
8330,48084,2023-11-16,Poor Experience,ClickUp,107
8331,32433,2023-06-20,Technical Issues,Notion,29
8332,11077,2024-04-18,High Pricing,Slack,79
8333,3811,2022-08-13,Low Usage,Slack,108
8334,39895,2024-08-31,Switched Competitor,Slack,16
8335,25170,2023-09-22,High Pricing,Asana,27
8336,49561,2023-01-04,Switched Competitor,Slack,10
8337,26942,2024-01-06,Low Usage,Monday.com,5
8338,47811,2024-01-31,Poor Experience,Monday.com,45
8339,36888,2022-05-20,Poor Experience,Slack,13
8340,28150,2024-11-01,Low Usage,Asana,50
8341,32207,2022-09-26,Poor Experience,ClickUp,85
8342,4970,2024-01-13,Low Usage,Asana,87
8343,9669,2022-07-31,High Pricing,Monday.com,10
8344,39555,2023-04-28,Poor Experience,Slack,88
8345,17929,2022-03-21,Switched Competitor,Monday.com,27
8346,29906,2024-12-05,Switched Competitor,Slack,72
8347,42579,2022-09-05,Missing Features,Notion,10
8348,33099,2023-06-05,Technical Issues,Notion,8
8349,40486,2024-03-22,Switched Competitor,Notion,33
8350,28931,2022-07-12,High Pricing,ClickUp,97
8351,16992,2022-02-04,Switched Competitor,Monday.com,106
8352,30745,2023-10-15,Switched Competitor,ClickUp,49
8353,32572,2023-05-01,Technical Issues,Slack,67
8354,38027,2022-09-02,High Pricing,Slack,51
8355,19903,2024-11-29,Switched Competitor,Slack,3
8356,49430,2024-07-28,Technical Issues,ClickUp,47
8357,865,2024-01-28,Technical Issues,Slack,61
8358,49909,2022-05-10,Low Usage,Slack,63
8359,10119,2024-04-17,Low Usage,Slack,87
8360,18310,2024-12-01,High Pricing,Asana,41
8361,1878,2022-10-04,Low Usage,Asana,43
8362,12305,2024-07-19,Missing Features,Notion,80
8363,31372,2022-06-10,Missing Features,Notion,77
8364,37050,2022-08-02,Missing Features,ClickUp,58
8365,12586,2024-06-03,Low Usage,Asana,80
8366,16134,2024-07-02,Switched Competitor,Asana,89
8367,35215,2023-05-30,High Pricing,Notion,13
8368,34341,2024-10-12,Technical Issues,ClickUp,69
8369,34809,2023-05-23,Missing Features,Asana,91
8370,18879,2023-09-26,Technical Issues,Slack,119
8371,35269,2022-07-16,Switched Competitor,Asana,58
8372,23234,2023-09-13,Missing Features,Monday.com,17
8373,9229,2023-11-07,Poor Experience,Monday.com,101
8374,46413,2022-04-30,Missing Features,Asana,14
8375,10737,2022-01-16,High Pricing,ClickUp,55
8376,668,2025-01-09,Switched Competitor,Notion,70
8377,38577,2024-05-08,Missing Features,Monday.com,119
8378,37682,2022-06-21,Low Usage,Monday.com,3
8379,48347,2023-08-08,Missing Features,Monday.com,40
8380,41274,2023-11-24,Low Usage,Asana,48
8381,29363,2023-05-02,Low Usage,Asana,74
8382,43059,2024-09-26,Poor Experience,Monday.com,18
8383,25708,2022-12-31,Technical Issues,ClickUp,33
8384,12600,2024-08-04,Switched Competitor,Slack,37
8385,13156,2023-06-11,Low Usage,Notion,91
8386,17899,2023-05-20,Missing Features,Asana,53
8387,43724,2022-04-05,Missing Features,Slack,62
8388,26038,2023-11-29,Poor Experience,ClickUp,61
8389,32913,2024-08-14,Technical Issues,Asana,53
8390,27358,2023-02-19,Low Usage,Notion,100
8391,2865,2022-02-27,Low Usage,Slack,31
8392,4257,2024-04-27,Switched Competitor,ClickUp,76
8393,5897,2023-08-24,Low Usage,Notion,47
8394,3171,2024-03-03,High Pricing,ClickUp,58
8395,48789,2022-01-31,Missing Features,Slack,115
8396,39726,2022-04-20,Technical Issues,Asana,8
8397,49249,2024-04-02,High Pricing,ClickUp,54
8398,48634,2023-03-11,Low Usage,Asana,106
8399,17109,2023-08-21,Poor Experience,Notion,12
8400,42834,2023-06-19,High Pricing,Notion,20
8401,21564,2023-02-08,Missing Features,Notion,38
8402,47116,2023-02-24,Low Usage,Notion,85
8403,30621,2022-03-17,Switched Competitor,Slack,73
8404,20769,2022-10-22,High Pricing,Monday.com,19
8405,4015,2024-11-16,High Pricing,Slack,45
8406,42080,2024-12-08,Poor Experience,ClickUp,69
8407,42410,2022-11-11,Missing Features,Slack,110
8408,2978,2024-03-31,Missing Features,Notion,65
8409,26636,2023-06-17,Poor Experience,Asana,23
8410,41655,2023-02-05,Low Usage,Notion,29
8411,6389,2024-11-09,Technical Issues,ClickUp,34
8412,18275,2024-07-13,Switched Competitor,Notion,107
8413,22272,2025-02-16,Low Usage,Notion,29
8414,30617,2022-06-18,Technical Issues,ClickUp,35
8415,15037,2025-03-21,Technical Issues,Notion,20
8416,13881,2022-11-15,Poor Experience,Monday.com,73
8417,42715,2023-01-19,High Pricing,Asana,18
8418,36264,2022-03-06,Missing Features,Slack,35
8419,35527,2023-08-05,Switched Competitor,Monday.com,54
8420,41537,2023-07-30,Poor Experience,Asana,61
8421,46958,2023-02-06,Switched Competitor,Monday.com,70
8422,8884,2025-02-22,Missing Features,Slack,26
8423,49283,2024-10-12,Technical Issues,Notion,43
8424,32863,2023-04-19,High Pricing,Notion,22
8425,38245,2024-12-28,Technical Issues,Monday.com,84
8426,21858,2024-07-17,Missing Features,Monday.com,74
8427,38184,2023-07-26,High Pricing,Slack,66
8428,18429,2023-01-25,Missing Features,ClickUp,24
8429,5566,2023-11-10,Technical Issues,Asana,80
8430,19281,2024-04-29,Missing Features,ClickUp,79
8431,20978,2023-05-24,High Pricing,ClickUp,118
8432,23496,2024-11-23,Low Usage,Slack,71
8433,6249,2023-04-03,Switched Competitor,ClickUp,4
8434,4923,2022-07-03,Low Usage,Slack,23
8435,46976,2023-05-13,Missing Features,Slack,79
8436,32396,2023-01-25,Missing Features,Asana,8
8437,3713,2022-08-06,Technical Issues,Asana,45
8438,16433,2025-03-19,Switched Competitor,Asana,62
8439,35132,2023-04-27,Poor Experience,ClickUp,35
8440,47476,2025-04-15,High Pricing,ClickUp,44
8441,9042,2022-04-10,Missing Features,Asana,6
8442,34569,2023-05-28,Poor Experience,Monday.com,18
8443,19504,2024-08-31,Missing Features,Monday.com,70
8444,29545,2023-12-17,Technical Issues,Monday.com,94
8445,21197,2024-08-06,Low Usage,Monday.com,78
8446,16066,2024-10-23,High Pricing,Notion,75
8447,48733,2022-08-05,High Pricing,Slack,72
8448,47976,2024-03-29,Low Usage,Monday.com,103
8449,32118,2022-03-16,Missing Features,Asana,94
8450,11905,2022-07-23,Technical Issues,Slack,31
8451,44177,2022-02-01,High Pricing,Asana,23
8452,4203,2024-03-13,High Pricing,Slack,36
8453,11062,2024-08-20,Switched Competitor,Slack,13
8454,37518,2023-06-21,High Pricing,ClickUp,91
8455,43759,2024-01-04,Poor Experience,Notion,68
8456,35025,2023-10-27,Poor Experience,ClickUp,105
8457,42327,2024-12-28,Missing Features,Monday.com,10
8458,31499,2022-11-09,High Pricing,Monday.com,54
8459,16327,2022-05-12,Switched Competitor,ClickUp,62
8460,47689,2022-12-08,Low Usage,Slack,49
8461,42170,2022-12-15,Missing Features,Slack,42
8462,30886,2023-01-31,Switched Competitor,ClickUp,78
8463,30680,2022-01-11,Technical Issues,Notion,79
8464,8806,2024-04-29,Missing Features,ClickUp,68
8465,32663,2024-06-27,High Pricing,ClickUp,112
8466,36103,2022-12-04,Technical Issues,Notion,72
8467,7525,2022-09-28,Technical Issues,Monday.com,72
8468,8776,2022-08-29,Missing Features,Slack,19
8469,4966,2022-05-31,Technical Issues,Monday.com,108
8470,4906,2022-05-09,Missing Features,Asana,29
8471,36711,2024-02-29,Switched Competitor,Monday.com,18
8472,40721,2024-02-06,Poor Experience,ClickUp,51
8473,40667,2025-02-16,Switched Competitor,Notion,64
8474,818,2023-07-11,Low Usage,ClickUp,60
8475,20753,2023-10-07,Missing Features,Notion,47
8476,44526,2023-06-20,Low Usage,Asana,25
8477,32296,2025-04-07,Missing Features,ClickUp,97
8478,48065,2024-10-06,Poor Experience,Asana,57
8479,45537,2023-07-17,Switched Competitor,Asana,117
8480,15555,2023-05-04,Technical Issues,Monday.com,76
8481,35812,2024-01-26,Poor Experience,Slack,46
8482,1654,2023-11-28,High Pricing,Notion,59
8483,28739,2024-02-12,Poor Experience,Monday.com,23
8484,20628,2022-05-05,Missing Features,Asana,37
8485,32645,2024-06-15,Poor Experience,Slack,93
8486,21975,2023-10-09,Missing Features,Asana,88
8487,27617,2022-03-17,Low Usage,Asana,62
8488,5641,2022-12-28,Poor Experience,Slack,107
8489,30720,2023-11-08,Missing Features,Slack,32
8490,14088,2024-12-14,Missing Features,Asana,39
8491,49763,2023-09-22,Missing Features,Slack,44
8492,31411,2022-04-12,Low Usage,Notion,87
8493,19299,2025-01-03,Missing Features,Monday.com,89
8494,29872,2024-07-27,Missing Features,Notion,76
8495,29821,2023-08-14,Switched Competitor,Notion,28
8496,6671,2024-11-20,Switched Competitor,Notion,71
8497,11762,2022-12-08,Missing Features,Monday.com,113
8498,24067,2024-12-06,Missing Features,Monday.com,24
8499,4601,2024-10-14,Missing Features,Monday.com,47
8500,43714,2023-10-13,Technical Issues,Monday.com,74
8501,22539,2024-12-27,High Pricing,Slack,5
8502,34289,2022-05-14,Missing Features,Monday.com,14
8503,21993,2024-04-03,Technical Issues,ClickUp,108
8504,4311,2022-07-20,Switched Competitor,ClickUp,17
8505,48623,2022-05-16,Switched Competitor,Notion,14
8506,41568,2024-05-03,Low Usage,Notion,39
8507,37495,2025-02-14,Missing Features,ClickUp,69
8508,38661,2022-06-20,Missing Features,Slack,105
8509,49637,2024-01-19,High Pricing,Asana,47
8510,35933,2024-05-19,High Pricing,Asana,112
8511,28937,2024-10-04,Technical Issues,Monday.com,100
8512,1672,2023-03-12,Low Usage,Asana,84
8513,4668,2024-03-30,Switched Competitor,Slack,36
8514,42222,2024-02-17,Missing Features,Slack,58
8515,11011,2023-12-16,Switched Competitor,ClickUp,57
8516,1401,2023-12-01,Switched Competitor,Slack,75
8517,32495,2022-07-25,Missing Features,Slack,55
8518,27276,2025-01-16,Switched Competitor,Monday.com,114
8519,29387,2025-01-10,Switched Competitor,Slack,109
8520,28324,2022-11-23,Switched Competitor,Asana,86
8521,33130,2024-04-19,Low Usage,Notion,100
8522,38244,2024-05-26,Poor Experience,Asana,120
8523,4164,2022-01-13,Low Usage,ClickUp,33
8524,2968,2024-12-21,Missing Features,Slack,31
8525,36588,2023-03-20,Technical Issues,Notion,107
8526,16750,2023-08-23,Missing Features,Notion,44
8527,4639,2023-07-21,High Pricing,ClickUp,92
8528,3261,2023-06-13,Poor Experience,Slack,38
8529,42357,2023-10-04,Switched Competitor,Monday.com,108
8530,24438,2024-06-27,Technical Issues,Notion,67
8531,2232,2023-01-06,Switched Competitor,Slack,51
8532,30518,2024-02-19,Low Usage,ClickUp,9
8533,41386,2023-04-15,Poor Experience,ClickUp,100
8534,30734,2023-04-07,Switched Competitor,Monday.com,5
8535,6123,2023-01-04,Technical Issues,Monday.com,4
8536,47564,2023-04-08,Switched Competitor,Slack,99
8537,6139,2023-09-10,Low Usage,Monday.com,48
8538,8392,2022-04-29,Low Usage,Notion,87
8539,17318,2023-12-18,Technical Issues,Monday.com,18
8540,30767,2023-05-22,Low Usage,Asana,32
8541,22277,2022-04-28,Low Usage,Slack,101
8542,8193,2023-12-30,Poor Experience,ClickUp,71
8543,6560,2022-01-11,Missing Features,ClickUp,75
8544,18534,2022-05-15,Technical Issues,Monday.com,87
8545,24323,2022-09-09,Switched Competitor,Monday.com,22
8546,4339,2024-12-30,Technical Issues,Notion,53
8547,8273,2023-09-27,Missing Features,Slack,117
8548,38243,2023-08-21,Switched Competitor,Asana,54
8549,2747,2024-07-20,Low Usage,ClickUp,108
8550,26396,2023-11-04,Technical Issues,Slack,59
8551,46552,2024-09-21,Poor Experience,ClickUp,44
8552,2313,2024-09-08,Switched Competitor,Slack,105
8553,31226,2024-12-14,Poor Experience,Monday.com,112
8554,36780,2024-03-06,Poor Experience,Asana,69
8555,162,2022-06-14,Missing Features,Monday.com,1
8556,21628,2022-11-08,Low Usage,Notion,120
8557,21587,2024-09-15,Missing Features,Monday.com,39
8558,45663,2022-05-02,Switched Competitor,Monday.com,6
8559,26069,2023-11-30,Missing Features,Slack,99
8560,11591,2024-09-14,High Pricing,Asana,20
8561,6891,2022-06-15,Poor Experience,Slack,75
8562,4259,2024-04-12,High Pricing,Notion,91
8563,42389,2023-07-17,Low Usage,Monday.com,33
8564,35352,2022-12-16,Technical Issues,Slack,90
8565,18914,2023-12-23,Missing Features,Asana,21
8566,43167,2024-07-17,Technical Issues,Asana,107
8567,15312,2024-06-24,Missing Features,Asana,97
8568,48668,2023-02-03,Low Usage,Asana,17
8569,48263,2022-07-07,Switched Competitor,Asana,92
8570,37596,2023-05-12,Poor Experience,Monday.com,89
8571,27522,2024-09-01,Poor Experience,Asana,63
8572,36517,2023-07-19,Switched Competitor,Notion,39
8573,17969,2024-03-05,High Pricing,Asana,100
8574,20482,2023-11-10,High Pricing,Asana,79
8575,44415,2024-11-02,Poor Experience,ClickUp,7
8576,32741,2024-11-14,Missing Features,Slack,10
8577,6680,2024-09-16,Technical Issues,Monday.com,108
8578,23248,2024-10-18,Low Usage,Notion,116
8579,46204,2023-12-06,High Pricing,Notion,31
8580,42871,2022-08-10,Low Usage,Asana,7
8581,12609,2024-07-23,Technical Issues,Asana,27
8582,26721,2022-08-21,Low Usage,Slack,45
8583,19684,2024-12-12,Missing Features,Monday.com,60
8584,27072,2025-01-30,Poor Experience,ClickUp,63
8585,15251,2022-03-17,Poor Experience,Slack,46
8586,3144,2023-03-12,Low Usage,Notion,78
8587,40984,2023-07-12,Low Usage,Slack,114
8588,26907,2022-09-01,Poor Experience,Monday.com,43
8589,40795,2023-05-03,Missing Features,Slack,2
8590,48462,2024-09-13,Missing Features,Slack,78
8591,47693,2022-02-11,Low Usage,Slack,87
8592,11189,2023-04-21,High Pricing,Notion,37
8593,12340,2025-02-28,Poor Experience,Monday.com,98
8594,4245,2024-08-05,Missing Features,Asana,57
8595,45771,2023-02-08,Poor Experience,Asana,116
8596,48401,2023-04-19,Poor Experience,Monday.com,81
8597,23607,2024-12-10,High Pricing,Slack,16
8598,7213,2023-08-26,Switched Competitor,Notion,86
8599,21119,2023-12-02,Missing Features,ClickUp,82
8600,13307,2023-02-20,Missing Features,Asana,31
8601,45533,2024-10-01,High Pricing,Slack,104
8602,32308,2024-05-31,Switched Competitor,Asana,79
8603,25108,2024-08-19,Low Usage,Notion,29
8604,41723,2024-04-24,Low Usage,Monday.com,73
8605,49629,2022-11-19,High Pricing,Notion,35
8606,30802,2024-03-04,Low Usage,ClickUp,65
8607,28878,2024-11-24,Missing Features,Asana,27
8608,18071,2022-02-28,Missing Features,Slack,49
8609,23926,2022-10-26,Switched Competitor,Notion,6
8610,28552,2023-07-30,Poor Experience,ClickUp,83
8611,14172,2024-10-29,Low Usage,Slack,38
8612,46680,2025-01-27,Switched Competitor,Notion,32
8613,39912,2023-11-18,Switched Competitor,Asana,94
8614,26404,2022-02-23,Low Usage,Notion,33
8615,21158,2024-05-14,Missing Features,Slack,21
8616,8497,2024-01-31,Switched Competitor,Monday.com,26
8617,41286,2022-07-07,Missing Features,Notion,118
8618,17024,2023-07-24,Switched Competitor,Notion,97
8619,27165,2022-10-24,Switched Competitor,Slack,20
8620,35654,2024-04-28,Switched Competitor,Slack,13
8621,20758,2022-09-24,Poor Experience,Notion,71
8622,20620,2024-11-09,Switched Competitor,Slack,77
8623,37736,2023-05-19,Low Usage,Notion,110
8624,25170,2023-10-12,Technical Issues,Notion,97
8625,9557,2023-01-14,Switched Competitor,Asana,73
8626,32999,2024-11-07,Poor Experience,Slack,46
8627,17559,2022-11-17,Poor Experience,Monday.com,54
8628,18344,2024-11-29,Low Usage,Slack,9
8629,40859,2023-12-19,Missing Features,Notion,86
8630,4040,2023-10-15,Missing Features,ClickUp,81
8631,40023,2024-06-20,Technical Issues,ClickUp,74
8632,5158,2024-03-31,High Pricing,Notion,2
8633,31409,2022-07-01,Switched Competitor,Monday.com,46
8634,28760,2024-01-13,Switched Competitor,Monday.com,29
8635,7396,2024-05-10,Missing Features,ClickUp,75
8636,46986,2022-03-08,Switched Competitor,Monday.com,18
8637,6177,2024-12-31,Low Usage,Notion,3
8638,43689,2024-07-10,Low Usage,Slack,70
8639,11383,2025-02-02,Switched Competitor,Notion,71
8640,18046,2023-02-06,Poor Experience,ClickUp,119
8641,25463,2024-04-04,Missing Features,Slack,28
8642,37170,2024-02-02,Low Usage,ClickUp,5
8643,37444,2023-08-03,Poor Experience,Asana,9
8644,2695,2024-04-26,Poor Experience,ClickUp,10
8645,45121,2023-08-25,Switched Competitor,Monday.com,114
8646,48411,2022-08-06,High Pricing,ClickUp,95
8647,337,2022-02-21,Low Usage,Slack,40
8648,596,2022-11-22,Technical Issues,Monday.com,79
8649,23807,2022-06-19,Low Usage,Asana,6
8650,37958,2023-06-02,Technical Issues,Notion,54
8651,47712,2025-01-14,Technical Issues,Notion,67
8652,36792,2022-09-03,Poor Experience,Asana,58
8653,39995,2023-12-20,Poor Experience,Notion,20
8654,41095,2022-05-22,Poor Experience,Slack,80
8655,37369,2022-02-03,Switched Competitor,ClickUp,48
8656,47892,2025-03-24,Switched Competitor,Slack,65
8657,19486,2022-07-31,Low Usage,Slack,119
8658,4655,2025-04-12,Missing Features,Slack,28
8659,15675,2025-01-25,Poor Experience,Asana,89
8660,28445,2024-03-28,Technical Issues,Notion,1
8661,49741,2022-09-01,Missing Features,Slack,25
8662,41608,2023-09-21,Poor Experience,ClickUp,83
8663,3322,2022-07-04,Switched Competitor,ClickUp,42
8664,33465,2023-04-27,Missing Features,ClickUp,73
8665,41356,2025-01-15,Missing Features,ClickUp,87
8666,654,2022-07-03,Low Usage,Monday.com,60
8667,26785,2024-09-13,Low Usage,Monday.com,109
8668,45028,2023-10-11,Poor Experience,Slack,5
8669,20682,2024-11-06,Technical Issues,Asana,30
8670,8165,2022-08-27,Technical Issues,Slack,37
8671,36782,2024-08-22,Low Usage,Asana,32
8672,21813,2024-08-25,Switched Competitor,Notion,10
8673,23844,2023-04-24,Switched Competitor,Asana,82
8674,30847,2023-02-04,Poor Experience,ClickUp,97
8675,44739,2024-10-26,Poor Experience,Asana,12
8676,39873,2025-01-03,High Pricing,ClickUp,82
8677,38044,2024-02-02,Poor Experience,Monday.com,53
8678,28741,2023-02-13,Poor Experience,Monday.com,31
8679,31885,2024-09-07,Switched Competitor,Asana,98
8680,49516,2024-05-26,Technical Issues,Slack,46
8681,775,2024-11-25,High Pricing,Monday.com,59
8682,4073,2023-12-26,Poor Experience,Asana,72
8683,27418,2023-08-19,Poor Experience,ClickUp,86
8684,12436,2024-07-15,Low Usage,Asana,35
8685,1208,2023-06-11,Low Usage,Notion,24
8686,45611,2023-05-12,High Pricing,Asana,93
8687,2128,2022-03-10,Low Usage,Slack,100
8688,10988,2025-02-12,Poor Experience,Notion,34
8689,44148,2024-03-27,Technical Issues,Monday.com,102
8690,708,2023-08-13,Technical Issues,ClickUp,52
8691,12179,2023-07-16,High Pricing,ClickUp,94
8692,2307,2023-09-22,Switched Competitor,Monday.com,51
8693,48512,2024-07-08,Missing Features,Monday.com,101
8694,28631,2024-04-12,Poor Experience,Monday.com,64
8695,6734,2024-02-10,High Pricing,Notion,92
8696,15751,2023-03-26,Switched Competitor,Slack,5
8697,49525,2023-03-04,High Pricing,ClickUp,64
8698,1973,2022-10-27,Poor Experience,Slack,71
8699,3449,2023-06-24,High Pricing,ClickUp,37
8700,47733,2022-09-22,Switched Competitor,ClickUp,62
8701,46678,2023-06-01,High Pricing,Asana,66
8702,28319,2022-09-08,Missing Features,Monday.com,34
8703,49167,2022-06-24,Switched Competitor,Notion,52
8704,1560,2025-04-06,Low Usage,Asana,39
8705,4097,2023-04-11,Technical Issues,ClickUp,84
8706,12879,2024-08-12,High Pricing,Monday.com,67
8707,46408,2024-06-14,Technical Issues,Notion,117
8708,41519,2022-10-30,Switched Competitor,ClickUp,119
8709,10785,2024-01-11,Missing Features,Asana,120
8710,29932,2024-01-09,Poor Experience,Monday.com,33
8711,44441,2022-01-11,Low Usage,ClickUp,2
8712,38221,2023-03-02,Poor Experience,Monday.com,62
8713,256,2024-06-02,Switched Competitor,Monday.com,30
8714,23350,2023-10-13,Missing Features,Asana,65
8715,40963,2025-02-20,Low Usage,Slack,99
8716,49052,2023-12-19,Low Usage,Asana,106
8717,25495,2022-03-30,Low Usage,Monday.com,3
8718,29645,2024-01-11,Missing Features,Slack,86
8719,15902,2023-05-17,High Pricing,ClickUp,24
8720,28054,2024-12-20,Technical Issues,ClickUp,83
8721,10393,2023-05-20,Poor Experience,Notion,54
8722,41006,2022-04-24,Poor Experience,Monday.com,89
8723,44420,2024-07-04,Technical Issues,ClickUp,111
8724,1431,2025-01-27,Low Usage,Asana,110
8725,46809,2024-04-28,Poor Experience,ClickUp,95
8726,19177,2023-11-17,High Pricing,Asana,65
8727,25157,2022-02-01,Switched Competitor,ClickUp,55
8728,34004,2023-10-26,High Pricing,Slack,60
8729,12062,2023-02-18,Switched Competitor,ClickUp,78
8730,28102,2024-07-25,Missing Features,ClickUp,8
8731,48986,2022-12-12,Missing Features,Notion,61
8732,42869,2022-01-29,Low Usage,Notion,34
8733,38914,2024-11-30,Missing Features,Asana,80
8734,33148,2023-03-29,Technical Issues,Asana,34
8735,8712,2022-01-12,Poor Experience,Notion,75
8736,27891,2022-03-13,Missing Features,Slack,82
8737,8747,2022-01-16,High Pricing,ClickUp,92
8738,4225,2022-07-19,Poor Experience,Slack,18
8739,41543,2023-07-12,High Pricing,Slack,3
8740,5622,2022-07-04,Technical Issues,Slack,9
8741,9151,2022-04-01,High Pricing,Asana,113
8742,32999,2024-07-29,Missing Features,Notion,111
8743,5102,2022-05-28,High Pricing,ClickUp,4
8744,23896,2022-10-29,Poor Experience,ClickUp,49
8745,19330,2023-12-17,Low Usage,ClickUp,46
8746,25822,2024-01-16,High Pricing,ClickUp,88
8747,36038,2022-02-21,Technical Issues,ClickUp,50
8748,24351,2022-02-07,Switched Competitor,Monday.com,57
8749,4549,2024-07-12,Missing Features,ClickUp,112
8750,9074,2025-02-26,Technical Issues,Slack,34
8751,37838,2023-02-28,High Pricing,Asana,108
8752,13720,2023-08-03,Missing Features,ClickUp,93
8753,19907,2022-04-09,Switched Competitor,Monday.com,30
8754,33656,2022-10-11,Low Usage,ClickUp,52
8755,6612,2023-06-02,High Pricing,Monday.com,107
8756,37749,2022-11-17,Switched Competitor,Slack,58
8757,26919,2024-10-16,Missing Features,Asana,100
8758,3212,2022-05-24,Missing Features,Slack,24
8759,38595,2024-08-01,Low Usage,Slack,90
8760,30149,2024-10-21,Switched Competitor,Monday.com,78
8761,23766,2024-04-13,Poor Experience,ClickUp,120
8762,521,2023-09-08,High Pricing,ClickUp,69
8763,14624,2022-09-05,Poor Experience,Monday.com,91
8764,2512,2022-01-26,High Pricing,Monday.com,58
8765,5089,2024-03-14,High Pricing,Slack,41
8766,47990,2023-08-29,Poor Experience,Asana,86
8767,10570,2025-01-20,High Pricing,Asana,50
8768,44065,2024-12-26,Poor Experience,Notion,69
8769,49132,2025-01-31,Missing Features,ClickUp,1
8770,8171,2025-03-03,Missing Features,Notion,43
8771,29681,2022-11-24,Missing Features,Slack,111
8772,23311,2024-12-06,Switched Competitor,Slack,46
8773,41885,2024-10-05,Switched Competitor,Slack,11
8774,8566,2024-02-21,High Pricing,Slack,18
8775,23887,2022-11-25,Poor Experience,Notion,112
8776,24003,2023-01-07,Poor Experience,Monday.com,12
8777,2013,2022-09-19,High Pricing,Asana,38
8778,32828,2024-07-22,Low Usage,Notion,30
8779,34112,2022-09-20,Missing Features,Notion,88
8780,32103,2022-03-10,Missing Features,Notion,9
8781,10737,2024-04-24,Low Usage,Monday.com,1
8782,28845,2023-01-30,Low Usage,ClickUp,67
8783,32876,2023-02-27,Switched Competitor,ClickUp,106
8784,38440,2024-02-05,Poor Experience,Monday.com,88
8785,43881,2024-07-03,High Pricing,ClickUp,77
8786,20818,2022-06-05,Missing Features,Monday.com,88
8787,44071,2022-09-06,Switched Competitor,ClickUp,19
8788,13158,2022-09-20,Missing Features,Notion,70
8789,13032,2022-08-21,Missing Features,Notion,113
8790,19843,2022-08-21,Missing Features,Monday.com,120
8791,38013,2022-05-31,Missing Features,Slack,76
8792,2090,2022-10-03,Technical Issues,Monday.com,92
8793,27962,2024-09-28,High Pricing,Notion,6
8794,27328,2025-02-10,Low Usage,ClickUp,82
8795,39250,2024-04-09,Poor Experience,Asana,89
8796,1260,2023-06-23,Switched Competitor,Slack,15
8797,29864,2023-06-21,Technical Issues,Notion,42
8798,42239,2024-02-21,Technical Issues,Asana,70
8799,27603,2024-04-07,Technical Issues,Asana,56
8800,11298,2023-07-28,Missing Features,ClickUp,103
8801,29615,2024-07-27,Technical Issues,Monday.com,89
8802,18618,2024-03-26,Low Usage,Asana,15
8803,40412,2022-02-13,Low Usage,Monday.com,13
8804,1770,2025-03-15,Low Usage,Asana,111
8805,41888,2024-12-04,High Pricing,Asana,100
8806,3255,2024-11-12,High Pricing,Notion,24
8807,22940,2022-07-27,Poor Experience,Monday.com,65
8808,14671,2024-12-25,Technical Issues,Asana,63
8809,28186,2023-09-30,Low Usage,Monday.com,80
8810,45575,2022-11-11,Poor Experience,Asana,84
8811,20676,2022-07-25,Poor Experience,Slack,22
8812,26568,2023-01-18,Switched Competitor,ClickUp,95
8813,48133,2023-09-26,High Pricing,Monday.com,21
8814,49934,2024-10-27,Missing Features,Asana,65
8815,44628,2024-08-20,Technical Issues,Monday.com,19
8816,17831,2022-04-05,Low Usage,Asana,86
8817,2911,2025-02-08,Poor Experience,Monday.com,20
8818,27964,2022-01-04,Missing Features,Monday.com,95
8819,12000,2023-07-27,Switched Competitor,Notion,60
8820,45731,2022-02-10,Switched Competitor,Notion,18
8821,21698,2023-11-15,Poor Experience,Notion,18
8822,18316,2023-12-05,Poor Experience,Notion,81
8823,41485,2023-04-05,Technical Issues,Asana,44
8824,49107,2024-03-19,Technical Issues,Asana,25
8825,10872,2022-07-18,Technical Issues,Asana,71
8826,26320,2024-08-28,Poor Experience,Slack,50
8827,16400,2023-04-07,Low Usage,Monday.com,61
8828,31585,2022-05-07,Poor Experience,Notion,46
8829,26861,2025-02-09,Technical Issues,ClickUp,76
8830,35680,2023-01-02,Poor Experience,Asana,44
8831,3892,2023-06-13,Technical Issues,Notion,93
8832,47333,2023-03-28,Poor Experience,Monday.com,49
8833,43218,2023-12-06,Switched Competitor,Slack,20
8834,34024,2022-10-05,High Pricing,Monday.com,80
8835,24073,2022-03-20,Poor Experience,ClickUp,74
8836,10878,2022-01-05,Poor Experience,Asana,102
8837,940,2024-10-14,Poor Experience,ClickUp,112
8838,10209,2022-11-24,Missing Features,Monday.com,76
8839,3072,2024-02-28,Missing Features,Monday.com,12
8840,7963,2022-04-08,Technical Issues,Asana,22
8841,32905,2025-02-24,High Pricing,Notion,34
8842,8475,2022-04-30,Poor Experience,Asana,76
8843,36613,2022-01-10,Missing Features,Slack,71
8844,28700,2023-04-25,Missing Features,ClickUp,115
8845,37804,2025-02-13,Switched Competitor,Asana,43
8846,34947,2023-09-27,Poor Experience,Slack,21
8847,28561,2024-06-13,Missing Features,Notion,115
8848,32404,2024-11-15,High Pricing,Monday.com,56
8849,39692,2024-04-20,Missing Features,Monday.com,58
8850,24014,2022-12-22,Low Usage,ClickUp,106
8851,7897,2024-12-27,Switched Competitor,Monday.com,105
8852,42152,2022-01-31,Poor Experience,Asana,69
8853,27053,2022-10-20,Poor Experience,Asana,19
8854,49386,2022-07-05,Switched Competitor,Notion,15
8855,49399,2025-04-01,Switched Competitor,Slack,72
8856,41753,2023-10-20,Poor Experience,Asana,39
8857,6039,2022-03-16,Switched Competitor,Monday.com,76
8858,43219,2023-07-05,Low Usage,Notion,57
8859,46548,2023-06-01,Switched Competitor,Asana,55
8860,14545,2024-04-15,Poor Experience,Slack,93
8861,6176,2024-04-17,Missing Features,Notion,32
8862,45599,2023-05-19,Technical Issues,ClickUp,19
8863,15562,2024-10-18,Technical Issues,Asana,119
8864,39353,2022-03-22,Switched Competitor,ClickUp,115
8865,48440,2024-12-30,High Pricing,Asana,4
8866,8022,2022-05-02,Poor Experience,Asana,64
8867,18205,2022-01-30,High Pricing,Slack,19
8868,23928,2024-03-18,Technical Issues,ClickUp,58
8869,42368,2023-08-30,Low Usage,ClickUp,93
8870,21637,2024-11-15,Switched Competitor,ClickUp,35
8871,36788,2023-01-06,Poor Experience,Monday.com,73
8872,23958,2023-12-19,Missing Features,Monday.com,31
8873,30499,2025-01-25,Low Usage,Slack,96
8874,4563,2023-11-10,High Pricing,Asana,37
8875,18035,2023-12-04,High Pricing,Monday.com,114
8876,4326,2024-06-21,Missing Features,ClickUp,41
8877,9685,2024-09-20,Poor Experience,ClickUp,82
8878,29704,2024-05-12,Poor Experience,Notion,76
8879,4917,2024-11-04,Poor Experience,Slack,3
8880,36160,2022-09-12,Low Usage,ClickUp,30
8881,2696,2025-03-08,Technical Issues,Notion,60
8882,32720,2022-05-20,Low Usage,Monday.com,103
8883,5972,2023-01-30,Technical Issues,Slack,30
8884,47284,2022-01-14,Switched Competitor,Monday.com,41
8885,16769,2024-09-13,Switched Competitor,Notion,41
8886,28556,2023-11-19,High Pricing,Notion,76
8887,16676,2024-08-23,High Pricing,Asana,84
8888,30670,2022-02-02,Low Usage,Asana,87
8889,13426,2024-05-06,Poor Experience,Asana,102
8890,40747,2024-10-31,Switched Competitor,Notion,79
8891,17964,2023-05-16,Poor Experience,Slack,78
8892,21703,2024-10-31,Technical Issues,ClickUp,10
8893,46473,2022-05-29,Low Usage,Slack,65
8894,12334,2022-02-21,Missing Features,Slack,35
8895,40773,2023-09-04,Switched Competitor,Notion,14
8896,20417,2023-06-03,Missing Features,Slack,93
8897,30030,2024-08-10,Technical Issues,Slack,60
8898,35593,2022-08-29,Low Usage,Notion,93
8899,48116,2023-04-13,High Pricing,Monday.com,39
8900,11421,2023-04-05,High Pricing,ClickUp,65
8901,45897,2022-10-10,High Pricing,Asana,80
8902,36799,2022-03-24,Missing Features,Notion,111
8903,24694,2022-06-01,Poor Experience,Notion,111
8904,44575,2023-02-28,Low Usage,Slack,13
8905,10987,2023-05-04,Poor Experience,Asana,53
8906,40631,2022-05-12,Technical Issues,ClickUp,55
8907,22972,2024-05-11,Technical Issues,ClickUp,42
8908,26343,2024-04-28,Technical Issues,ClickUp,42
8909,17329,2022-08-21,High Pricing,Monday.com,47
8910,14291,2023-07-02,Missing Features,Monday.com,32
8911,23264,2022-09-15,Missing Features,Asana,13
8912,49165,2022-01-26,Technical Issues,Asana,93
8913,19042,2023-04-01,Low Usage,Notion,39
8914,48440,2025-02-14,Technical Issues,Monday.com,17
8915,600,2023-12-06,Low Usage,Slack,59
8916,48502,2022-06-08,Technical Issues,Slack,4
8917,24464,2025-03-27,High Pricing,Asana,86
8918,41901,2023-11-12,Poor Experience,Slack,37
8919,1171,2024-10-15,Technical Issues,Asana,27
8920,7065,2023-03-01,Poor Experience,Monday.com,19
8921,30957,2023-04-04,Switched Competitor,ClickUp,100
8922,31921,2023-12-05,High Pricing,Notion,107
8923,8649,2022-12-25,Missing Features,ClickUp,8
8924,19182,2023-06-27,Poor Experience,Asana,71
8925,6095,2022-08-24,Low Usage,Notion,43
8926,49721,2024-04-10,Low Usage,Slack,29
8927,47382,2023-06-26,Poor Experience,ClickUp,35
8928,21110,2024-05-19,Low Usage,Notion,113
8929,10506,2022-12-15,Poor Experience,Slack,41
8930,27821,2024-09-02,Switched Competitor,Slack,11
8931,35677,2025-01-16,Switched Competitor,Monday.com,100
8932,22838,2023-02-27,High Pricing,Asana,106
8933,49827,2022-03-28,Switched Competitor,Slack,87
8934,26377,2024-06-24,Low Usage,Slack,22
8935,25476,2024-08-10,Switched Competitor,Slack,3
8936,43757,2022-10-11,Low Usage,Monday.com,51
8937,29762,2023-10-11,High Pricing,Asana,22
8938,46976,2023-09-27,Switched Competitor,ClickUp,19
8939,24348,2023-07-13,Poor Experience,Monday.com,98
8940,15238,2023-05-29,Missing Features,Monday.com,53
8941,13690,2022-07-26,Technical Issues,Monday.com,63
8942,664,2024-12-20,Missing Features,Monday.com,53
8943,10277,2024-01-09,Technical Issues,Asana,63
8944,31073,2024-08-15,Missing Features,ClickUp,46
8945,47267,2024-05-22,Poor Experience,ClickUp,3
8946,16805,2023-04-11,Low Usage,Slack,92
8947,9502,2025-03-20,Technical Issues,Slack,109
8948,23666,2024-08-08,Poor Experience,Slack,48
8949,6887,2023-01-16,Technical Issues,Monday.com,69
8950,30543,2022-03-03,High Pricing,Slack,98
8951,5863,2023-08-30,Missing Features,Monday.com,6
8952,898,2022-04-28,Switched Competitor,Monday.com,2
8953,11052,2024-12-29,Technical Issues,ClickUp,72
8954,34077,2022-10-12,Switched Competitor,Asana,73
8955,35951,2024-11-12,Poor Experience,ClickUp,107
8956,11919,2022-06-24,Poor Experience,Monday.com,52
8957,28948,2024-04-21,Switched Competitor,Monday.com,115
8958,4987,2023-02-07,Switched Competitor,ClickUp,106
8959,19266,2024-05-18,Low Usage,Notion,103
8960,3359,2022-07-08,Low Usage,Notion,86
8961,47381,2023-10-01,Technical Issues,Asana,113
8962,14777,2024-04-14,High Pricing,ClickUp,3
8963,38088,2024-10-03,Low Usage,Notion,15
8964,19947,2023-09-15,Poor Experience,ClickUp,72
8965,21383,2024-06-15,Poor Experience,Notion,83
8966,5374,2022-01-08,Low Usage,Slack,74
8967,7467,2022-10-02,High Pricing,ClickUp,9
8968,42511,2023-04-26,Missing Features,Slack,2
8969,34624,2024-09-05,Switched Competitor,Slack,99
8970,6188,2022-04-04,Missing Features,ClickUp,20
8971,26324,2023-09-06,Low Usage,Monday.com,32
8972,32910,2023-02-15,Switched Competitor,Slack,15
8973,31280,2023-07-07,High Pricing,Notion,109
8974,35795,2023-07-30,Switched Competitor,Monday.com,63
8975,23060,2022-01-22,Technical Issues,ClickUp,103
8976,40762,2023-04-03,Poor Experience,Slack,72
8977,29964,2023-05-20,Poor Experience,Notion,24
8978,38873,2023-10-17,Poor Experience,ClickUp,107
8979,38279,2024-04-16,High Pricing,Asana,42
8980,14538,2022-03-12,Low Usage,Asana,7
8981,25723,2024-12-01,Poor Experience,ClickUp,39
8982,18215,2024-11-02,Poor Experience,Notion,30
8983,31423,2024-04-23,Missing Features,Slack,70
8984,34893,2022-05-19,Missing Features,Slack,70
8985,3872,2024-07-13,Poor Experience,Asana,57
8986,23114,2024-12-22,Low Usage,Notion,56
8987,37731,2022-01-10,Technical Issues,Monday.com,42
8988,1930,2024-08-18,Technical Issues,ClickUp,61
8989,16608,2024-11-05,Poor Experience,Monday.com,20
8990,27191,2022-06-24,Low Usage,ClickUp,43
8991,26862,2024-08-14,Technical Issues,ClickUp,43
8992,12263,2022-03-30,High Pricing,Asana,77
8993,12060,2022-11-21,Low Usage,Notion,52
8994,20874,2022-07-09,Missing Features,Monday.com,103
8995,49902,2022-10-26,Technical Issues,Monday.com,14
8996,23085,2024-12-01,Technical Issues,Notion,109
8997,18015,2022-02-26,Low Usage,Monday.com,33
8998,7059,2024-07-20,Technical Issues,ClickUp,42
8999,28792,2024-11-21,Poor Experience,Slack,68
9000,2749,2023-09-14,Missing Features,ClickUp,110
9001,35402,2024-07-28,Technical Issues,Monday.com,82
9002,4863,2025-04-08,Technical Issues,Slack,34
9003,8127,2022-06-12,Low Usage,Slack,82
9004,40005,2024-07-22,Technical Issues,Asana,31
9005,24172,2025-03-30,Poor Experience,Monday.com,56
9006,35810,2023-09-21,Switched Competitor,Slack,1
9007,10498,2022-11-04,Poor Experience,ClickUp,10
9008,46282,2023-01-24,Technical Issues,ClickUp,17
9009,14667,2023-02-04,High Pricing,Monday.com,100
9010,22134,2024-03-23,High Pricing,Notion,58
9011,16472,2024-12-13,Switched Competitor,ClickUp,66
9012,47006,2024-04-14,High Pricing,Asana,53
9013,43139,2023-01-06,Missing Features,Monday.com,56
9014,20959,2025-04-08,Poor Experience,ClickUp,67
9015,16723,2022-06-27,High Pricing,Asana,118
9016,5318,2023-03-19,Technical Issues,Notion,92
9017,37224,2024-10-03,Switched Competitor,Slack,56
9018,48715,2022-06-11,Technical Issues,Asana,99
9019,15680,2024-09-24,Poor Experience,Monday.com,2
9020,12173,2025-03-23,Low Usage,Asana,11
9021,23645,2023-01-11,Switched Competitor,Slack,63
9022,3175,2022-04-03,Poor Experience,Asana,20
9023,18155,2025-03-28,Poor Experience,ClickUp,81
9024,13086,2024-04-13,Missing Features,Asana,61
9025,3711,2025-03-28,Technical Issues,Slack,89
9026,17787,2024-11-12,Technical Issues,Slack,120
9027,40343,2023-04-05,Switched Competitor,ClickUp,43
9028,5063,2023-06-19,Switched Competitor,Notion,80
9029,13081,2025-01-15,Missing Features,ClickUp,56
9030,6255,2023-11-16,Switched Competitor,Asana,89
9031,28040,2023-10-22,Switched Competitor,Notion,84
9032,6181,2022-05-17,High Pricing,Slack,21
9033,24291,2023-10-14,Poor Experience,Asana,77
9034,17468,2025-04-04,Missing Features,Notion,21
9035,5244,2023-02-08,Low Usage,Slack,82
9036,20138,2023-09-03,Low Usage,Notion,51
9037,43142,2023-11-23,Low Usage,Slack,63
9038,25662,2023-12-14,Low Usage,Asana,100
9039,38480,2023-01-29,High Pricing,Slack,29
9040,18232,2023-07-07,Low Usage,ClickUp,7
9041,5827,2022-06-08,Technical Issues,Asana,5
9042,43214,2025-02-21,High Pricing,ClickUp,105
9043,39615,2022-01-07,Switched Competitor,Monday.com,112
9044,22104,2022-05-06,High Pricing,ClickUp,71
9045,36681,2024-01-11,Technical Issues,Asana,119
9046,38777,2023-10-03,Technical Issues,Asana,83
9047,26560,2022-06-23,Low Usage,ClickUp,111
9048,27899,2023-08-09,Switched Competitor,Monday.com,118
9049,24626,2024-10-21,Poor Experience,Slack,119
9050,36127,2022-06-29,Low Usage,Monday.com,57
9051,30256,2023-06-09,Low Usage,Notion,15
9052,17199,2022-02-08,Missing Features,Notion,52
9053,42394,2022-05-19,Technical Issues,Notion,102
9054,11767,2025-02-16,Low Usage,Notion,22
9055,14307,2022-07-05,Technical Issues,Monday.com,38
9056,23733,2023-06-24,Missing Features,Asana,28
9057,25036,2024-10-14,High Pricing,Asana,94
9058,8120,2022-11-18,Poor Experience,Slack,48
9059,41515,2023-05-23,Poor Experience,ClickUp,53
9060,35046,2024-09-12,High Pricing,Slack,54
9061,30127,2024-08-17,Switched Competitor,ClickUp,94
9062,21355,2024-05-28,Poor Experience,Monday.com,29
9063,40565,2024-06-10,Switched Competitor,ClickUp,53
9064,29270,2024-02-29,Poor Experience,Asana,70
9065,43319,2022-10-26,Technical Issues,Notion,85
9066,18232,2025-04-02,Low Usage,Monday.com,118
9067,44936,2023-06-30,Technical Issues,Monday.com,115
9068,48454,2023-03-06,Missing Features,Monday.com,15
9069,38720,2022-05-27,High Pricing,Monday.com,20
9070,26707,2024-05-09,Switched Competitor,Monday.com,65
9071,43471,2023-02-01,Technical Issues,Notion,89
9072,3546,2024-08-08,Missing Features,Slack,2
9073,16978,2023-09-26,High Pricing,Asana,46
9074,21940,2024-11-15,Low Usage,Asana,67
9075,33860,2024-03-07,Poor Experience,ClickUp,6
9076,23476,2025-03-18,Missing Features,Monday.com,33
9077,46670,2023-06-16,Missing Features,Monday.com,87
9078,23060,2024-06-07,Switched Competitor,Asana,8
9079,4132,2022-04-20,Missing Features,Notion,26
9080,38665,2023-05-14,Switched Competitor,Slack,56
9081,15209,2024-08-08,High Pricing,ClickUp,53
9082,15628,2022-12-07,Technical Issues,Notion,38
9083,28220,2023-03-08,Low Usage,ClickUp,104
9084,1744,2022-11-10,Switched Competitor,Slack,68
9085,45473,2024-07-06,Low Usage,Asana,46
9086,15982,2023-01-06,Switched Competitor,Monday.com,115
9087,34534,2023-05-24,Technical Issues,Asana,5
9088,47912,2024-11-02,High Pricing,Slack,20
9089,46977,2024-07-10,High Pricing,Asana,83
9090,32885,2023-06-14,Technical Issues,Monday.com,69
9091,38562,2023-10-24,Poor Experience,Monday.com,22
9092,1828,2023-08-06,Poor Experience,Notion,73
9093,6029,2025-02-22,High Pricing,Asana,87
9094,2122,2022-08-29,Poor Experience,Monday.com,111
9095,22931,2025-03-05,Low Usage,Notion,14
9096,10866,2022-05-07,Poor Experience,Slack,79
9097,26206,2024-03-14,Low Usage,Slack,36
9098,14087,2023-07-04,Switched Competitor,Asana,89
9099,31233,2024-07-07,Low Usage,ClickUp,115
9100,1549,2023-06-03,Poor Experience,Asana,112
9101,8922,2022-03-18,Switched Competitor,ClickUp,22
9102,23033,2025-01-05,Low Usage,Monday.com,19
9103,6363,2024-03-15,Low Usage,ClickUp,116
9104,12339,2025-01-13,Low Usage,Notion,75
9105,15988,2025-01-12,Low Usage,Asana,102
9106,15051,2023-10-26,Switched Competitor,ClickUp,16
9107,9616,2024-10-17,Poor Experience,Monday.com,23
9108,25830,2022-12-28,Poor Experience,Asana,82
9109,27007,2024-09-05,High Pricing,Notion,90
9110,48658,2022-06-07,High Pricing,Slack,26
9111,26973,2022-07-20,Missing Features,Notion,118
9112,6731,2024-06-17,Technical Issues,ClickUp,81
9113,13505,2025-01-19,Technical Issues,Slack,73
9114,48854,2023-10-09,Technical Issues,Monday.com,14
9115,33037,2023-03-22,High Pricing,Asana,47
9116,819,2022-11-20,Missing Features,Notion,84
9117,40256,2022-01-11,Low Usage,Monday.com,65
9118,24753,2023-05-01,Technical Issues,Slack,83
9119,36480,2024-09-26,Missing Features,Monday.com,73
9120,1037,2022-10-13,High Pricing,Monday.com,15
9121,37360,2024-07-26,Poor Experience,Slack,62
9122,27605,2024-10-23,Technical Issues,ClickUp,9
9123,41238,2023-07-15,Poor Experience,Asana,55
9124,15647,2022-05-09,High Pricing,Notion,93
9125,9100,2025-01-19,Technical Issues,Asana,61
9126,15215,2024-06-04,Poor Experience,Monday.com,41
9127,24080,2024-10-31,Poor Experience,Asana,88
9128,37421,2024-10-10,Switched Competitor,Notion,15
9129,3655,2024-09-30,High Pricing,Notion,77
9130,49117,2024-10-06,Technical Issues,Asana,95
9131,1576,2025-02-18,Switched Competitor,Monday.com,109
9132,23447,2024-04-10,Switched Competitor,ClickUp,61
9133,1904,2022-06-28,Poor Experience,Slack,18
9134,49404,2024-02-09,Low Usage,Notion,74
9135,5577,2025-03-27,Poor Experience,Notion,78
9136,2115,2022-11-11,Poor Experience,ClickUp,11
9137,39891,2023-11-27,Low Usage,Notion,49
9138,5460,2024-10-31,Poor Experience,Notion,13
9139,39801,2022-01-16,High Pricing,Asana,62
9140,1451,2024-09-19,Technical Issues,ClickUp,66
9141,19996,2024-11-17,Missing Features,Notion,74
9142,33030,2022-01-04,Switched Competitor,Monday.com,60
9143,21623,2023-08-20,Poor Experience,Slack,102
9144,275,2024-07-22,Technical Issues,Asana,101
9145,31960,2024-08-07,High Pricing,ClickUp,25
9146,16613,2023-02-28,Poor Experience,Asana,8
9147,47607,2024-10-26,Technical Issues,Monday.com,4
9148,14067,2022-11-10,Low Usage,ClickUp,107
9149,25824,2023-01-06,Poor Experience,Asana,62
9150,12986,2022-10-01,Missing Features,Slack,103
9151,4545,2024-05-16,Low Usage,Slack,105
9152,9747,2023-09-26,Poor Experience,Slack,57
9153,44823,2023-10-22,Low Usage,Slack,78
9154,41977,2022-08-05,Poor Experience,Slack,23
9155,1677,2022-02-05,Technical Issues,Notion,16
9156,27744,2025-03-06,Missing Features,Slack,99
9157,21320,2023-10-30,High Pricing,Notion,114
9158,46778,2023-12-05,Technical Issues,Monday.com,71
9159,42180,2023-11-28,Low Usage,ClickUp,53
9160,26444,2024-08-10,Poor Experience,Monday.com,102
9161,47984,2024-05-03,Low Usage,ClickUp,16
9162,16231,2022-08-09,Low Usage,Slack,34
9163,18198,2024-04-12,Switched Competitor,Slack,86
9164,31872,2022-07-02,Missing Features,Asana,109
9165,20,2024-09-27,Switched Competitor,Slack,50
9166,14135,2024-06-15,Missing Features,Slack,118
9167,26434,2023-01-11,High Pricing,ClickUp,13
9168,13768,2025-04-07,Switched Competitor,Slack,48
9169,28268,2023-12-11,Low Usage,ClickUp,109
9170,37883,2022-09-23,Poor Experience,ClickUp,61
9171,47062,2023-08-29,High Pricing,Notion,14
9172,20107,2024-03-21,High Pricing,Notion,42
9173,13762,2024-01-31,Missing Features,Monday.com,27
9174,15070,2023-01-08,Missing Features,Asana,106
9175,46568,2023-02-06,Missing Features,ClickUp,17
9176,13471,2025-02-06,Low Usage,Slack,29
9177,39219,2024-10-31,Technical Issues,Slack,64
9178,32662,2024-02-16,Switched Competitor,Notion,8
9179,47559,2022-10-06,Switched Competitor,Monday.com,20
9180,25697,2024-05-14,Technical Issues,Slack,72
9181,2368,2023-03-31,High Pricing,Slack,117
9182,48258,2023-12-29,Low Usage,ClickUp,102
9183,36416,2023-11-11,Missing Features,Slack,81
9184,6739,2022-02-18,Switched Competitor,ClickUp,58
9185,47178,2023-12-07,Switched Competitor,Slack,69
9186,40500,2023-03-23,Missing Features,Slack,76
9187,42160,2022-03-14,Missing Features,Notion,116
9188,46336,2024-11-25,Low Usage,Monday.com,87
9189,10338,2024-12-19,Low Usage,Notion,96
9190,44556,2024-07-08,Switched Competitor,ClickUp,14
9191,49845,2022-10-13,Switched Competitor,Slack,28
9192,24306,2022-02-16,High Pricing,ClickUp,96
9193,758,2022-11-22,Low Usage,Asana,37
9194,1437,2023-03-18,Low Usage,Notion,67
9195,36980,2024-11-04,Low Usage,Slack,113
9196,4070,2022-01-27,High Pricing,Monday.com,33
9197,49870,2022-04-09,Missing Features,ClickUp,50
9198,25825,2022-02-20,Switched Competitor,Slack,33
9199,12602,2024-07-31,Technical Issues,Asana,117
9200,11922,2024-09-04,Technical Issues,Slack,88
9201,3004,2024-09-09,Poor Experience,Notion,2
9202,3085,2024-12-27,Missing Features,Monday.com,88
9203,22404,2024-10-01,Low Usage,Monday.com,97
9204,29337,2023-12-12,Missing Features,Slack,16
9205,38925,2022-07-17,Missing Features,ClickUp,33
9206,36638,2025-02-28,High Pricing,Asana,116
9207,25801,2023-05-12,High Pricing,Asana,45
9208,26848,2025-02-21,Switched Competitor,Asana,71
9209,32183,2024-09-01,Poor Experience,ClickUp,91
9210,44086,2025-01-25,Missing Features,Monday.com,28
9211,26755,2023-06-08,Switched Competitor,ClickUp,85
9212,32535,2023-11-17,Poor Experience,ClickUp,115
9213,26724,2022-03-22,Low Usage,Notion,15
9214,44292,2023-08-23,Missing Features,ClickUp,51
9215,30465,2024-04-27,Low Usage,Notion,32
9216,33934,2024-05-11,Low Usage,Notion,83
9217,13819,2022-01-03,Missing Features,Monday.com,2
9218,1904,2022-10-04,High Pricing,Notion,104
9219,45304,2023-07-03,Low Usage,Notion,5
9220,13211,2023-12-17,Poor Experience,ClickUp,94
9221,43422,2022-03-19,Low Usage,Asana,14
9222,24180,2024-10-13,Low Usage,ClickUp,35
9223,48151,2024-10-22,Low Usage,Slack,77
9224,45108,2023-08-04,Switched Competitor,Notion,103
9225,18401,2022-08-25,Switched Competitor,Monday.com,118
9226,24743,2024-07-27,Poor Experience,Asana,108
9227,22516,2025-03-24,Poor Experience,Notion,61
9228,8312,2022-02-06,Low Usage,Monday.com,42
9229,16476,2022-12-09,Missing Features,Monday.com,81
9230,13561,2024-05-20,Technical Issues,Slack,113
9231,34782,2022-01-18,Low Usage,Monday.com,74
9232,45910,2025-02-19,Technical Issues,Notion,33
9233,49463,2025-03-29,Poor Experience,Slack,39
9234,33120,2024-03-04,Technical Issues,Slack,115
9235,16143,2023-04-17,Missing Features,Notion,109
9236,34843,2023-12-23,High Pricing,Monday.com,96
9237,7830,2023-06-01,Switched Competitor,Notion,12
9238,33429,2024-01-13,Low Usage,Asana,10
9239,39152,2023-07-03,High Pricing,Monday.com,105
9240,22825,2022-10-11,Technical Issues,Slack,33
9241,33453,2024-03-13,Switched Competitor,Notion,24
9242,38714,2023-11-02,Poor Experience,Asana,92
9243,30114,2024-02-29,Missing Features,ClickUp,110
9244,22959,2023-05-08,Switched Competitor,Asana,62
9245,22867,2024-06-15,Missing Features,Slack,111
9246,36720,2023-06-22,Low Usage,Notion,112
9247,44914,2024-11-05,Technical Issues,Slack,11
9248,5628,2022-12-27,Missing Features,Asana,116
9249,48694,2023-01-05,Low Usage,Notion,11
9250,44584,2025-04-08,High Pricing,ClickUp,10
9251,30943,2024-05-19,Poor Experience,Notion,119
9252,39646,2022-11-26,Technical Issues,ClickUp,31
9253,26671,2023-02-04,Poor Experience,Asana,77
9254,42228,2023-05-27,Technical Issues,Slack,39
9255,10584,2022-08-06,Missing Features,Monday.com,57
9256,34213,2024-04-17,Switched Competitor,Asana,113
9257,27801,2024-10-07,Low Usage,Slack,57
9258,37817,2022-09-11,Poor Experience,Slack,107
9259,35079,2022-04-16,Low Usage,ClickUp,15
9260,20890,2023-11-01,Low Usage,Notion,94
9261,7034,2022-09-25,Poor Experience,Notion,51
9262,13951,2025-04-08,Low Usage,Monday.com,36
9263,30772,2023-09-02,Technical Issues,Monday.com,23
9264,20096,2024-03-17,Switched Competitor,Asana,22
9265,15173,2025-03-04,Switched Competitor,Monday.com,20
9266,4955,2025-01-30,Low Usage,Monday.com,80
9267,27262,2022-03-02,High Pricing,ClickUp,108
9268,21613,2022-11-14,Poor Experience,Slack,120
9269,12622,2023-02-03,Missing Features,ClickUp,8
9270,12335,2022-02-03,Poor Experience,Asana,16
9271,22069,2024-08-17,Missing Features,Monday.com,118
9272,18442,2023-03-15,Poor Experience,Monday.com,40
9273,9372,2022-10-27,Missing Features,Slack,73
9274,48064,2023-06-30,Switched Competitor,ClickUp,26
9275,47424,2022-11-03,Low Usage,ClickUp,9
9276,35006,2025-01-22,Poor Experience,Slack,36
9277,15045,2024-10-01,Poor Experience,Slack,30
9278,22946,2023-09-14,Technical Issues,Slack,87
9279,35353,2023-06-28,Technical Issues,ClickUp,31
9280,13425,2022-03-20,High Pricing,Notion,33
9281,23974,2024-06-17,Low Usage,ClickUp,12
9282,33796,2022-10-04,Poor Experience,Notion,74
9283,38352,2022-05-26,Technical Issues,Monday.com,80
9284,10860,2022-12-02,Poor Experience,ClickUp,119
9285,25702,2024-04-02,Low Usage,Slack,62
9286,11203,2023-01-16,Poor Experience,Monday.com,120
9287,49495,2022-05-07,Technical Issues,Asana,29
9288,41803,2023-07-08,Poor Experience,Slack,39
9289,8441,2022-12-30,Technical Issues,Monday.com,42
9290,25069,2022-10-31,Technical Issues,Notion,7
9291,21584,2024-07-09,Switched Competitor,Slack,15
9292,17564,2024-04-26,High Pricing,ClickUp,88
9293,40734,2024-01-03,Missing Features,Notion,46
9294,23214,2022-01-04,Low Usage,Monday.com,45
9295,8454,2023-12-12,Low Usage,Asana,89
9296,19481,2023-06-15,High Pricing,Slack,27
9297,1192,2022-09-03,Technical Issues,Notion,64
9298,27731,2025-01-19,Missing Features,Notion,107
9299,6453,2022-02-05,Poor Experience,Notion,67
9300,18755,2022-09-12,Missing Features,Notion,18
9301,28717,2024-04-06,Poor Experience,Slack,53
9302,13537,2022-10-28,Technical Issues,Monday.com,75
9303,31445,2023-09-20,Missing Features,Monday.com,68
9304,2949,2024-08-26,Switched Competitor,ClickUp,35
9305,29707,2023-02-12,Poor Experience,Monday.com,65
9306,26332,2024-12-07,Missing Features,Notion,24
9307,3693,2024-10-23,High Pricing,Slack,6
9308,40973,2023-09-28,Technical Issues,Monday.com,75
9309,35741,2023-09-18,Switched Competitor,Slack,115
9310,48644,2024-05-05,High Pricing,ClickUp,91
9311,41495,2023-11-21,Poor Experience,ClickUp,90
9312,19017,2023-01-13,Switched Competitor,ClickUp,28
9313,24695,2024-03-31,High Pricing,Asana,70
9314,24126,2024-05-02,Poor Experience,Notion,81
9315,27368,2024-07-16,Missing Features,Slack,43
9316,37882,2024-05-20,Poor Experience,ClickUp,61
9317,12823,2024-07-31,Low Usage,Notion,3
9318,27351,2024-05-15,Missing Features,Asana,40
9319,33336,2023-03-04,Switched Competitor,Monday.com,6
9320,12194,2022-10-14,Technical Issues,ClickUp,107
9321,31071,2025-02-25,Switched Competitor,ClickUp,111
9322,22919,2024-11-07,Poor Experience,Slack,31
9323,36808,2023-04-14,Poor Experience,Monday.com,58
9324,38660,2023-01-15,Technical Issues,Notion,91
9325,42506,2023-09-09,Poor Experience,Asana,102
9326,14607,2024-08-07,Switched Competitor,Slack,84
9327,34812,2023-07-03,Low Usage,Notion,54
9328,21666,2024-05-04,Low Usage,Monday.com,94
9329,36685,2022-11-24,Switched Competitor,ClickUp,34
9330,41302,2024-12-08,High Pricing,ClickUp,67
9331,23336,2024-10-18,Switched Competitor,Notion,88
9332,1492,2023-06-30,Poor Experience,Notion,70
9333,40452,2024-12-20,Poor Experience,Monday.com,47
9334,32626,2023-03-04,Technical Issues,Notion,116
9335,16958,2024-10-17,Poor Experience,Slack,20
9336,42642,2024-01-27,Technical Issues,Monday.com,30
9337,30906,2024-03-06,Poor Experience,Notion,57
9338,5542,2024-07-28,Low Usage,Monday.com,21
9339,40112,2024-06-04,High Pricing,ClickUp,115
9340,15901,2022-01-24,Switched Competitor,ClickUp,101
9341,46183,2024-06-17,Poor Experience,Notion,19
9342,31604,2024-10-24,High Pricing,Monday.com,46
9343,157,2023-08-01,Poor Experience,Monday.com,36
9344,7536,2025-02-18,Poor Experience,Slack,54
9345,47163,2024-05-18,Switched Competitor,Asana,91
9346,28608,2022-12-06,Poor Experience,Asana,65
9347,49947,2023-08-22,Switched Competitor,Asana,98
9348,444,2024-08-23,Technical Issues,Monday.com,31
9349,39696,2023-12-16,Poor Experience,Asana,17
9350,28263,2022-04-01,Missing Features,Monday.com,57
9351,5925,2023-11-03,Switched Competitor,Asana,90
9352,2635,2024-08-19,Poor Experience,Notion,75
9353,29595,2024-05-18,Switched Competitor,Monday.com,116
9354,5765,2024-11-05,Poor Experience,Monday.com,30
9355,21471,2022-02-12,Technical Issues,Asana,55
9356,12015,2022-07-17,Poor Experience,Asana,63
9357,19868,2023-01-28,High Pricing,Slack,99
9358,38925,2022-05-27,Missing Features,Notion,10
9359,3894,2024-12-01,Switched Competitor,ClickUp,102
9360,34223,2024-03-03,High Pricing,Monday.com,112
9361,28646,2024-03-22,Technical Issues,Slack,10
9362,39624,2024-05-17,Technical Issues,Monday.com,117
9363,32777,2023-11-28,Switched Competitor,Monday.com,54
9364,19704,2022-06-20,Poor Experience,Slack,23
9365,20130,2022-02-15,Poor Experience,ClickUp,94
9366,23901,2023-09-01,Poor Experience,Asana,82
9367,48989,2022-04-15,Missing Features,Slack,76
9368,21827,2022-10-11,Missing Features,Monday.com,62
9369,4601,2023-04-02,Missing Features,Monday.com,95
9370,19381,2024-01-28,Switched Competitor,Monday.com,115
9371,39838,2025-03-09,Missing Features,Notion,51
9372,19136,2025-04-12,Low Usage,Asana,36
9373,19329,2023-03-18,Switched Competitor,Notion,17
9374,12689,2023-01-22,Missing Features,Monday.com,108
9375,13613,2023-10-03,Low Usage,ClickUp,57
9376,24248,2022-08-04,Poor Experience,Monday.com,29
9377,91,2022-09-22,Poor Experience,Asana,65
9378,48853,2025-02-21,Technical Issues,Monday.com,113
9379,43531,2023-10-28,Technical Issues,Asana,18
9380,44433,2024-01-25,Poor Experience,Asana,43
9381,11622,2023-07-03,Switched Competitor,Notion,7
9382,37903,2023-11-05,Missing Features,ClickUp,2
9383,15934,2023-07-25,High Pricing,ClickUp,60
9384,138,2022-01-25,Low Usage,Asana,61
9385,29682,2024-09-17,Switched Competitor,Monday.com,104
9386,26195,2024-09-10,Switched Competitor,Notion,79
9387,6283,2022-08-15,Low Usage,Notion,33
9388,46924,2022-09-24,Technical Issues,Monday.com,64
9389,9389,2022-10-12,Switched Competitor,Monday.com,22
9390,2015,2022-02-04,Poor Experience,Asana,4
9391,19825,2023-04-07,Switched Competitor,ClickUp,111
9392,9764,2025-01-14,Low Usage,ClickUp,57
9393,14788,2023-12-04,Low Usage,Notion,66
9394,41974,2024-01-07,Technical Issues,ClickUp,102
9395,25453,2025-03-12,Low Usage,Notion,4
9396,39284,2023-05-17,Poor Experience,Asana,4
9397,33699,2023-04-02,Low Usage,Asana,102
9398,49600,2023-09-02,Switched Competitor,ClickUp,102
9399,46002,2024-03-28,High Pricing,Slack,24
9400,8946,2022-03-10,Missing Features,Notion,24
9401,25535,2023-04-09,Poor Experience,ClickUp,111
9402,47326,2022-01-18,Missing Features,ClickUp,34
9403,27887,2023-03-30,Switched Competitor,ClickUp,120
9404,39393,2023-08-26,Technical Issues,Notion,91
9405,5429,2022-10-25,Switched Competitor,Monday.com,75
9406,48088,2023-09-14,Technical Issues,Slack,83
9407,28000,2023-11-02,Switched Competitor,Slack,66
9408,38699,2024-02-26,Poor Experience,ClickUp,61
9409,31939,2024-02-02,High Pricing,ClickUp,57
9410,43141,2023-08-20,Low Usage,Notion,46
9411,45365,2023-05-16,Low Usage,Asana,93
9412,12014,2022-03-12,Technical Issues,Monday.com,55
9413,7120,2023-05-22,Missing Features,Notion,50
9414,26197,2023-12-21,Low Usage,Notion,43
9415,23421,2022-03-06,High Pricing,Monday.com,104
9416,45095,2023-01-10,High Pricing,Asana,41
9417,15069,2025-01-12,Technical Issues,Notion,73
9418,37280,2024-07-31,Low Usage,Monday.com,112
9419,37828,2025-01-06,Technical Issues,Asana,111
9420,3750,2022-05-26,Low Usage,ClickUp,61
9421,31902,2025-03-13,Switched Competitor,ClickUp,8
9422,47914,2024-01-21,Low Usage,Notion,117
9423,47724,2023-02-13,Poor Experience,ClickUp,57
9424,43397,2023-08-18,Low Usage,Monday.com,76
9425,40251,2022-07-31,Low Usage,Notion,42
9426,9300,2023-03-21,Low Usage,Slack,7
9427,28214,2022-12-15,High Pricing,Slack,52
9428,45688,2022-04-13,Technical Issues,Slack,84
9429,16692,2023-08-21,Poor Experience,Monday.com,105
9430,22313,2024-05-12,High Pricing,Notion,120
9431,36255,2022-06-16,Technical Issues,Asana,107
9432,26357,2023-09-11,High Pricing,Monday.com,92
9433,14631,2024-04-03,Technical Issues,Asana,91
9434,29978,2024-01-30,Low Usage,Asana,3
9435,10344,2025-03-25,High Pricing,Notion,12
9436,13636,2025-02-04,Poor Experience,Slack,69
9437,32637,2022-02-09,Switched Competitor,Slack,83
9438,26399,2022-10-29,Poor Experience,Monday.com,114
9439,10857,2025-02-05,High Pricing,Notion,83
9440,20903,2022-07-10,Technical Issues,ClickUp,73
9441,11869,2022-09-11,Missing Features,Notion,94
9442,38898,2024-07-28,Missing Features,Notion,109
9443,39544,2023-12-17,Low Usage,Asana,81
9444,26038,2025-02-18,Low Usage,Monday.com,71
9445,30148,2023-07-23,Technical Issues,Monday.com,4
9446,28669,2023-01-14,Poor Experience,ClickUp,36
9447,18179,2025-01-10,High Pricing,Asana,63
9448,28861,2024-08-15,Low Usage,ClickUp,94
9449,26274,2022-11-30,Missing Features,Asana,34
9450,34984,2024-02-26,Poor Experience,ClickUp,109
9451,41335,2024-08-01,High Pricing,Monday.com,17
9452,23782,2023-07-16,High Pricing,Asana,90
9453,24042,2023-10-17,High Pricing,Slack,84
9454,13510,2023-02-09,Technical Issues,Monday.com,19
9455,38422,2022-04-15,Poor Experience,Slack,6
9456,29051,2024-03-24,Technical Issues,Asana,62
9457,27747,2023-12-09,Missing Features,Monday.com,87
9458,23047,2023-08-29,High Pricing,Notion,109
9459,46024,2024-11-25,High Pricing,Monday.com,24
9460,18673,2023-04-28,Poor Experience,Slack,40
9461,22481,2022-02-23,Low Usage,ClickUp,62
9462,18029,2023-03-05,Poor Experience,ClickUp,66
9463,40885,2024-03-20,Low Usage,ClickUp,47
9464,14338,2025-02-13,Missing Features,Monday.com,55
9465,2761,2023-04-03,Missing Features,Notion,106
9466,22436,2024-11-30,High Pricing,Slack,113
9467,46236,2022-05-30,Missing Features,Slack,102
9468,34985,2022-03-24,Switched Competitor,ClickUp,49
9469,38599,2023-02-14,Low Usage,Slack,113
9470,4171,2022-03-20,Missing Features,Monday.com,47
9471,2331,2023-01-29,Switched Competitor,ClickUp,100
9472,35112,2024-04-29,Missing Features,ClickUp,20
9473,7995,2022-07-10,Poor Experience,Asana,12
9474,15644,2023-02-25,Technical Issues,Monday.com,120
9475,27802,2024-10-09,Missing Features,Notion,102
9476,15975,2024-05-30,Technical Issues,Slack,8
9477,16509,2024-11-15,High Pricing,ClickUp,82
9478,15819,2024-04-17,Technical Issues,Asana,20
9479,27107,2022-09-08,High Pricing,Notion,84
9480,26597,2025-02-09,Technical Issues,Asana,74
9481,8537,2024-06-02,Poor Experience,Asana,2
9482,31570,2022-09-14,Low Usage,ClickUp,6
9483,19506,2023-07-24,Switched Competitor,Asana,88
9484,45422,2023-05-28,Switched Competitor,Slack,58
9485,19030,2023-11-28,Poor Experience,Notion,16
9486,18293,2023-01-30,Technical Issues,Monday.com,60
9487,1619,2022-09-28,Switched Competitor,Asana,51
9488,17079,2022-01-11,Missing Features,ClickUp,46
9489,25589,2025-03-25,Technical Issues,Slack,47
9490,38768,2022-10-20,Switched Competitor,Asana,100
9491,23160,2022-05-26,Missing Features,ClickUp,12
9492,9531,2025-01-30,Switched Competitor,Notion,46
9493,10821,2023-03-04,Poor Experience,Notion,44
9494,39731,2023-07-06,Technical Issues,Asana,98
9495,27051,2022-01-09,Technical Issues,Asana,5
9496,3187,2024-04-05,Technical Issues,Notion,59
9497,46141,2024-06-13,Missing Features,Asana,119
9498,22394,2022-05-20,High Pricing,Slack,87
9499,22873,2024-07-23,High Pricing,Slack,3
9500,47700,2025-03-30,Low Usage,Slack,41
9501,32623,2024-01-30,Switched Competitor,ClickUp,39
9502,32996,2024-08-16,Switched Competitor,ClickUp,5
9503,43593,2022-01-12,Missing Features,Monday.com,55
9504,12618,2024-09-24,Poor Experience,Slack,120
9505,13578,2024-02-17,Switched Competitor,Monday.com,28
9506,42787,2023-09-20,High Pricing,Notion,62
9507,15049,2023-01-12,Low Usage,Notion,77
9508,39167,2022-01-07,Missing Features,Asana,57
9509,23449,2023-02-05,Technical Issues,ClickUp,85
9510,23356,2023-11-07,Switched Competitor,Asana,93
9511,46122,2023-10-15,High Pricing,Asana,1
9512,44947,2024-03-29,Missing Features,Asana,3
9513,9917,2022-01-10,Low Usage,ClickUp,38
9514,23023,2023-05-21,Poor Experience,Notion,50
9515,42362,2025-03-15,Missing Features,Monday.com,46
9516,3201,2025-03-22,Switched Competitor,Asana,105
9517,26982,2025-03-09,High Pricing,Monday.com,34
9518,5152,2022-02-18,Technical Issues,Asana,53
9519,42518,2024-02-01,Missing Features,Notion,29
9520,5899,2024-04-25,Technical Issues,Notion,34
9521,17973,2024-04-11,Low Usage,Asana,41
9522,19127,2023-09-23,Switched Competitor,Slack,55
9523,1879,2022-09-16,Technical Issues,Monday.com,54
9524,34751,2023-12-17,High Pricing,Monday.com,104
9525,25998,2024-12-20,Low Usage,Slack,19
9526,45397,2022-07-28,High Pricing,Notion,17
9527,27377,2023-09-14,High Pricing,Notion,4
9528,30789,2025-01-06,Missing Features,Asana,27
9529,21951,2022-02-08,Low Usage,ClickUp,87
9530,18168,2022-06-01,Poor Experience,Notion,79
9531,33913,2022-11-29,Switched Competitor,ClickUp,28
9532,35892,2024-11-29,Technical Issues,Asana,108
9533,36889,2023-03-14,Poor Experience,Slack,73
9534,2420,2022-08-30,Low Usage,Notion,6
9535,12902,2022-05-02,Low Usage,Asana,102
9536,21127,2024-10-21,Switched Competitor,Monday.com,33
9537,18988,2022-08-29,High Pricing,Notion,32
9538,37848,2022-01-27,High Pricing,Slack,73
9539,36787,2023-03-07,High Pricing,Asana,51
9540,44970,2023-09-26,Missing Features,Slack,57
9541,17077,2024-04-02,Missing Features,Notion,57
9542,29018,2023-07-29,Switched Competitor,Notion,118
9543,38750,2022-12-15,Low Usage,Monday.com,60
9544,5718,2022-01-07,High Pricing,Asana,117
9545,31636,2022-01-20,High Pricing,Notion,8
9546,48617,2024-09-03,Poor Experience,Slack,87
9547,3463,2024-06-13,Low Usage,ClickUp,62
9548,30183,2023-01-22,High Pricing,ClickUp,14
9549,29949,2022-07-27,Switched Competitor,Slack,93
9550,45160,2022-12-05,Technical Issues,Asana,8
9551,38300,2024-12-17,Missing Features,ClickUp,67
9552,26986,2022-09-11,Switched Competitor,Asana,64
9553,39007,2023-10-17,High Pricing,ClickUp,61
9554,29993,2023-09-02,Switched Competitor,Slack,57
9555,25270,2022-04-05,High Pricing,Slack,38
9556,19443,2023-06-07,Low Usage,Asana,11
9557,220,2024-12-26,Poor Experience,Monday.com,3
9558,2528,2022-04-07,Missing Features,ClickUp,15
9559,43355,2024-10-13,Technical Issues,Slack,78
9560,3218,2023-01-03,Low Usage,Asana,66
9561,2326,2024-08-23,Switched Competitor,Monday.com,8
9562,25154,2024-11-18,Missing Features,Slack,85
9563,35142,2022-03-23,Missing Features,Notion,96
9564,9998,2023-04-02,Low Usage,Asana,56
9565,9005,2022-10-09,Switched Competitor,ClickUp,40
9566,5333,2024-07-02,Missing Features,ClickUp,103
9567,6865,2022-10-24,Missing Features,Asana,76
9568,42830,2023-06-07,Technical Issues,ClickUp,110
9569,15331,2024-09-08,Technical Issues,Monday.com,41
9570,34751,2023-05-04,High Pricing,Monday.com,43
9571,14713,2025-02-01,Missing Features,Notion,13
9572,6200,2023-06-13,Switched Competitor,Monday.com,79
9573,3990,2022-06-11,Technical Issues,Asana,29
9574,5408,2024-06-02,Missing Features,Asana,76
9575,5872,2025-02-05,High Pricing,ClickUp,56
9576,5532,2023-09-14,Low Usage,Asana,105
9577,19462,2023-03-11,Missing Features,Monday.com,49
9578,11476,2024-10-05,High Pricing,Slack,60
9579,11128,2024-10-28,Technical Issues,Asana,46
9580,24650,2024-11-04,Technical Issues,ClickUp,7
9581,5410,2024-10-05,Missing Features,Notion,100
9582,12925,2023-01-20,Missing Features,ClickUp,87
9583,37155,2023-03-12,Switched Competitor,Notion,25
9584,29729,2022-12-14,Poor Experience,ClickUp,63
9585,36465,2023-05-05,Missing Features,Asana,118
9586,6517,2023-08-11,High Pricing,Notion,87
9587,39466,2025-01-12,Technical Issues,Asana,99
9588,749,2024-03-30,High Pricing,Slack,112
9589,9231,2023-03-11,Low Usage,Notion,21
9590,15937,2023-03-15,Missing Features,Monday.com,87
9591,37154,2025-03-12,Poor Experience,Asana,116
9592,10595,2023-04-18,High Pricing,ClickUp,69
9593,25148,2022-11-21,High Pricing,Monday.com,27
9594,29193,2022-02-23,High Pricing,Notion,64
9595,41241,2023-03-10,Poor Experience,Slack,53
9596,21287,2022-08-31,Technical Issues,Asana,40
9597,46334,2023-12-04,Technical Issues,Monday.com,2
9598,3340,2025-03-14,Poor Experience,Monday.com,28
9599,21179,2023-11-03,Technical Issues,Monday.com,78
9600,49021,2024-08-10,Low Usage,Slack,56
9601,14771,2023-12-10,Missing Features,Slack,40
9602,34720,2024-05-26,Low Usage,Asana,4
9603,39204,2023-05-17,Poor Experience,Monday.com,4
9604,47092,2023-08-29,Missing Features,Asana,54
9605,14469,2024-07-14,Poor Experience,Monday.com,39
9606,19622,2023-12-22,Missing Features,Notion,24
9607,41748,2022-12-01,Switched Competitor,Asana,72
9608,4489,2023-08-01,High Pricing,ClickUp,22
9609,30497,2023-12-09,High Pricing,Notion,19
9610,18779,2024-04-15,Technical Issues,Notion,109
9611,16358,2023-08-06,Missing Features,ClickUp,1
9612,15661,2024-07-21,Poor Experience,Notion,113
9613,28214,2022-10-21,Technical Issues,Slack,48
9614,2697,2023-09-23,Switched Competitor,Slack,90
9615,16462,2024-08-25,Missing Features,Monday.com,51
9616,12004,2023-05-04,High Pricing,Asana,119
9617,22970,2023-10-24,Technical Issues,Notion,120
9618,815,2023-07-11,Missing Features,Notion,101
9619,15427,2024-12-02,High Pricing,Notion,63
9620,1447,2023-06-12,Low Usage,Notion,11
9621,10856,2023-10-18,Low Usage,ClickUp,24
9622,22885,2022-08-11,Missing Features,Monday.com,105
9623,20511,2025-01-17,Technical Issues,ClickUp,62
9624,37745,2025-01-28,Low Usage,ClickUp,55
9625,37883,2023-11-17,Switched Competitor,ClickUp,120
9626,13739,2022-05-24,Technical Issues,Notion,88
9627,231,2023-05-04,Switched Competitor,ClickUp,102
9628,44644,2023-12-24,High Pricing,ClickUp,20
9629,17547,2024-01-23,Technical Issues,Notion,101
9630,44064,2025-01-14,Switched Competitor,Monday.com,15
9631,1401,2024-05-07,Missing Features,Slack,73
9632,7249,2024-08-15,Missing Features,ClickUp,74
9633,44453,2024-11-20,Poor Experience,Monday.com,114
9634,27817,2025-01-29,Missing Features,Asana,87
9635,28172,2022-02-02,Low Usage,Asana,89
9636,6597,2024-10-29,High Pricing,Monday.com,59
9637,42711,2022-08-06,High Pricing,Asana,78
9638,28104,2024-05-28,Technical Issues,Notion,64
9639,11810,2024-05-16,Missing Features,Asana,97
9640,19523,2022-04-26,Low Usage,Monday.com,23
9641,22334,2024-05-16,Low Usage,Monday.com,36
9642,31367,2023-06-18,Switched Competitor,Slack,82
9643,15131,2022-10-08,Switched Competitor,Monday.com,77
9644,31271,2024-09-29,High Pricing,Slack,80
9645,24711,2023-07-12,Switched Competitor,Notion,86
9646,35700,2024-08-11,Poor Experience,ClickUp,71
9647,14776,2025-04-15,Missing Features,Monday.com,37
9648,44074,2022-05-08,Low Usage,Notion,9
9649,12381,2024-10-05,Missing Features,Slack,6
9650,16971,2023-04-29,Poor Experience,Asana,79
9651,33942,2024-02-05,Missing Features,Monday.com,76
9652,4795,2024-10-23,Low Usage,Asana,63
9653,10423,2023-11-04,Poor Experience,Notion,64
9654,2990,2022-02-08,Switched Competitor,Asana,43
9655,12318,2024-05-15,Low Usage,Slack,52
9656,18365,2025-03-19,Poor Experience,Asana,54
9657,19296,2024-02-29,Technical Issues,Monday.com,67
9658,34330,2022-12-18,Missing Features,Slack,117
9659,21867,2022-07-25,High Pricing,Asana,33
9660,27750,2024-11-26,Poor Experience,Notion,9
9661,42562,2023-06-14,High Pricing,ClickUp,5
9662,19034,2022-06-08,Low Usage,Monday.com,41
9663,20894,2022-06-20,High Pricing,Slack,52
9664,24497,2024-10-20,Missing Features,Slack,81
9665,22877,2024-10-13,Missing Features,ClickUp,6
9666,22468,2022-10-17,Technical Issues,Asana,61
9667,1023,2024-04-13,Low Usage,Notion,81
9668,44641,2023-05-02,Missing Features,Slack,110
9669,29429,2023-02-12,Low Usage,Asana,21
9670,27156,2023-07-04,Poor Experience,Slack,8
9671,44799,2023-02-17,Missing Features,Notion,69
9672,2981,2023-12-04,High Pricing,Monday.com,21
9673,14445,2022-12-18,Missing Features,Monday.com,119
9674,10064,2024-05-07,Low Usage,Slack,64
9675,9652,2024-06-08,Poor Experience,Notion,42
9676,22800,2023-06-04,Missing Features,Monday.com,55
9677,20087,2024-12-28,High Pricing,ClickUp,28
9678,2524,2023-02-07,High Pricing,Monday.com,98
9679,18989,2025-02-03,Poor Experience,Asana,91
9680,24777,2024-02-28,Technical Issues,ClickUp,53
9681,48562,2022-06-21,Technical Issues,Slack,72
9682,23760,2022-04-02,High Pricing,Asana,63
9683,19064,2023-07-07,Missing Features,Monday.com,80
9684,16826,2024-02-24,Low Usage,Asana,48
9685,16107,2022-02-23,Missing Features,Notion,37
9686,26269,2022-08-27,Switched Competitor,Slack,53
9687,22248,2024-03-16,Missing Features,ClickUp,16
9688,8059,2022-09-19,Missing Features,Notion,65
9689,15458,2024-09-25,Missing Features,Monday.com,28
9690,19135,2023-08-29,Poor Experience,Slack,56
9691,1306,2024-04-02,Switched Competitor,Monday.com,100
9692,35717,2024-04-24,Switched Competitor,Notion,82
9693,3198,2023-07-30,Missing Features,Asana,80
9694,19179,2023-12-11,Technical Issues,Asana,117
9695,43776,2023-12-30,Switched Competitor,Notion,39
9696,17169,2023-02-13,Missing Features,ClickUp,81
9697,44752,2024-04-19,Missing Features,Asana,95
9698,47453,2024-11-10,Technical Issues,Monday.com,117
9699,14517,2023-02-26,Poor Experience,Slack,48
9700,27578,2022-08-17,Poor Experience,Asana,97
9701,21202,2023-05-12,Low Usage,Asana,31
9702,10830,2023-07-25,Missing Features,Asana,11
9703,6850,2024-11-18,Missing Features,Asana,7
9704,40359,2024-02-23,Switched Competitor,Slack,118
9705,20305,2022-02-03,Low Usage,Monday.com,54
9706,38042,2024-08-14,Switched Competitor,Slack,5
9707,34996,2023-11-03,Switched Competitor,Notion,104
9708,39423,2022-01-23,Technical Issues,Notion,57
9709,538,2022-03-16,Missing Features,ClickUp,72
9710,37240,2022-06-06,Low Usage,Asana,19
9711,42713,2024-10-17,High Pricing,Notion,35
9712,2942,2022-06-02,Missing Features,ClickUp,24
9713,35039,2023-10-07,Missing Features,ClickUp,109
9714,48897,2022-04-23,High Pricing,Notion,98
9715,35163,2025-01-10,Missing Features,Slack,20
9716,36769,2023-04-09,Low Usage,Asana,94
9717,23051,2025-01-03,Missing Features,Asana,70
9718,48654,2022-09-13,Low Usage,ClickUp,106
9719,30909,2022-08-19,Poor Experience,Monday.com,37
9720,7584,2023-09-01,Switched Competitor,Asana,52
9721,47541,2022-09-12,Technical Issues,Notion,3
9722,26894,2024-08-31,High Pricing,Notion,28
9723,1776,2025-02-23,Technical Issues,Slack,99
9724,48254,2023-07-13,High Pricing,Slack,52
9725,40984,2024-05-05,Low Usage,Slack,6
9726,6830,2022-03-12,Technical Issues,Monday.com,58
9727,17333,2022-09-10,Technical Issues,Notion,2
9728,48576,2023-04-18,High Pricing,Monday.com,111
9729,2221,2024-08-27,Poor Experience,Slack,7
9730,36846,2025-04-13,Poor Experience,Asana,32
9731,37954,2022-12-14,High Pricing,Slack,51
9732,2946,2022-03-05,Poor Experience,Notion,33
9733,41113,2023-12-28,Poor Experience,Notion,107
9734,28201,2024-08-15,High Pricing,Asana,75
9735,3859,2022-06-10,Low Usage,Asana,41
9736,47641,2022-01-23,High Pricing,ClickUp,110
9737,18243,2024-04-20,Technical Issues,Asana,103
9738,16575,2024-03-23,Missing Features,Notion,15
9739,20160,2022-02-22,Missing Features,Slack,116
9740,35573,2025-01-10,Switched Competitor,ClickUp,112
9741,18672,2023-01-10,Low Usage,Notion,19
9742,46834,2024-01-04,Missing Features,Slack,91
9743,46144,2023-05-19,Poor Experience,Notion,68
9744,17,2025-04-03,High Pricing,Monday.com,16
9745,25711,2024-07-12,Low Usage,Slack,81
9746,16249,2023-03-21,Missing Features,ClickUp,47
9747,11490,2022-09-08,Poor Experience,Asana,10
9748,40740,2023-09-06,Low Usage,Notion,20
9749,31624,2024-10-16,Switched Competitor,Slack,106
9750,42841,2022-02-08,High Pricing,Slack,109
9751,37180,2024-03-19,High Pricing,Monday.com,29
9752,30536,2023-04-24,Technical Issues,Monday.com,103
9753,6110,2024-12-31,Missing Features,ClickUp,44
9754,40153,2023-11-09,Poor Experience,Notion,93
9755,41258,2025-03-28,Poor Experience,Monday.com,85
9756,5116,2024-12-21,Missing Features,ClickUp,32
9757,2693,2022-11-18,High Pricing,Notion,36
9758,33376,2024-02-24,Switched Competitor,Notion,87
9759,45692,2023-04-10,Low Usage,Slack,15
9760,37341,2025-03-28,Poor Experience,Monday.com,84
9761,28828,2024-10-25,Poor Experience,ClickUp,62
9762,15979,2025-03-09,Technical Issues,Slack,104
9763,34152,2022-03-03,Switched Competitor,ClickUp,26
9764,23729,2023-03-05,Missing Features,Asana,27
9765,4715,2024-09-04,Missing Features,Asana,24
9766,40496,2024-12-23,Low Usage,Asana,100
9767,2145,2024-10-17,Technical Issues,ClickUp,37
9768,46885,2024-08-15,Missing Features,Notion,97
9769,7890,2023-05-23,Switched Competitor,Notion,73
9770,45885,2023-04-10,High Pricing,Monday.com,47
9771,26696,2023-01-19,Poor Experience,Monday.com,120
9772,8030,2022-10-11,Technical Issues,Slack,13
9773,22361,2024-06-22,High Pricing,Monday.com,85
9774,31398,2023-10-02,Technical Issues,Asana,25
9775,4173,2024-08-27,Technical Issues,Notion,117
9776,41634,2022-10-22,Switched Competitor,Asana,23
9777,37503,2024-11-12,Poor Experience,Slack,55
9778,20506,2024-11-26,High Pricing,Monday.com,42
9779,34462,2022-01-18,Switched Competitor,ClickUp,52
9780,30101,2023-03-25,High Pricing,Slack,90
9781,14063,2023-02-13,Missing Features,Monday.com,13
9782,46066,2023-01-26,Missing Features,ClickUp,109
9783,10312,2024-03-27,Switched Competitor,Monday.com,113
9784,36738,2023-05-22,High Pricing,Slack,7
9785,18378,2024-07-15,Technical Issues,Slack,3
9786,16566,2024-01-19,High Pricing,ClickUp,39
9787,13959,2023-11-27,High Pricing,Notion,23
9788,43399,2024-05-20,Technical Issues,ClickUp,9
9789,30313,2025-02-12,Switched Competitor,Asana,88
9790,13509,2025-02-04,High Pricing,Monday.com,11
9791,46220,2024-01-29,Poor Experience,Monday.com,26
9792,2089,2024-03-26,Missing Features,Asana,76
9793,7745,2022-07-13,Poor Experience,Notion,95
9794,6509,2024-12-20,Missing Features,Notion,19
9795,601,2022-02-14,Switched Competitor,ClickUp,39
9796,31413,2022-12-22,Poor Experience,Monday.com,106
9797,1595,2023-11-01,Low Usage,ClickUp,46
9798,42426,2023-06-13,Switched Competitor,ClickUp,100
9799,35448,2024-06-13,Technical Issues,Slack,113
9800,42202,2022-06-26,Switched Competitor,Notion,26
9801,44362,2022-04-02,Switched Competitor,ClickUp,68
9802,6572,2023-05-23,Missing Features,ClickUp,95
9803,32656,2023-12-21,Technical Issues,ClickUp,100
9804,36194,2022-04-23,Switched Competitor,Slack,119
9805,7195,2022-07-08,Missing Features,Notion,87
9806,21775,2023-08-07,Technical Issues,Slack,93
9807,4226,2024-01-24,High Pricing,Monday.com,113
9808,28698,2022-02-20,Missing Features,Slack,76
9809,17055,2025-03-09,Switched Competitor,ClickUp,111
9810,48439,2023-12-16,Switched Competitor,Asana,6
9811,37304,2022-01-31,Technical Issues,Notion,56
9812,46324,2023-05-11,High Pricing,ClickUp,17
9813,27073,2023-12-10,Switched Competitor,Slack,62
9814,45115,2024-06-19,Poor Experience,Slack,64
9815,41309,2022-03-03,Technical Issues,Asana,60
9816,47319,2023-02-23,Technical Issues,Monday.com,49
9817,34111,2023-10-06,Missing Features,Notion,26
9818,11973,2024-09-01,Missing Features,Monday.com,47
9819,21303,2025-03-17,Poor Experience,ClickUp,24
9820,22209,2022-09-28,Technical Issues,Notion,70
9821,29793,2023-01-03,High Pricing,ClickUp,68
9822,7777,2022-03-24,Missing Features,Monday.com,13
9823,37520,2024-02-11,Switched Competitor,Slack,78
9824,7023,2022-08-21,Low Usage,ClickUp,67
9825,16293,2023-06-07,High Pricing,Slack,1
9826,14010,2022-01-09,Poor Experience,ClickUp,8
9827,3376,2022-03-04,Poor Experience,ClickUp,111
9828,27356,2024-06-16,Missing Features,Notion,25
9829,39263,2023-07-21,Missing Features,ClickUp,99
9830,37441,2024-06-21,Poor Experience,Asana,117
9831,16538,2023-03-19,Technical Issues,ClickUp,38
9832,9303,2023-06-16,Switched Competitor,Asana,22
9833,5109,2024-05-28,Missing Features,Notion,51
9834,9893,2023-06-05,Switched Competitor,Notion,13
9835,10503,2023-07-05,Missing Features,Notion,99
9836,18864,2023-08-07,Missing Features,Asana,11
9837,40420,2023-02-01,Switched Competitor,Monday.com,51
9838,19048,2023-10-31,Low Usage,Slack,13
9839,17873,2023-07-01,Low Usage,Monday.com,15
9840,28690,2022-06-07,High Pricing,Slack,46
9841,2426,2022-05-01,Missing Features,Monday.com,55
9842,28886,2024-01-23,Missing Features,Slack,10
9843,8230,2023-06-14,Switched Competitor,Asana,112
9844,853,2022-12-19,Switched Competitor,ClickUp,44
9845,19574,2023-06-08,Low Usage,Slack,113
9846,49993,2025-01-19,High Pricing,Monday.com,90
9847,7999,2022-10-11,Poor Experience,Notion,31
9848,3899,2024-05-26,Technical Issues,Slack,35
9849,8345,2024-09-04,Low Usage,Notion,113
9850,10871,2023-09-13,High Pricing,Notion,51
9851,15687,2024-07-30,Switched Competitor,Monday.com,2
9852,16750,2023-11-01,Poor Experience,Notion,35
9853,13092,2024-04-02,Missing Features,Asana,25
9854,28276,2022-09-03,Poor Experience,Notion,23
9855,37143,2025-02-08,High Pricing,Notion,103
9856,18780,2025-04-11,Missing Features,Notion,22
9857,27006,2024-07-01,Missing Features,Asana,97
9858,41821,2024-06-01,Missing Features,ClickUp,91
9859,27662,2024-03-02,Low Usage,Notion,58
9860,46951,2023-06-06,Technical Issues,Slack,101
9861,8693,2022-11-10,Low Usage,ClickUp,102
9862,39349,2024-07-25,Missing Features,Asana,46
9863,9838,2024-02-27,Missing Features,Monday.com,28
9864,9792,2024-01-02,Low Usage,Monday.com,2
9865,2468,2024-03-03,Switched Competitor,Notion,112
9866,33867,2023-01-11,Technical Issues,Monday.com,52
9867,24336,2023-03-01,Poor Experience,Notion,67
9868,16795,2023-02-19,Low Usage,Monday.com,33
9869,7072,2022-04-14,Switched Competitor,Asana,35
9870,15569,2023-01-10,High Pricing,Asana,54
9871,16984,2023-07-03,Poor Experience,ClickUp,87
9872,34248,2022-09-22,High Pricing,Notion,22
9873,14632,2023-07-29,Poor Experience,Asana,57
9874,48017,2023-06-03,High Pricing,Asana,120
9875,31004,2024-03-05,Technical Issues,Monday.com,40
9876,49405,2024-05-01,High Pricing,Asana,107
9877,7658,2023-03-08,Low Usage,ClickUp,119
9878,20360,2022-11-07,Switched Competitor,ClickUp,110
9879,33219,2022-08-31,High Pricing,Slack,23
9880,14198,2022-09-17,Poor Experience,ClickUp,15
9881,32226,2024-08-01,High Pricing,Monday.com,30
9882,28194,2022-12-31,Missing Features,Notion,115
9883,41548,2023-04-07,Technical Issues,Slack,49
9884,43264,2025-02-06,High Pricing,Monday.com,29
9885,38014,2022-06-08,Technical Issues,ClickUp,49
9886,35852,2024-09-14,Technical Issues,ClickUp,86
9887,4213,2023-03-30,Low Usage,Slack,57
9888,2807,2022-03-20,High Pricing,Slack,24
9889,44550,2023-10-28,Missing Features,Slack,11
9890,4827,2023-07-15,Poor Experience,Asana,31
9891,46099,2022-04-26,Switched Competitor,ClickUp,63
9892,45257,2022-09-28,Missing Features,Slack,45
9893,6802,2022-10-02,Switched Competitor,Monday.com,113
9894,22304,2023-12-07,Low Usage,Slack,115
9895,41362,2024-11-13,Missing Features,Slack,49
9896,23618,2022-08-15,Missing Features,Asana,51
9897,14162,2024-01-27,Technical Issues,Notion,108
9898,14602,2023-07-17,High Pricing,Notion,32
9899,16891,2024-09-08,Missing Features,Notion,4
9900,47917,2024-05-17,Switched Competitor,ClickUp,88
9901,9214,2023-05-04,Technical Issues,Monday.com,72
9902,22053,2024-02-04,Missing Features,Monday.com,62
9903,42537,2023-04-07,Missing Features,Slack,106
9904,30745,2024-08-27,Missing Features,ClickUp,66
9905,36139,2024-07-26,Low Usage,ClickUp,118
9906,19572,2024-11-19,Poor Experience,ClickUp,106
9907,45210,2023-01-18,Missing Features,Notion,15
9908,2699,2022-04-17,Low Usage,Monday.com,18
9909,4488,2022-05-25,Technical Issues,ClickUp,32
9910,3833,2023-03-17,Switched Competitor,Notion,88
9911,3146,2023-07-27,Missing Features,Slack,22
9912,1566,2022-05-28,High Pricing,Slack,81
9913,35997,2023-01-21,Low Usage,ClickUp,8
9914,29834,2023-06-01,Low Usage,Asana,27
9915,19567,2024-12-25,Low Usage,Slack,105
9916,12759,2023-01-04,Poor Experience,ClickUp,89
9917,41568,2024-06-20,High Pricing,Notion,107
9918,17108,2024-01-13,High Pricing,ClickUp,71
9919,47585,2025-03-24,Missing Features,Asana,43
9920,14586,2023-06-11,Poor Experience,Asana,78
9921,48411,2022-05-02,Missing Features,Notion,88
9922,41147,2024-10-28,Technical Issues,Notion,58
9923,2277,2023-03-18,Low Usage,Asana,36
9924,4416,2022-09-06,High Pricing,Monday.com,82
9925,43335,2024-08-22,Low Usage,Monday.com,116
9926,29101,2022-04-25,Poor Experience,Asana,35
9927,15806,2023-03-25,High Pricing,ClickUp,112
9928,41551,2023-07-23,Low Usage,Notion,63
9929,23731,2023-01-31,High Pricing,Monday.com,29
9930,22052,2022-08-18,Technical Issues,Slack,33
9931,32996,2023-07-04,Technical Issues,Asana,86
9932,36385,2022-06-11,Poor Experience,Asana,117
9933,18827,2024-08-27,Missing Features,Asana,90
9934,9127,2024-04-08,Missing Features,ClickUp,3
9935,13794,2023-03-21,High Pricing,Slack,94
9936,2322,2024-05-02,Missing Features,ClickUp,42
9937,4120,2024-12-13,High Pricing,Slack,6
9938,1391,2025-02-26,High Pricing,Monday.com,120
9939,5502,2022-07-02,Switched Competitor,Monday.com,31
9940,8933,2024-04-14,Technical Issues,Notion,4
9941,9555,2022-11-15,Missing Features,ClickUp,119
9942,42704,2023-09-01,Technical Issues,Monday.com,86
9943,44513,2022-11-06,Switched Competitor,Notion,68
9944,24222,2022-06-12,Low Usage,Notion,47
9945,11348,2024-02-23,Poor Experience,Asana,110
9946,49930,2024-11-12,Switched Competitor,Monday.com,28
9947,8576,2023-11-21,Low Usage,Notion,81
9948,41389,2023-02-15,Missing Features,Slack,87
9949,4308,2024-02-06,Technical Issues,Asana,60
9950,3821,2022-09-24,Poor Experience,Notion,117
9951,32163,2022-12-07,High Pricing,Slack,115
9952,48005,2024-06-20,Switched Competitor,Notion,3
9953,35475,2022-02-07,Poor Experience,Slack,100
9954,43520,2023-02-06,Missing Features,Monday.com,21
9955,38900,2023-04-08,Technical Issues,Notion,18
9956,36150,2024-10-06,Low Usage,ClickUp,66
9957,9104,2024-06-02,Poor Experience,Monday.com,91
9958,6437,2022-01-04,Low Usage,Notion,71
9959,5418,2023-04-17,High Pricing,Notion,34
9960,41033,2023-06-15,Technical Issues,Monday.com,33
9961,1743,2023-09-19,Low Usage,Asana,43
9962,9864,2023-10-30,Missing Features,ClickUp,46
9963,6931,2022-11-04,High Pricing,Asana,5
9964,34536,2022-05-03,Poor Experience,ClickUp,112
9965,35130,2024-11-16,Switched Competitor,Notion,7
9966,38626,2024-06-21,Technical Issues,Slack,39
9967,4905,2025-02-23,High Pricing,Slack,103
9968,35275,2024-01-16,Poor Experience,ClickUp,16
9969,28550,2022-11-10,Technical Issues,Asana,63
9970,15944,2022-12-05,Technical Issues,Monday.com,61
9971,5094,2024-03-06,Switched Competitor,ClickUp,6
9972,38127,2024-12-10,Technical Issues,Asana,10
9973,29241,2023-06-05,Poor Experience,Notion,65
9974,10918,2023-05-18,Low Usage,Monday.com,119
9975,1002,2022-08-22,Low Usage,Notion,57
9976,34792,2024-09-23,Switched Competitor,Monday.com,116
9977,18493,2023-02-25,High Pricing,Asana,91
9978,47875,2023-10-09,Missing Features,Monday.com,54
9979,792,2024-05-04,Poor Experience,Slack,3
9980,28057,2022-10-13,High Pricing,Notion,119
9981,34343,2024-07-30,Technical Issues,Asana,113
9982,36264,2023-10-22,Switched Competitor,Monday.com,47
9983,43277,2022-06-01,Missing Features,Slack,13
9984,47238,2022-03-26,Switched Competitor,Slack,85
9985,23318,2024-08-30,Missing Features,Notion,110
9986,19864,2023-05-01,Low Usage,Notion,95
9987,18977,2024-11-23,Technical Issues,Notion,91
9988,4373,2024-03-12,Low Usage,Monday.com,53
9989,34687,2022-03-17,Low Usage,Slack,32
9990,2429,2022-01-27,Technical Issues,Monday.com,30
9991,2903,2022-01-25,Technical Issues,Slack,5
9992,13252,2023-12-09,Low Usage,ClickUp,37
9993,34298,2023-08-19,Poor Experience,Slack,89
9994,3424,2023-06-26,Missing Features,Slack,113
9995,31872,2024-11-11,High Pricing,Asana,56
9996,38505,2022-06-30,Poor Experience,Monday.com,16
9997,47672,2022-08-20,High Pricing,Notion,73
9998,35821,2022-05-11,Switched Competitor,Slack,110
9999,13266,2023-06-14,Missing Features,Slack,15
10000,43344,2022-08-09,Technical Issues,Monday.com,115
10001,16961,2024-05-08,Low Usage,ClickUp,31
10002,43424,2025-01-25,Low Usage,Monday.com,24
10003,27795,2023-02-10,Poor Experience,Asana,53
10004,28266,2022-01-24,Switched Competitor,Asana,9
10005,631,2022-12-27,High Pricing,Notion,50
10006,2755,2023-05-31,Missing Features,Monday.com,59
10007,22,2024-06-01,Low Usage,Monday.com,83
10008,44946,2023-04-26,Switched Competitor,ClickUp,73
10009,14171,2022-01-09,Low Usage,Notion,38
10010,1051,2022-10-01,Low Usage,ClickUp,62
10011,30984,2022-12-17,Poor Experience,Notion,88
10012,33320,2024-11-02,Poor Experience,Asana,19
10013,29757,2023-07-30,Poor Experience,Slack,15
10014,30894,2022-02-28,Low Usage,Slack,34
10015,29821,2024-07-13,Missing Features,Asana,88
10016,2286,2022-05-23,Low Usage,Slack,28
10017,49401,2025-01-28,Missing Features,ClickUp,108
10018,37889,2022-11-19,Poor Experience,Notion,35
10019,26966,2024-12-05,Missing Features,ClickUp,95
10020,40034,2024-06-07,Missing Features,Notion,62
10021,19709,2022-03-17,Poor Experience,Notion,52
10022,37958,2022-04-03,Switched Competitor,Monday.com,65
10023,40728,2023-09-03,Poor Experience,Notion,6
10024,48524,2024-08-05,Missing Features,Asana,57
10025,14658,2023-08-13,Missing Features,ClickUp,56
10026,43823,2024-09-11,High Pricing,Slack,60
10027,16636,2024-05-28,Technical Issues,Asana,119
10028,3388,2023-02-02,Switched Competitor,Monday.com,4
10029,7317,2022-05-18,Switched Competitor,Monday.com,119
10030,40255,2023-12-27,Low Usage,Slack,26
10031,42020,2025-02-14,Low Usage,Monday.com,25
10032,33681,2025-02-04,Missing Features,Asana,118
10033,18152,2024-07-08,Missing Features,Monday.com,66
10034,27647,2023-04-23,High Pricing,Notion,116
10035,17299,2022-10-05,Missing Features,Slack,79
10036,14469,2022-12-17,Switched Competitor,Monday.com,74
10037,33063,2025-02-04,Switched Competitor,Slack,53
10038,29695,2022-05-09,Low Usage,ClickUp,17
10039,14268,2024-08-22,Switched Competitor,Monday.com,27
10040,33936,2023-09-23,High Pricing,Asana,26
10041,41599,2022-12-15,Poor Experience,ClickUp,35
10042,28410,2022-10-17,Missing Features,ClickUp,90
10043,35685,2024-01-25,Missing Features,Notion,49
10044,12674,2022-05-31,High Pricing,Monday.com,77
10045,49012,2023-06-01,Switched Competitor,Monday.com,78
10046,35036,2022-05-04,Poor Experience,Monday.com,35
10047,1042,2023-02-13,Poor Experience,Asana,48
10048,32514,2024-05-13,Poor Experience,Slack,48
10049,15314,2024-05-24,High Pricing,ClickUp,32
10050,890,2023-10-03,Low Usage,Asana,37
10051,10229,2023-07-25,Technical Issues,Monday.com,98
10052,29904,2024-01-07,Missing Features,Asana,98
10053,36464,2023-01-08,Poor Experience,Asana,9
10054,44442,2023-12-13,Switched Competitor,ClickUp,97
10055,29573,2022-04-02,Switched Competitor,Monday.com,48
10056,48533,2025-04-04,Technical Issues,Slack,84
10057,12596,2024-02-13,Technical Issues,Slack,22
10058,44058,2025-03-14,Technical Issues,Notion,117
10059,7641,2023-04-29,Missing Features,Notion,87
10060,23551,2023-04-06,Switched Competitor,ClickUp,87
10061,25173,2024-05-23,Technical Issues,Slack,101
10062,19401,2024-02-11,Missing Features,Asana,79
10063,6608,2022-08-27,Switched Competitor,Monday.com,24
10064,49191,2024-10-23,Missing Features,Notion,113
10065,9926,2022-11-19,High Pricing,Notion,106
10066,21480,2022-08-09,High Pricing,Asana,47
10067,43353,2022-09-30,Missing Features,Asana,41
10068,42296,2023-03-28,Technical Issues,Notion,118
10069,25221,2022-01-08,Missing Features,Slack,109
10070,10607,2023-07-24,Missing Features,ClickUp,57
10071,27476,2023-09-30,Poor Experience,Notion,108
10072,7640,2024-09-03,Poor Experience,Slack,31
10073,10585,2023-04-04,High Pricing,Asana,102
10074,571,2022-09-27,Low Usage,Monday.com,98
10075,14391,2022-11-27,High Pricing,Slack,17
10076,4641,2022-11-20,Poor Experience,Notion,58
10077,9697,2024-03-18,Switched Competitor,ClickUp,116
10078,17009,2023-02-26,Technical Issues,Slack,36
10079,32221,2023-12-10,Missing Features,Asana,39
10080,13670,2022-08-21,Low Usage,Notion,86
10081,805,2023-03-24,Low Usage,Monday.com,27
10082,31561,2024-09-19,Low Usage,Notion,47
10083,6825,2023-08-04,Switched Competitor,Asana,112
10084,4025,2022-07-29,Missing Features,ClickUp,83
10085,3656,2023-05-18,High Pricing,Notion,97
10086,49119,2023-09-23,Switched Competitor,Notion,4
10087,43427,2025-01-15,Switched Competitor,Asana,16
10088,8557,2023-11-11,Low Usage,Notion,102
10089,24996,2023-06-20,Poor Experience,Monday.com,26
10090,40761,2024-02-19,Switched Competitor,Asana,74
10091,11651,2023-08-22,Technical Issues,ClickUp,12
10092,4084,2024-02-22,Missing Features,Slack,119
10093,11402,2023-06-23,Switched Competitor,Slack,97
10094,4125,2022-01-11,Poor Experience,Slack,55
10095,41430,2022-04-26,High Pricing,Notion,59
10096,1519,2023-03-26,Technical Issues,Monday.com,17
10097,37304,2024-01-12,Poor Experience,Notion,79
10098,1826,2023-07-29,High Pricing,Notion,32
10099,39015,2023-11-08,Low Usage,Slack,84
10100,44395,2022-07-31,High Pricing,Monday.com,65
10101,26503,2023-06-29,High Pricing,Slack,94
10102,44102,2024-08-31,High Pricing,ClickUp,120
10103,4701,2022-07-20,Poor Experience,Slack,69
10104,32803,2023-12-07,Low Usage,Monday.com,71
10105,14435,2023-11-27,Missing Features,Slack,95
10106,12162,2023-06-12,Missing Features,Asana,32
10107,16633,2023-01-13,High Pricing,Notion,41
10108,49649,2024-03-30,Low Usage,Monday.com,30
10109,1275,2023-11-09,Low Usage,Slack,32
10110,20139,2024-01-05,Switched Competitor,Slack,54
10111,34589,2023-01-07,Missing Features,Notion,21
10112,42100,2022-04-09,Missing Features,ClickUp,84
10113,9521,2023-09-26,Missing Features,Monday.com,23
10114,41089,2022-08-17,Switched Competitor,Slack,115
10115,7551,2022-06-27,Missing Features,Monday.com,108
10116,42018,2022-12-07,Switched Competitor,Asana,17
10117,3222,2025-04-13,Missing Features,ClickUp,10
10118,18621,2022-10-03,Low Usage,Notion,28
10119,32330,2022-01-23,Switched Competitor,Asana,1
10120,26168,2024-02-12,Poor Experience,Asana,70
10121,36041,2023-03-11,Missing Features,Monday.com,14
10122,37324,2023-11-22,High Pricing,Monday.com,45
10123,20223,2022-10-27,Missing Features,Slack,71
10124,2860,2023-04-14,Technical Issues,Notion,93
10125,6009,2022-08-27,Technical Issues,Monday.com,37
10126,5373,2022-04-20,Low Usage,Slack,78
10127,27005,2023-12-19,Missing Features,Notion,103
10128,39516,2023-05-04,Switched Competitor,Notion,50
10129,23640,2024-06-02,Switched Competitor,Monday.com,22
10130,27547,2024-03-06,Technical Issues,Notion,88
10131,32461,2024-12-02,Switched Competitor,ClickUp,30
10132,21284,2022-12-06,Switched Competitor,ClickUp,63
10133,10826,2022-06-08,High Pricing,Monday.com,56
10134,44520,2025-04-07,Missing Features,Asana,92
10135,43271,2024-01-30,Switched Competitor,Monday.com,71
10136,1753,2024-08-15,Low Usage,Monday.com,52
10137,21353,2024-09-27,High Pricing,Asana,62
10138,8984,2022-04-06,Technical Issues,Notion,103
10139,2107,2023-02-25,Missing Features,Notion,47
10140,28433,2022-01-09,Switched Competitor,Asana,117
10141,42009,2024-09-04,Low Usage,Asana,105
10142,8870,2022-05-23,Switched Competitor,ClickUp,109
10143,2984,2023-05-08,Missing Features,Asana,73
10144,46913,2023-10-13,Poor Experience,Asana,25
10145,8913,2025-01-06,Poor Experience,Asana,82
10146,21077,2023-05-31,High Pricing,ClickUp,74
10147,49384,2022-04-08,Low Usage,Monday.com,71
10148,19772,2023-01-22,Low Usage,Asana,34
10149,22901,2024-12-24,Technical Issues,Asana,106
10150,41700,2023-08-26,Poor Experience,Asana,13
10151,7781,2022-08-17,Missing Features,Monday.com,52
10152,7739,2024-11-26,Low Usage,ClickUp,86
10153,38214,2024-08-04,Low Usage,Monday.com,22
10154,19925,2023-11-15,Low Usage,ClickUp,46
10155,46243,2022-11-12,Poor Experience,Slack,13
10156,47037,2023-02-11,Poor Experience,Notion,97
10157,24001,2024-07-03,Missing Features,ClickUp,54
10158,3639,2023-11-03,High Pricing,Monday.com,4
10159,23535,2023-05-17,Missing Features,ClickUp,102
10160,1146,2023-08-10,Switched Competitor,Notion,73
10161,14206,2023-04-25,Switched Competitor,Notion,118
10162,25947,2025-03-18,Switched Competitor,Monday.com,67
10163,1162,2024-02-24,Missing Features,Asana,46
10164,48908,2022-01-29,Switched Competitor,Monday.com,113
10165,16935,2022-07-14,Poor Experience,Monday.com,45
10166,15016,2024-01-21,Poor Experience,Slack,48
10167,23317,2023-10-20,Low Usage,Asana,80
10168,30431,2024-11-14,Missing Features,Notion,67
10169,35818,2022-08-21,Technical Issues,Monday.com,12
10170,29842,2023-07-03,Low Usage,Asana,120
10171,46167,2025-03-09,High Pricing,Monday.com,52
10172,1478,2024-06-19,High Pricing,Notion,35
10173,36214,2022-03-06,Missing Features,ClickUp,80
10174,8229,2024-08-31,High Pricing,Slack,10
10175,1676,2024-03-07,Low Usage,Notion,47
10176,1758,2022-12-08,Technical Issues,Asana,9
10177,34287,2022-07-23,Low Usage,ClickUp,10
10178,9733,2023-12-31,Poor Experience,Monday.com,80
10179,49494,2024-05-31,Poor Experience,Notion,95
10180,35237,2023-12-01,Low Usage,ClickUp,114
10181,44068,2022-10-28,Technical Issues,ClickUp,49
10182,24799,2024-11-10,Low Usage,Notion,82
10183,32996,2023-04-05,Missing Features,ClickUp,53
10184,48057,2022-09-15,Poor Experience,Asana,66
10185,8520,2023-08-27,High Pricing,Asana,114
10186,31301,2022-05-02,Technical Issues,ClickUp,23
10187,1390,2024-02-16,Missing Features,Asana,54
10188,45206,2022-11-10,Switched Competitor,ClickUp,88
10189,17935,2025-01-13,Poor Experience,Notion,74
10190,47403,2024-09-15,Technical Issues,Slack,34
10191,23302,2024-10-30,Switched Competitor,Asana,66
10192,40303,2022-11-07,Technical Issues,ClickUp,95
10193,45446,2023-04-19,Poor Experience,Monday.com,71
10194,29286,2023-04-25,High Pricing,Monday.com,7
10195,45568,2024-09-24,High Pricing,Asana,43
10196,31649,2023-01-20,Missing Features,Slack,27
10197,39088,2024-05-29,High Pricing,Monday.com,63
10198,21615,2022-09-13,High Pricing,Monday.com,96
10199,40053,2023-04-08,Missing Features,Notion,2
10200,28197,2023-03-21,Missing Features,Slack,92
10201,7865,2023-01-20,Missing Features,Notion,33
10202,33690,2022-09-16,Poor Experience,Slack,25
10203,41133,2024-08-27,High Pricing,Slack,79
10204,2027,2022-11-29,Missing Features,ClickUp,38
10205,8623,2022-03-18,Poor Experience,Slack,56
10206,2452,2023-02-27,Switched Competitor,Monday.com,58
10207,13959,2022-02-14,Poor Experience,Notion,111
10208,9988,2024-12-30,Poor Experience,Slack,16
10209,49119,2022-04-17,Low Usage,ClickUp,63
10210,11398,2023-11-01,High Pricing,Asana,73
10211,37428,2024-03-30,Technical Issues,Asana,97
10212,8101,2023-02-05,High Pricing,Asana,108
10213,40846,2023-01-15,Switched Competitor,ClickUp,76
10214,12433,2023-10-20,Switched Competitor,Slack,43
10215,23378,2022-06-04,Poor Experience,ClickUp,24
10216,34086,2023-02-27,Missing Features,Monday.com,24
10217,36164,2023-06-05,Switched Competitor,Notion,21
10218,14180,2022-12-20,Missing Features,Notion,10
10219,10581,2024-09-29,Low Usage,Monday.com,2
10220,14771,2025-02-25,Missing Features,Slack,56
10221,14917,2024-09-01,High Pricing,ClickUp,93
10222,11035,2023-06-10,Missing Features,Slack,97
10223,42472,2024-01-30,High Pricing,ClickUp,48
10224,15914,2024-12-13,Switched Competitor,Monday.com,67
10225,3051,2022-07-05,Low Usage,ClickUp,73
10226,31288,2023-01-23,Poor Experience,Slack,101
10227,39168,2025-01-31,Technical Issues,Monday.com,87
10228,43506,2023-11-28,Technical Issues,ClickUp,29
10229,38777,2023-07-27,Technical Issues,Notion,16
10230,48389,2024-08-04,Poor Experience,Notion,75
10231,5440,2023-04-07,Switched Competitor,Notion,33
10232,14943,2024-05-08,Poor Experience,Slack,63
10233,28205,2024-02-13,Poor Experience,Notion,69
10234,26462,2024-05-23,High Pricing,Monday.com,31
10235,33518,2022-02-14,Technical Issues,Notion,38
10236,8940,2024-09-14,Poor Experience,Asana,115
10237,6691,2023-02-24,Missing Features,ClickUp,41
10238,13247,2025-03-03,Technical Issues,Monday.com,21
10239,12367,2024-10-20,Missing Features,Notion,110
10240,37064,2024-12-04,High Pricing,Monday.com,111
10241,32465,2022-03-16,Poor Experience,ClickUp,109
10242,37979,2024-12-31,Technical Issues,Monday.com,17
10243,34831,2022-01-04,High Pricing,Asana,97
10244,32620,2023-11-29,High Pricing,Slack,101
10245,20499,2024-09-08,Poor Experience,Asana,36
10246,19937,2022-07-01,Low Usage,Monday.com,48
10247,24743,2023-09-26,Missing Features,Slack,20
10248,16102,2022-04-19,Switched Competitor,Monday.com,10
10249,6925,2024-05-22,Low Usage,ClickUp,3
10250,3148,2022-07-16,High Pricing,Asana,40
10251,13186,2023-07-08,Missing Features,Monday.com,116
10252,35552,2022-08-14,High Pricing,Asana,96
10253,23344,2022-09-04,High Pricing,Slack,96
10254,29992,2022-05-01,Technical Issues,Slack,47
10255,45545,2024-06-10,Missing Features,Monday.com,5
10256,11367,2024-12-05,Low Usage,Notion,38
10257,8221,2024-04-24,Low Usage,Monday.com,3
10258,9161,2022-10-10,Low Usage,ClickUp,37
10259,20421,2022-01-17,Poor Experience,Notion,86
10260,20810,2022-12-17,Poor Experience,ClickUp,11
10261,18785,2024-02-15,Technical Issues,Monday.com,88
10262,31967,2022-12-12,Low Usage,Notion,112
10263,31042,2024-06-20,High Pricing,Monday.com,98
10264,12183,2022-12-24,High Pricing,Notion,112
10265,41488,2022-03-29,High Pricing,Notion,68
10266,34418,2022-07-10,High Pricing,Monday.com,45
10267,9188,2022-06-01,Technical Issues,Notion,102
10268,6908,2022-05-10,High Pricing,Monday.com,3
10269,29257,2024-07-28,High Pricing,ClickUp,51
10270,4446,2023-06-02,High Pricing,Slack,70
10271,32400,2023-12-18,High Pricing,Slack,7
10272,12366,2024-08-31,Missing Features,Monday.com,59
10273,12137,2023-03-14,Low Usage,Slack,9
10274,31428,2023-03-18,Switched Competitor,Asana,79
10275,10768,2024-09-10,Missing Features,Notion,81
10276,27923,2022-07-20,Missing Features,Notion,62
10277,17691,2024-12-10,Low Usage,Asana,78
10278,3981,2023-10-08,High Pricing,Notion,51
10279,23091,2022-07-21,Technical Issues,ClickUp,24
10280,13533,2024-08-01,Low Usage,Asana,81
10281,25815,2024-07-03,Switched Competitor,Asana,32
10282,13968,2022-07-15,Poor Experience,ClickUp,94
10283,38218,2023-04-07,Technical Issues,Notion,24
10284,26435,2023-08-29,Technical Issues,Asana,66
10285,48472,2024-02-26,High Pricing,Monday.com,89
10286,26283,2024-02-05,Missing Features,Notion,85
10287,28265,2024-10-22,Missing Features,Slack,52
10288,41290,2022-05-21,Technical Issues,Monday.com,93
10289,16696,2022-09-14,Technical Issues,Notion,74
10290,19872,2025-02-19,Low Usage,Slack,53
10291,32840,2022-02-10,Technical Issues,ClickUp,87
10292,25503,2024-10-17,Poor Experience,Monday.com,95
10293,39652,2025-03-17,Switched Competitor,Notion,74
10294,16217,2023-06-06,Poor Experience,Asana,95
10295,5064,2024-12-28,Poor Experience,Slack,88
10296,15468,2022-11-23,Poor Experience,Monday.com,73
10297,6725,2025-01-04,Switched Competitor,Monday.com,89
10298,48806,2024-02-20,Technical Issues,Asana,2
10299,3312,2024-05-06,Missing Features,Slack,59
10300,25006,2022-06-01,Poor Experience,Asana,2
10301,20862,2024-10-06,Missing Features,Slack,72
10302,6378,2023-08-31,High Pricing,Monday.com,59
10303,7668,2024-04-23,Low Usage,Asana,33
10304,33194,2023-12-29,Missing Features,Notion,58
10305,37435,2024-05-09,Switched Competitor,Slack,1
10306,31869,2024-10-27,Technical Issues,Monday.com,102
10307,42899,2024-04-26,Low Usage,Slack,82
10308,17645,2022-04-27,Switched Competitor,Slack,105
10309,18257,2025-01-25,High Pricing,Asana,11
10310,31226,2025-01-26,Technical Issues,Slack,53
10311,36221,2024-12-14,Poor Experience,Asana,74
10312,45847,2024-01-15,Technical Issues,Monday.com,5
10313,32172,2023-01-29,Low Usage,Notion,34
10314,28035,2024-05-20,Poor Experience,ClickUp,55
10315,31923,2024-06-17,Poor Experience,Notion,36
10316,10988,2024-08-12,Poor Experience,ClickUp,58
10317,16696,2025-03-08,High Pricing,Asana,112
10318,44493,2024-03-26,Switched Competitor,Monday.com,37
10319,22881,2022-11-26,Switched Competitor,Asana,104
10320,11467,2022-04-28,Low Usage,Slack,34
10321,10833,2022-03-08,Technical Issues,Notion,55
10322,49404,2022-12-13,Technical Issues,ClickUp,37
10323,35739,2025-01-01,Switched Competitor,Monday.com,102
10324,49278,2022-06-10,Low Usage,Asana,96
10325,46603,2025-03-25,Switched Competitor,Slack,39
10326,37196,2025-04-15,High Pricing,ClickUp,13
10327,26089,2024-07-14,Technical Issues,Slack,15
10328,25918,2023-12-16,Technical Issues,Asana,10
10329,17984,2022-10-26,Technical Issues,Notion,120
10330,175,2024-07-15,Low Usage,Monday.com,55
10331,42280,2022-01-06,Technical Issues,Notion,18
10332,29951,2023-12-21,Poor Experience,Monday.com,25
10333,37664,2024-07-05,High Pricing,Asana,119
10334,25781,2025-01-07,Low Usage,Notion,62
10335,47206,2023-04-11,High Pricing,Slack,25
10336,37605,2022-05-23,Switched Competitor,Notion,110
10337,36992,2024-07-27,Low Usage,Monday.com,113
10338,37964,2022-08-28,Technical Issues,Slack,81
10339,47355,2024-07-21,Poor Experience,ClickUp,85
10340,48133,2023-01-18,Poor Experience,Notion,63
10341,45614,2023-03-23,Technical Issues,Slack,88
10342,5576,2023-05-14,Missing Features,ClickUp,117
10343,37497,2024-06-05,High Pricing,Asana,106
10344,29992,2023-10-26,High Pricing,ClickUp,50
10345,17207,2022-04-26,Low Usage,Slack,3
10346,45617,2022-05-12,Poor Experience,Asana,72
10347,39089,2024-07-25,Poor Experience,Monday.com,53
10348,35121,2024-11-22,Poor Experience,Asana,52
10349,17234,2023-08-06,Technical Issues,Notion,84
10350,10522,2024-02-12,High Pricing,Monday.com,15
10351,7380,2022-08-22,Poor Experience,ClickUp,72
10352,37786,2023-01-27,High Pricing,ClickUp,40
10353,37123,2024-12-20,Missing Features,ClickUp,38
10354,12779,2022-04-24,Switched Competitor,Monday.com,82
10355,28457,2022-06-21,Poor Experience,ClickUp,42
10356,20869,2023-02-28,Low Usage,Asana,64
10357,2851,2024-03-01,Low Usage,Notion,100
10358,17218,2024-10-02,Technical Issues,Slack,107
10359,103,2022-03-05,Low Usage,Monday.com,90
10360,39295,2022-01-07,Poor Experience,Monday.com,14
10361,10804,2024-06-14,Technical Issues,Monday.com,99
10362,15146,2022-09-12,Low Usage,Notion,51
10363,14355,2023-10-16,Technical Issues,ClickUp,30
10364,39995,2022-10-10,High Pricing,Monday.com,42
10365,24335,2024-06-10,Low Usage,Notion,16
10366,19908,2023-06-28,Low Usage,Slack,6
10367,24145,2025-01-19,Low Usage,Asana,88
10368,44731,2023-03-16,Low Usage,Asana,11
10369,48638,2022-07-27,Technical Issues,ClickUp,66
10370,10466,2023-03-16,Poor Experience,Slack,15
10371,16944,2024-09-01,Missing Features,ClickUp,106
10372,25675,2023-02-12,Poor Experience,Slack,9
10373,14916,2023-05-27,High Pricing,Slack,63
10374,38555,2022-12-11,Low Usage,ClickUp,47
10375,38175,2023-05-30,Poor Experience,ClickUp,18
10376,42566,2023-01-20,Technical Issues,Slack,49
10377,30562,2023-06-29,High Pricing,Monday.com,69
10378,37774,2023-08-24,Poor Experience,Monday.com,26
10379,575,2023-11-18,Low Usage,Slack,39
10380,753,2023-06-03,Missing Features,ClickUp,71
10381,23108,2024-06-20,Switched Competitor,Asana,13
10382,32684,2023-08-13,Missing Features,Notion,41
10383,33995,2022-01-25,High Pricing,Notion,9
10384,4533,2023-02-11,Poor Experience,Notion,85
10385,19147,2022-07-24,Missing Features,ClickUp,84
10386,45109,2023-11-25,High Pricing,Monday.com,13
10387,25698,2022-06-11,Low Usage,ClickUp,63
10388,34992,2023-11-20,Switched Competitor,Notion,6
10389,18450,2024-09-28,Switched Competitor,Notion,10
10390,40993,2024-09-08,Switched Competitor,Monday.com,61
10391,34144,2023-01-26,Technical Issues,Asana,77
10392,12382,2023-07-18,Low Usage,Slack,118
10393,28699,2023-03-05,High Pricing,ClickUp,87
10394,20950,2022-04-09,Technical Issues,Notion,108
10395,19702,2023-02-06,High Pricing,ClickUp,2
10396,16416,2022-03-13,Low Usage,Slack,51
10397,18407,2024-06-26,Switched Competitor,Notion,90
10398,33393,2023-09-13,Low Usage,ClickUp,74
10399,4392,2022-03-24,High Pricing,ClickUp,68
10400,13999,2023-09-27,Poor Experience,Slack,88
10401,38420,2023-05-12,High Pricing,Asana,25
10402,18183,2024-05-10,Poor Experience,Notion,119
10403,17189,2022-07-01,Missing Features,ClickUp,117
10404,24506,2022-07-16,Technical Issues,Slack,67
10405,31645,2023-04-08,Low Usage,Asana,82
10406,31256,2023-10-11,High Pricing,Monday.com,29
10407,41989,2023-03-17,Switched Competitor,Slack,34
10408,39690,2023-08-27,Switched Competitor,Slack,72
10409,27543,2024-07-06,Missing Features,Asana,118
10410,32408,2023-03-28,Low Usage,Slack,106
10411,43195,2024-12-31,Technical Issues,Slack,27
10412,19122,2025-01-15,High Pricing,Slack,82
10413,19609,2024-12-21,Switched Competitor,Notion,42
10414,48262,2023-02-12,High Pricing,Asana,1
10415,35647,2024-09-16,Missing Features,ClickUp,52
10416,32722,2025-04-09,Technical Issues,Slack,118
10417,38387,2023-02-05,Poor Experience,ClickUp,31
10418,25174,2022-09-06,Low Usage,ClickUp,84
10419,14401,2022-01-28,Technical Issues,Monday.com,93
10420,27316,2024-05-09,Poor Experience,Monday.com,111
10421,22671,2022-07-02,Low Usage,Slack,109
10422,7030,2024-01-21,Low Usage,Asana,26
10423,24377,2022-06-05,Switched Competitor,ClickUp,10
10424,2826,2024-09-11,Missing Features,Slack,106
10425,14835,2022-08-10,High Pricing,Notion,120
10426,35402,2024-04-26,Low Usage,Slack,13
10427,26394,2022-10-29,Poor Experience,ClickUp,37
10428,19764,2022-07-04,Switched Competitor,Slack,68
10429,37977,2024-01-05,Technical Issues,Asana,58
10430,3390,2022-05-07,Technical Issues,Asana,110
10431,10665,2024-11-19,Low Usage,Monday.com,93
10432,18587,2024-11-20,Poor Experience,Asana,90
10433,6713,2022-10-21,Missing Features,ClickUp,117
10434,31715,2022-03-20,High Pricing,Notion,93
10435,13897,2024-03-08,Low Usage,Notion,34
10436,27547,2022-03-03,Switched Competitor,Asana,64
10437,37297,2023-07-17,Switched Competitor,Monday.com,28
10438,20309,2024-04-03,Missing Features,ClickUp,75
10439,6914,2024-05-08,Low Usage,Asana,57
10440,35436,2024-03-09,High Pricing,Notion,76
10441,12933,2024-04-09,Missing Features,Monday.com,47
10442,8414,2023-05-30,High Pricing,Asana,113
10443,45438,2025-03-11,Technical Issues,ClickUp,59
10444,33779,2022-11-09,Low Usage,Asana,32
10445,13232,2023-09-20,Poor Experience,Monday.com,75
10446,16908,2023-07-15,High Pricing,Monday.com,80
10447,46102,2024-05-11,Switched Competitor,Asana,44
10448,34878,2024-02-16,Low Usage,Monday.com,18
10449,16544,2023-10-31,High Pricing,ClickUp,35
10450,23252,2022-12-10,Switched Competitor,Asana,5
10451,35102,2022-02-01,Poor Experience,ClickUp,99
10452,48579,2024-10-11,Switched Competitor,Notion,40
10453,23375,2023-11-19,High Pricing,Monday.com,61
10454,26868,2022-11-06,Switched Competitor,Asana,2
10455,41725,2024-08-23,Technical Issues,Asana,79
10456,1479,2024-02-25,Switched Competitor,Notion,65
10457,41676,2023-12-19,Low Usage,Slack,29
10458,16627,2025-03-24,Missing Features,Monday.com,116
10459,31559,2023-04-19,Technical Issues,ClickUp,112
10460,10038,2024-09-13,Technical Issues,Slack,93
10461,18741,2023-09-09,Switched Competitor,Slack,59
10462,22154,2022-08-23,Switched Competitor,Notion,87
10463,48362,2024-11-24,Low Usage,Notion,116
10464,11261,2023-02-24,Low Usage,ClickUp,37
10465,765,2023-07-23,Low Usage,ClickUp,62
10466,10332,2024-11-01,Switched Competitor,ClickUp,67
10467,12594,2022-12-01,Switched Competitor,Monday.com,37
10468,19275,2024-09-11,Low Usage,Slack,33
10469,8003,2022-09-03,Technical Issues,ClickUp,100
10470,9895,2024-04-02,Missing Features,Monday.com,69
10471,5604,2024-06-30,Poor Experience,Notion,113
10472,47111,2022-11-04,Poor Experience,ClickUp,20
10473,40454,2022-06-01,Low Usage,Asana,76
10474,26650,2024-06-06,Missing Features,Asana,89
10475,8162,2024-12-02,Missing Features,Notion,28
10476,34287,2024-09-18,Poor Experience,ClickUp,81
10477,29357,2025-03-13,Low Usage,Notion,1
10478,6652,2022-01-15,Low Usage,Asana,26
10479,5017,2022-05-24,High Pricing,Notion,63
10480,10497,2024-11-21,Missing Features,Notion,115
10481,7109,2022-12-15,Technical Issues,Asana,10
10482,26543,2024-08-31,Missing Features,Monday.com,83
10483,3593,2024-04-03,Poor Experience,Slack,89
10484,26360,2022-10-24,Poor Experience,Notion,2
10485,23652,2022-10-10,Missing Features,Monday.com,25
10486,37916,2023-04-14,Technical Issues,Slack,55
10487,23015,2022-04-20,Poor Experience,Notion,73
10488,9982,2022-03-24,High Pricing,ClickUp,117
10489,29775,2022-02-21,Switched Competitor,Monday.com,99
10490,32069,2023-09-18,Poor Experience,Asana,76
10491,35754,2023-12-31,Missing Features,Asana,63
10492,25743,2022-08-04,Poor Experience,Asana,69
10493,18021,2023-08-21,Low Usage,Notion,75
10494,29507,2024-01-31,High Pricing,Slack,85
10495,19934,2023-02-20,Low Usage,Notion,95
10496,38249,2024-08-14,Technical Issues,Monday.com,94
10497,37138,2024-02-28,High Pricing,ClickUp,100
10498,28016,2023-11-16,Missing Features,Asana,118
10499,35684,2024-11-08,Low Usage,Asana,74
10500,8421,2023-10-08,Low Usage,Asana,100
10501,26640,2023-11-05,High Pricing,Slack,21
10502,2644,2024-06-13,Low Usage,ClickUp,82
10503,48338,2023-05-30,Poor Experience,Asana,31
10504,41353,2024-07-29,Poor Experience,Slack,92
10505,46221,2023-09-23,Poor Experience,ClickUp,58
10506,25558,2024-12-17,Low Usage,Asana,36
10507,2044,2022-05-04,Poor Experience,Asana,79
10508,16367,2023-03-03,Poor Experience,Asana,6
10509,47571,2022-01-18,Technical Issues,Monday.com,22
10510,17783,2022-08-08,Poor Experience,Notion,2
10511,21226,2022-03-08,High Pricing,Monday.com,10
10512,34092,2023-04-03,Missing Features,Asana,18
10513,4584,2024-05-05,Missing Features,Slack,96
10514,290,2024-05-29,Technical Issues,ClickUp,50
10515,6893,2023-08-22,Missing Features,Monday.com,24
10516,29996,2025-03-04,Missing Features,Slack,10
10517,25613,2024-06-01,High Pricing,Notion,110
10518,44943,2025-02-07,Missing Features,Slack,114
10519,6078,2025-01-17,Missing Features,Notion,37
10520,28267,2022-08-19,Poor Experience,ClickUp,24
10521,39511,2023-04-04,High Pricing,Slack,43
10522,14118,2023-06-30,Technical Issues,Asana,119
10523,6168,2024-07-29,Switched Competitor,Asana,51
10524,40839,2022-05-15,Technical Issues,ClickUp,8
10525,37836,2022-04-25,Low Usage,Asana,22
10526,39062,2025-03-10,High Pricing,Monday.com,46
10527,36145,2023-08-15,Switched Competitor,Slack,98
10528,15274,2024-06-09,Poor Experience,Notion,52
10529,30414,2022-07-21,Technical Issues,Asana,72
10530,31968,2022-12-11,Poor Experience,Notion,57
10531,40065,2025-03-03,Missing Features,Notion,59
10532,1807,2023-09-06,Low Usage,ClickUp,12
10533,28567,2024-06-04,Poor Experience,Notion,68
10534,49929,2023-08-30,Switched Competitor,Asana,12
10535,47623,2025-02-19,High Pricing,ClickUp,102
10536,11697,2022-01-01,Switched Competitor,Slack,86
10537,7946,2022-12-04,High Pricing,Asana,6
10538,34082,2024-12-06,Switched Competitor,Slack,104
10539,30379,2022-06-01,Switched Competitor,ClickUp,107
10540,49248,2022-04-14,Technical Issues,Asana,51
10541,14530,2023-08-07,Low Usage,Notion,87
10542,31191,2023-12-02,Poor Experience,Slack,9
10543,1099,2022-04-01,High Pricing,Asana,50
10544,47604,2025-03-09,Missing Features,Asana,118
10545,14947,2023-03-16,High Pricing,ClickUp,91
10546,38198,2024-10-09,Low Usage,Slack,111
10547,24613,2022-10-27,Switched Competitor,Monday.com,114
10548,31073,2023-10-24,Technical Issues,ClickUp,49
10549,43505,2022-08-02,Low Usage,Asana,23
10550,12433,2024-04-30,Poor Experience,Asana,49
10551,35997,2023-10-17,Switched Competitor,Slack,16
10552,32509,2024-03-09,Switched Competitor,Monday.com,9
10553,18611,2023-08-07,Low Usage,Monday.com,88
10554,18403,2022-03-24,High Pricing,Notion,102
10555,24073,2024-11-09,Switched Competitor,ClickUp,92
10556,15754,2023-07-28,High Pricing,Monday.com,19
10557,20353,2022-02-28,High Pricing,Notion,37
10558,4197,2022-10-28,High Pricing,Notion,1
10559,36329,2023-06-30,Low Usage,Slack,28
10560,2867,2024-10-23,Low Usage,ClickUp,5
10561,13872,2024-03-30,High Pricing,Monday.com,35
10562,49369,2023-01-25,Technical Issues,Notion,64
10563,11630,2023-10-16,Missing Features,Monday.com,21
10564,1862,2025-02-24,Technical Issues,ClickUp,87
10565,16854,2022-03-01,Switched Competitor,Notion,5
10566,6398,2023-03-13,High Pricing,ClickUp,17
10567,44324,2023-05-08,Low Usage,Notion,27
10568,39492,2023-07-07,Switched Competitor,Notion,33
10569,43523,2025-01-16,Missing Features,Notion,110
10570,28977,2023-10-22,Technical Issues,Asana,85
10571,26315,2023-02-08,Low Usage,Notion,20
10572,32708,2023-12-30,Poor Experience,Notion,103
10573,35671,2022-08-12,Switched Competitor,Notion,8
10574,39823,2023-07-09,Low Usage,Notion,114
10575,2462,2024-06-25,Poor Experience,Monday.com,32
10576,1025,2024-03-04,Low Usage,Notion,87
10577,37664,2024-07-22,Switched Competitor,Asana,115
10578,13892,2023-08-10,Low Usage,Slack,45
10579,29158,2023-01-05,Technical Issues,Slack,110
10580,25380,2024-04-10,Missing Features,Slack,70
10581,1914,2022-03-29,Missing Features,Notion,97
10582,3827,2025-04-05,Low Usage,Asana,5
10583,32494,2025-01-18,Missing Features,Notion,48
10584,43953,2024-08-07,High Pricing,Slack,103
10585,43082,2024-11-04,Switched Competitor,ClickUp,103
10586,46827,2022-07-18,Low Usage,Slack,8
10587,22675,2024-09-17,Low Usage,Slack,58
10588,46506,2023-11-06,Missing Features,ClickUp,109
10589,35662,2024-03-06,Technical Issues,Notion,15
10590,1492,2024-12-07,Poor Experience,ClickUp,82
10591,4464,2024-07-08,Low Usage,Notion,81
10592,47113,2023-11-21,High Pricing,Asana,7
10593,39802,2024-07-30,Switched Competitor,Notion,53
10594,48339,2023-07-20,Technical Issues,Notion,26
10595,42540,2023-05-15,Missing Features,Monday.com,14
10596,5117,2023-09-15,Missing Features,ClickUp,86
10597,19482,2023-03-04,High Pricing,Monday.com,91
10598,43791,2024-01-23,Switched Competitor,ClickUp,112
10599,5093,2023-10-23,Missing Features,Monday.com,15
10600,15879,2023-05-04,Low Usage,Notion,20
10601,46225,2023-05-20,Missing Features,Slack,9
10602,24863,2024-09-29,Low Usage,Asana,24
10603,15577,2024-08-13,Missing Features,Notion,86
10604,44325,2022-01-12,Poor Experience,Slack,6
10605,19561,2024-11-28,Missing Features,Notion,86
10606,36082,2022-11-08,Technical Issues,Slack,48
10607,5212,2023-01-26,Missing Features,Slack,85
10608,33840,2022-09-02,Low Usage,Asana,73
10609,26143,2022-08-04,Missing Features,Monday.com,62
10610,33430,2023-05-06,Poor Experience,Slack,30
10611,22944,2023-07-14,High Pricing,Slack,75
10612,46411,2023-05-24,Missing Features,Slack,113
10613,48194,2022-11-02,Technical Issues,ClickUp,56
10614,6695,2022-07-10,Technical Issues,Notion,4
10615,27838,2024-05-16,Missing Features,Asana,87
10616,29876,2023-04-19,Technical Issues,Slack,4
10617,49816,2024-08-08,Technical Issues,Notion,33
10618,17043,2024-01-08,High Pricing,Monday.com,112
10619,36242,2024-11-12,Switched Competitor,ClickUp,17
10620,8791,2023-11-15,Low Usage,Asana,112
10621,1239,2023-03-07,Low Usage,ClickUp,9
10622,4045,2022-05-31,Low Usage,Notion,87
10623,37572,2024-01-04,Switched Competitor,Monday.com,53
10624,47203,2023-10-11,Poor Experience,Asana,33
10625,35416,2022-01-21,Technical Issues,Monday.com,34
10626,42131,2024-07-12,Switched Competitor,ClickUp,41
10627,46805,2023-01-19,Technical Issues,Slack,117
10628,19755,2025-03-12,Switched Competitor,Notion,20
10629,47078,2025-03-12,Technical Issues,Slack,86
10630,36220,2024-11-09,Poor Experience,Notion,54
10631,15361,2024-06-14,Technical Issues,Asana,111
10632,26659,2024-10-24,High Pricing,Notion,67
10633,39690,2024-03-08,Missing Features,Monday.com,69
10634,22484,2024-09-20,Switched Competitor,Monday.com,119
10635,18356,2023-04-02,Missing Features,Monday.com,72
10636,33190,2024-12-20,Switched Competitor,ClickUp,67
10637,12023,2023-08-01,Low Usage,ClickUp,97
10638,7929,2022-07-17,Low Usage,Slack,40
10639,2758,2022-07-01,Poor Experience,Notion,116
10640,13695,2024-07-12,Technical Issues,Asana,116
10641,38129,2022-09-09,Poor Experience,Asana,10
10642,35674,2023-10-14,Missing Features,Notion,53
10643,6972,2024-07-24,Low Usage,Notion,106
10644,18489,2022-04-16,Poor Experience,Notion,27
10645,39357,2023-10-21,Poor Experience,Asana,108
10646,34783,2024-12-10,Poor Experience,Asana,71
10647,15396,2022-09-02,High Pricing,ClickUp,29
10648,33100,2023-01-30,Low Usage,Notion,90
10649,40531,2022-06-07,Switched Competitor,Slack,11
10650,38383,2024-10-31,High Pricing,ClickUp,86
10651,560,2022-08-05,Switched Competitor,Notion,106
10652,855,2022-09-13,High Pricing,Asana,22
10653,15239,2023-03-02,Technical Issues,Monday.com,108
10654,21892,2022-04-10,Low Usage,Monday.com,100
10655,20302,2024-01-07,Poor Experience,Asana,102
10656,30013,2025-03-29,High Pricing,Monday.com,104
10657,32772,2022-04-25,Missing Features,Asana,93
10658,6487,2023-08-18,Low Usage,Slack,35
10659,10710,2024-09-22,Missing Features,Notion,25
10660,48971,2023-01-03,Low Usage,Notion,82
10661,18907,2024-11-28,Missing Features,Slack,29
10662,2163,2025-01-22,Poor Experience,Asana,21
10663,12925,2023-02-27,High Pricing,Notion,110
10664,5726,2024-08-19,Technical Issues,Slack,105
10665,11228,2022-07-17,High Pricing,Slack,26
10666,48954,2024-04-08,Low Usage,Notion,3
10667,46968,2025-03-19,Low Usage,Asana,17
10668,48551,2023-07-24,Low Usage,Asana,59
10669,19851,2022-02-28,High Pricing,Asana,41
10670,28048,2022-06-19,Switched Competitor,Monday.com,113
10671,28866,2023-04-18,Low Usage,ClickUp,42
10672,29908,2023-04-21,Missing Features,Notion,41
10673,36911,2024-10-01,High Pricing,Notion,34
10674,48662,2023-07-15,Poor Experience,ClickUp,77
10675,12446,2024-01-09,Poor Experience,Monday.com,84
10676,35699,2024-09-18,Missing Features,Asana,22
10677,15271,2024-02-08,Missing Features,Notion,50
10678,21334,2025-03-05,Poor Experience,ClickUp,20
10679,1603,2023-10-02,Switched Competitor,Monday.com,34
10680,1837,2022-10-07,High Pricing,Asana,118
10681,29598,2022-01-10,Switched Competitor,Notion,118
10682,11140,2023-04-30,High Pricing,ClickUp,75
10683,6302,2023-07-06,High Pricing,Asana,115
10684,14644,2024-05-27,Poor Experience,Asana,68
10685,22719,2024-10-30,High Pricing,Asana,91
10686,40381,2023-05-11,High Pricing,Asana,37
10687,26658,2024-09-14,Poor Experience,Notion,88
10688,15651,2022-08-10,Switched Competitor,ClickUp,114
10689,45926,2024-03-19,Poor Experience,Notion,20
10690,4902,2022-02-18,Missing Features,Asana,82
10691,43531,2024-09-04,High Pricing,Slack,72
10692,22088,2025-04-13,Poor Experience,Asana,28
10693,4320,2022-09-21,High Pricing,Notion,12
10694,33190,2024-04-01,Technical Issues,Monday.com,13
10695,38135,2022-11-17,Missing Features,Slack,36
10696,35578,2023-05-06,Technical Issues,Slack,60
10697,11178,2022-10-14,High Pricing,ClickUp,109
10698,42968,2024-11-14,Missing Features,Monday.com,36
10699,42457,2023-11-07,Switched Competitor,Slack,110
10700,18522,2024-10-10,Technical Issues,Slack,7
10701,29022,2023-11-12,High Pricing,Slack,103
10702,46605,2024-07-31,High Pricing,Monday.com,76
10703,47858,2025-03-27,High Pricing,Slack,8
10704,2835,2024-02-24,High Pricing,Notion,25
10705,19885,2023-05-15,Low Usage,Asana,92
10706,12988,2024-08-06,Missing Features,ClickUp,51
10707,10766,2023-01-07,Technical Issues,Monday.com,44
10708,18361,2022-08-13,Switched Competitor,Slack,88
10709,12184,2023-02-02,Poor Experience,Slack,73
10710,22298,2023-09-10,Low Usage,ClickUp,116
10711,41744,2022-03-18,Poor Experience,Asana,106
10712,16980,2024-02-05,Missing Features,ClickUp,50
10713,17501,2023-07-17,Poor Experience,ClickUp,86
10714,48482,2024-06-08,Technical Issues,Monday.com,41
10715,39064,2023-07-08,Technical Issues,Monday.com,3
10716,24086,2024-05-15,Poor Experience,Notion,113
10717,11604,2022-04-05,Poor Experience,Slack,89
10718,39498,2023-02-09,High Pricing,Monday.com,116
10719,3483,2022-04-17,High Pricing,Slack,111
10720,7410,2023-09-07,Technical Issues,Asana,48
10721,18473,2024-05-02,Low Usage,Notion,17
10722,45001,2024-06-17,Poor Experience,Monday.com,75
10723,34182,2024-10-13,Poor Experience,Asana,86
10724,43649,2023-02-02,Missing Features,Monday.com,91
10725,20772,2023-12-30,Poor Experience,Slack,47
10726,42958,2022-12-02,High Pricing,Notion,100
10727,40995,2022-12-07,Switched Competitor,Slack,29
10728,48871,2023-06-11,Low Usage,Asana,37
10729,38672,2023-07-12,Switched Competitor,Slack,76
10730,16984,2023-05-13,Poor Experience,ClickUp,98
10731,45327,2024-06-23,Poor Experience,Asana,8
10732,25936,2022-08-11,High Pricing,Asana,72
10733,49763,2022-10-27,Missing Features,ClickUp,92
10734,13345,2024-09-12,High Pricing,Slack,61
10735,4484,2024-06-17,Poor Experience,Notion,9
10736,28548,2023-06-17,Missing Features,Notion,16
10737,31080,2024-08-28,Missing Features,ClickUp,70
10738,46171,2023-03-16,High Pricing,Monday.com,37
10739,10323,2024-12-25,High Pricing,Notion,8
10740,16671,2022-05-18,Low Usage,Notion,70
10741,15712,2022-10-03,Low Usage,ClickUp,14
10742,26889,2024-06-06,Low Usage,Slack,81
10743,38998,2023-08-01,Poor Experience,Notion,90
10744,6248,2024-02-17,Technical Issues,Slack,84
10745,32790,2023-12-11,Low Usage,Notion,3
10746,21669,2022-03-29,Missing Features,Monday.com,85
10747,48331,2022-06-09,Technical Issues,Monday.com,119
10748,34652,2023-05-17,Technical Issues,ClickUp,78
10749,1673,2023-03-15,Technical Issues,Asana,94
10750,5092,2022-05-26,Poor Experience,Asana,98
10751,44025,2022-03-30,Technical Issues,Monday.com,83
10752,15328,2025-02-14,Low Usage,ClickUp,113
10753,41431,2023-03-28,Technical Issues,ClickUp,36
10754,28246,2024-09-14,Technical Issues,Monday.com,2
10755,38840,2025-02-28,Switched Competitor,Monday.com,98
10756,2517,2024-04-24,High Pricing,ClickUp,35
10757,18315,2024-06-12,High Pricing,ClickUp,108
10758,6833,2023-10-28,Technical Issues,Slack,12
10759,13302,2025-01-28,Technical Issues,ClickUp,42
10760,43837,2024-02-21,High Pricing,ClickUp,20
10761,11232,2022-11-30,Poor Experience,Monday.com,15
10762,39905,2024-04-01,Missing Features,Notion,86
10763,18663,2023-02-12,Switched Competitor,Slack,98
10764,13715,2024-07-25,High Pricing,Asana,45
10765,34932,2024-02-10,Missing Features,Monday.com,100
10766,4178,2024-01-03,Missing Features,Monday.com,105
10767,15987,2023-05-07,Switched Competitor,ClickUp,96
10768,10987,2022-02-28,Poor Experience,Asana,46
10769,33896,2024-06-22,High Pricing,Slack,6
10770,34082,2024-01-03,Switched Competitor,Slack,31
10771,33132,2022-01-28,Missing Features,Slack,39
10772,8738,2022-02-22,High Pricing,Asana,9
10773,15846,2022-07-15,Switched Competitor,Asana,49
10774,43852,2022-01-15,Missing Features,Asana,10
10775,14356,2024-03-22,Technical Issues,Monday.com,40
10776,42546,2025-01-31,Low Usage,Notion,11
10777,33837,2025-03-09,Low Usage,Slack,23
10778,2525,2022-05-15,High Pricing,Slack,89
10779,22630,2023-01-04,Missing Features,Asana,48
10780,16835,2022-07-03,Switched Competitor,ClickUp,27
10781,32956,2022-11-22,High Pricing,Slack,92
10782,47070,2022-02-17,Poor Experience,Notion,104
10783,1183,2025-04-08,High Pricing,Notion,54
10784,41146,2024-04-06,Missing Features,ClickUp,56
10785,19207,2025-04-07,Low Usage,ClickUp,105
10786,8651,2022-12-02,Poor Experience,Monday.com,58
10787,45092,2023-10-23,Missing Features,Notion,25
10788,45568,2024-07-13,Missing Features,Slack,93
10789,33087,2024-11-07,Switched Competitor,ClickUp,90
10790,12928,2024-03-21,Technical Issues,Asana,88
10791,14068,2025-01-20,High Pricing,Slack,49
10792,22507,2024-06-02,Switched Competitor,ClickUp,3
10793,28600,2022-07-19,Technical Issues,Asana,38
10794,20479,2024-03-18,Poor Experience,Slack,6
10795,44808,2023-04-03,High Pricing,Notion,81
10796,28741,2023-10-06,High Pricing,Asana,78
10797,32568,2023-11-21,Poor Experience,Asana,21
10798,32449,2025-02-21,High Pricing,Slack,13
10799,3479,2024-03-30,High Pricing,Asana,95
10800,44855,2023-01-08,Switched Competitor,Monday.com,9
10801,28481,2023-02-23,Technical Issues,Slack,26
10802,13786,2022-11-26,Missing Features,Asana,8
10803,5197,2023-02-16,Poor Experience,Notion,57
10804,27877,2023-05-15,Poor Experience,Notion,98
10805,19034,2023-09-11,Switched Competitor,Notion,7
10806,23379,2024-05-18,Missing Features,Monday.com,65
10807,37578,2022-02-19,Missing Features,Notion,38
10808,24545,2022-07-04,High Pricing,Asana,33
10809,4423,2022-04-10,Low Usage,Asana,48
10810,31120,2025-02-05,Poor Experience,Slack,92
10811,4135,2023-10-23,Switched Competitor,Notion,73
10812,46462,2024-02-13,High Pricing,Asana,99
10813,1704,2023-07-24,Low Usage,Slack,7
10814,37841,2022-10-04,Low Usage,ClickUp,22
10815,35920,2024-02-09,Low Usage,Asana,52
10816,33248,2024-02-27,Missing Features,Notion,14
10817,8437,2024-05-17,Technical Issues,ClickUp,73
10818,36204,2024-10-10,High Pricing,ClickUp,50
10819,20748,2023-05-25,Technical Issues,Asana,84
10820,10239,2023-12-24,Poor Experience,Asana,31
10821,7691,2022-02-22,Technical Issues,Slack,21
10822,38283,2022-10-12,Low Usage,Asana,4
10823,8378,2022-12-16,Technical Issues,Monday.com,105
10824,8999,2025-03-24,Technical Issues,Asana,106
10825,18424,2024-08-29,Missing Features,ClickUp,110
10826,7550,2024-03-01,High Pricing,Notion,119
10827,42792,2024-07-12,Low Usage,Slack,24
10828,28426,2022-07-15,Poor Experience,ClickUp,56
10829,25071,2024-12-23,Switched Competitor,Asana,100
10830,20719,2023-01-10,Low Usage,Slack,112
10831,22235,2022-12-29,Technical Issues,Monday.com,7
10832,28113,2025-02-19,Technical Issues,Monday.com,47
10833,34564,2022-10-15,Low Usage,Monday.com,57
10834,48861,2024-09-15,Missing Features,Monday.com,69
10835,3221,2024-07-29,Poor Experience,Notion,88
10836,20618,2023-07-23,Technical Issues,Slack,15
10837,38631,2022-05-21,Missing Features,ClickUp,68
10838,46292,2023-05-13,High Pricing,Asana,17
10839,4407,2022-02-05,Technical Issues,Notion,96
10840,46016,2025-04-09,High Pricing,Notion,63
10841,3527,2025-04-10,Poor Experience,Asana,92
10842,49121,2022-11-02,Low Usage,Asana,2
10843,45312,2023-01-16,High Pricing,Notion,27
10844,40747,2023-02-13,Low Usage,Monday.com,83
10845,13593,2024-09-12,Technical Issues,Notion,22
10846,46352,2022-12-12,Poor Experience,Notion,61
10847,17793,2023-01-04,Technical Issues,ClickUp,98
10848,36579,2022-01-24,High Pricing,Notion,3
10849,41593,2022-11-13,Missing Features,Asana,25
10850,29382,2022-07-29,Low Usage,ClickUp,23
10851,24470,2023-10-29,Low Usage,Monday.com,33
10852,38198,2022-06-17,Poor Experience,Slack,43
10853,9571,2024-01-03,High Pricing,Monday.com,18
10854,37546,2022-03-09,Poor Experience,Monday.com,72
10855,39614,2025-03-15,Low Usage,Notion,91
10856,35290,2022-02-11,Poor Experience,Notion,24
10857,46712,2023-03-07,Poor Experience,Slack,40
10858,9453,2023-01-03,Technical Issues,Notion,68
10859,46938,2024-03-30,Technical Issues,Monday.com,39
10860,25503,2024-06-30,Technical Issues,Monday.com,54
10861,923,2023-02-18,Missing Features,Slack,113
10862,18674,2023-12-08,Missing Features,ClickUp,26
10863,14194,2023-07-22,High Pricing,Monday.com,66
10864,19166,2023-10-30,Switched Competitor,Slack,1
10865,44359,2022-12-08,Technical Issues,Monday.com,99
10866,1755,2022-05-30,Poor Experience,Asana,49
10867,17263,2024-08-07,Low Usage,ClickUp,116
10868,33395,2024-11-09,Technical Issues,Asana,1
10869,33799,2024-09-16,Technical Issues,ClickUp,53
10870,1701,2024-12-01,Switched Competitor,Asana,86
10871,20507,2024-10-05,Switched Competitor,ClickUp,38
10872,45108,2022-11-02,Switched Competitor,Asana,100
10873,38965,2023-08-01,Poor Experience,Monday.com,21
10874,36585,2023-11-06,High Pricing,ClickUp,79
10875,17605,2023-01-09,Technical Issues,Slack,14
10876,23456,2023-09-23,Technical Issues,ClickUp,93
10877,10203,2024-12-29,Switched Competitor,Monday.com,51
10878,23312,2022-10-10,Technical Issues,Slack,25
10879,2622,2024-05-14,Switched Competitor,Slack,67
10880,45795,2024-12-29,Switched Competitor,ClickUp,6
10881,5266,2022-02-13,Switched Competitor,Notion,44
10882,10165,2024-11-13,High Pricing,Asana,86
10883,16206,2022-12-13,Technical Issues,Monday.com,49
10884,7734,2022-02-23,High Pricing,Notion,41
10885,15680,2022-08-26,High Pricing,ClickUp,80
10886,17473,2022-01-19,Switched Competitor,Monday.com,32
10887,59,2024-08-03,Technical Issues,ClickUp,28
10888,42866,2022-07-25,Poor Experience,Monday.com,111
10889,15677,2022-04-05,Poor Experience,ClickUp,39
10890,41293,2025-03-11,Low Usage,Slack,116
10891,16493,2023-02-12,Missing Features,Slack,65
10892,18182,2022-04-13,Missing Features,Asana,13
10893,35959,2022-05-06,High Pricing,Asana,87
10894,37411,2023-03-01,Switched Competitor,Notion,81
10895,49906,2022-01-29,Poor Experience,Slack,43
10896,41002,2022-03-04,Poor Experience,Monday.com,42
10897,27877,2023-12-11,Technical Issues,ClickUp,110
10898,9646,2024-10-21,Missing Features,Notion,19
10899,205,2023-03-07,Low Usage,Monday.com,50
10900,21500,2022-10-15,Switched Competitor,Slack,119
10901,16355,2025-01-23,Poor Experience,Monday.com,102
10902,32785,2023-03-20,Switched Competitor,Monday.com,52
10903,22036,2022-09-17,High Pricing,Monday.com,21
10904,38039,2024-04-13,High Pricing,ClickUp,57
10905,17122,2022-06-25,Switched Competitor,Asana,48
10906,31569,2022-07-12,Low Usage,Notion,10
10907,38266,2023-11-10,Technical Issues,Notion,14
10908,5758,2024-12-31,Technical Issues,ClickUp,71
10909,48014,2022-05-23,Switched Competitor,Slack,91
10910,37771,2025-01-30,High Pricing,Slack,68
10911,5964,2023-06-19,Poor Experience,Monday.com,54
10912,19365,2024-08-20,Switched Competitor,Slack,13
10913,36198,2022-05-07,Switched Competitor,Notion,111
10914,11191,2023-09-12,High Pricing,Asana,61
10915,31413,2024-06-09,Missing Features,ClickUp,35
10916,2567,2024-11-02,High Pricing,Monday.com,100
10917,25673,2022-10-24,Missing Features,Notion,2
10918,49776,2023-06-23,High Pricing,Slack,63
10919,10754,2024-04-16,Poor Experience,Asana,97
10920,44820,2022-08-08,Poor Experience,ClickUp,32
10921,40736,2022-11-24,Technical Issues,Monday.com,69
10922,31980,2022-03-19,Switched Competitor,Monday.com,48
10923,31653,2023-03-28,Missing Features,Slack,92
10924,17671,2024-05-17,Switched Competitor,Asana,53
10925,11725,2022-09-07,High Pricing,ClickUp,78
10926,6152,2022-01-20,Switched Competitor,ClickUp,53
10927,45736,2023-02-04,Technical Issues,Slack,96
10928,11328,2022-02-04,High Pricing,Asana,37
10929,36923,2024-10-10,Missing Features,Monday.com,49
10930,17983,2025-01-20,Poor Experience,Asana,88
10931,24621,2024-01-27,Switched Competitor,Asana,117
10932,36953,2022-07-18,Missing Features,Asana,33
10933,13096,2023-07-04,Switched Competitor,Slack,58
10934,30261,2023-09-16,High Pricing,Notion,120
10935,40583,2023-04-04,Switched Competitor,Slack,4
10936,29552,2025-02-14,Switched Competitor,Monday.com,64
10937,481,2022-01-02,Switched Competitor,Slack,88
10938,28136,2022-03-02,Low Usage,Asana,82
10939,26079,2022-03-31,Low Usage,Notion,115
10940,39743,2023-08-05,Technical Issues,Asana,17
10941,8530,2022-05-06,Switched Competitor,Asana,89
10942,17785,2023-06-23,Poor Experience,ClickUp,3
10943,25856,2022-05-26,Poor Experience,Notion,28
10944,45434,2023-08-29,Switched Competitor,Slack,79
10945,48213,2023-05-04,Switched Competitor,Notion,79
10946,35558,2024-10-14,High Pricing,Monday.com,36
10947,27341,2023-01-29,Technical Issues,Notion,5
10948,46069,2022-12-20,Switched Competitor,Slack,1
10949,13732,2023-05-14,Low Usage,Monday.com,104
10950,26699,2024-12-25,Missing Features,Slack,47
10951,38720,2022-05-08,Missing Features,Notion,36
10952,47846,2023-08-20,High Pricing,Slack,75
10953,46332,2022-02-09,Technical Issues,Asana,87
10954,21127,2025-02-10,Poor Experience,ClickUp,17
10955,4305,2025-03-25,Technical Issues,Notion,64
10956,17914,2022-06-28,Low Usage,Notion,93
10957,13568,2024-07-15,Poor Experience,Asana,34
10958,30984,2022-11-04,Missing Features,Asana,25
10959,24417,2024-12-22,Technical Issues,Notion,57
10960,44109,2023-04-18,Low Usage,Asana,81
10961,29359,2022-02-23,High Pricing,Asana,79
10962,9807,2022-11-05,Poor Experience,ClickUp,116
10963,27408,2024-03-17,Poor Experience,Notion,42
10964,29862,2022-09-11,Poor Experience,Notion,82
10965,36011,2024-09-01,Switched Competitor,Asana,93
10966,20111,2025-01-04,Missing Features,Monday.com,60
10967,8280,2022-05-14,Poor Experience,Slack,1
10968,37195,2023-09-04,High Pricing,Asana,108
10969,29254,2023-05-11,Low Usage,Slack,92
10970,12843,2024-09-10,Switched Competitor,Asana,32
10971,43262,2023-10-14,Technical Issues,Slack,41
10972,8474,2025-03-03,Switched Competitor,Notion,38
10973,34284,2022-03-18,Missing Features,Slack,10
10974,39667,2024-04-27,Low Usage,Notion,80
10975,17952,2023-02-24,Poor Experience,Slack,69
10976,748,2022-10-12,Switched Competitor,Monday.com,51
10977,41871,2024-12-12,Missing Features,Notion,67
10978,34160,2024-06-12,Missing Features,Monday.com,81
10979,41249,2022-11-24,Switched Competitor,Slack,31
10980,11309,2024-06-30,Technical Issues,Slack,15
10981,39654,2024-04-28,Poor Experience,Asana,52
10982,16388,2023-02-25,Technical Issues,ClickUp,117
10983,10052,2024-08-30,Low Usage,Notion,81
10984,29044,2024-03-24,Missing Features,Notion,89
10985,15252,2024-10-04,Missing Features,Slack,20
10986,3132,2025-04-14,Poor Experience,ClickUp,112
10987,3579,2022-11-07,Poor Experience,Asana,41
10988,35758,2024-03-08,Switched Competitor,Monday.com,25
10989,10800,2022-05-02,Poor Experience,Notion,64
10990,23853,2025-02-06,Missing Features,Monday.com,33
10991,29930,2024-07-24,Poor Experience,Asana,68
10992,14652,2024-05-07,Switched Competitor,Notion,115
10993,7274,2023-08-10,Missing Features,Monday.com,39
10994,44051,2024-07-18,Technical Issues,Asana,106
10995,29156,2024-05-18,Low Usage,Slack,69
10996,17164,2022-07-10,High Pricing,ClickUp,44
10997,49759,2022-12-30,Switched Competitor,Monday.com,71
10998,5337,2024-06-17,Missing Features,Slack,25
10999,21195,2022-04-12,Poor Experience,Slack,79
11000,47508,2022-05-27,Poor Experience,Asana,104
11001,37011,2025-04-02,High Pricing,Slack,60
11002,30778,2022-02-10,Low Usage,Slack,18
11003,6008,2024-12-22,Poor Experience,Monday.com,9
11004,43457,2025-02-18,High Pricing,ClickUp,72
11005,40674,2024-09-04,Technical Issues,Monday.com,37
11006,2222,2024-12-01,High Pricing,Notion,23
11007,5126,2023-09-25,Switched Competitor,Asana,15
11008,13837,2024-06-16,Poor Experience,Notion,103
11009,49166,2023-08-08,Technical Issues,Asana,58
11010,48604,2024-10-04,Poor Experience,Notion,23
11011,33063,2024-09-06,Poor Experience,Asana,94
11012,19080,2023-11-17,Poor Experience,ClickUp,63
11013,37369,2024-06-19,Low Usage,ClickUp,28
11014,26055,2024-09-08,Technical Issues,Notion,75
11015,447,2022-05-08,Poor Experience,Slack,37
11016,27685,2022-05-17,Technical Issues,Slack,24
11017,21482,2022-11-30,Low Usage,ClickUp,91
11018,10398,2022-03-04,Switched Competitor,Slack,31
11019,33938,2024-02-21,Missing Features,Monday.com,98
11020,10811,2023-06-15,Switched Competitor,Monday.com,17
11021,24603,2022-09-22,Technical Issues,Slack,17
11022,40785,2022-05-11,Low Usage,Notion,10
11023,3885,2025-03-20,Poor Experience,Asana,91
11024,28745,2023-10-26,Missing Features,Slack,23
11025,49589,2025-01-09,Low Usage,Slack,75
11026,18739,2022-06-15,Technical Issues,Monday.com,39
11027,2158,2023-08-07,Technical Issues,ClickUp,92
11028,49260,2023-11-02,High Pricing,Monday.com,96
11029,48169,2025-01-28,Switched Competitor,ClickUp,87
11030,8575,2022-12-21,Technical Issues,ClickUp,84
11031,42224,2024-07-12,High Pricing,Asana,86
11032,39619,2025-01-01,Switched Competitor,Slack,101
11033,28918,2022-06-03,Technical Issues,Asana,20
11034,20667,2022-12-21,Poor Experience,Monday.com,72
11035,14963,2023-10-20,Poor Experience,Slack,90
11036,36794,2023-10-28,Low Usage,Monday.com,10
11037,7079,2024-07-03,Missing Features,Notion,88
11038,30882,2024-07-16,Low Usage,Notion,51
11039,31652,2024-07-16,Low Usage,Slack,33
11040,9400,2024-12-20,Poor Experience,ClickUp,42
11041,41575,2024-08-04,Missing Features,Notion,106
11042,26531,2024-06-11,High Pricing,ClickUp,57
11043,35392,2024-09-22,Low Usage,Monday.com,7
11044,13686,2022-02-22,Switched Competitor,Notion,54
11045,24520,2023-09-19,Technical Issues,Asana,12
11046,2409,2022-04-21,Missing Features,Notion,75
11047,31425,2022-05-28,High Pricing,Monday.com,97
11048,7716,2024-12-02,Switched Competitor,Asana,101
11049,30294,2024-09-14,Poor Experience,Asana,118
11050,8929,2025-01-10,Missing Features,Slack,68
11051,14868,2022-04-18,Poor Experience,Asana,60
11052,27682,2024-06-05,Poor Experience,Slack,34
11053,7081,2022-02-10,Low Usage,Notion,109
11054,12353,2022-08-22,High Pricing,Monday.com,103
11055,17018,2022-08-04,Switched Competitor,Notion,72
11056,5858,2022-03-25,High Pricing,Asana,113
11057,30897,2022-06-19,High Pricing,Asana,35
11058,28729,2022-01-06,Missing Features,Asana,96
11059,23592,2024-09-27,High Pricing,Notion,50
11060,23310,2025-02-20,Low Usage,Asana,51
11061,43745,2022-07-19,High Pricing,Notion,69
11062,21555,2024-12-09,Low Usage,Asana,6
11063,3167,2022-01-25,Poor Experience,Asana,99
11064,19532,2025-02-12,Technical Issues,Monday.com,25
11065,18956,2025-02-12,Low Usage,Asana,65
11066,36302,2023-06-14,Missing Features,ClickUp,26
11067,21862,2022-02-12,Missing Features,Monday.com,87
11068,33182,2024-02-27,Low Usage,ClickUp,83
11069,33518,2025-03-18,Switched Competitor,Notion,33
11070,3711,2025-03-29,Poor Experience,Notion,22
11071,43125,2024-02-28,Technical Issues,Slack,33
11072,11294,2024-03-02,Switched Competitor,ClickUp,59
11073,185,2024-07-12,Missing Features,Monday.com,84
11074,27300,2025-03-01,Missing Features,Slack,70
11075,2331,2022-11-21,Missing Features,Notion,74
11076,2723,2022-03-31,Technical Issues,Monday.com,1
11077,45886,2024-01-23,Technical Issues,ClickUp,79
11078,28907,2022-06-20,Poor Experience,Slack,99
11079,21102,2023-12-04,Missing Features,Notion,66
11080,18961,2023-05-29,Missing Features,Slack,119
11081,17163,2023-05-29,Switched Competitor,Slack,90
11082,25110,2024-08-13,Poor Experience,Asana,83
11083,41242,2022-12-09,Missing Features,Slack,117
11084,22361,2024-06-08,Switched Competitor,ClickUp,92
11085,1109,2022-06-21,Missing Features,Slack,60
11086,29669,2023-11-08,Poor Experience,ClickUp,119
11087,41270,2022-07-29,Poor Experience,Notion,54
11088,1321,2025-03-10,High Pricing,Asana,11
11089,39807,2024-08-20,High Pricing,Asana,120
11090,3302,2023-06-19,Poor Experience,Notion,50
11091,16531,2023-11-03,Technical Issues,ClickUp,69
11092,48521,2023-07-15,Switched Competitor,Asana,32
11093,41986,2022-07-22,Poor Experience,Asana,60
11094,47570,2023-02-25,Poor Experience,Slack,16
11095,1226,2024-01-17,Low Usage,Notion,87
11096,10009,2025-02-21,Poor Experience,Slack,50
11097,31477,2023-06-17,Technical Issues,ClickUp,86
11098,24911,2023-08-31,Low Usage,Monday.com,41
11099,27403,2023-10-07,Technical Issues,ClickUp,49
11100,49237,2023-09-02,Technical Issues,Notion,53
11101,34940,2022-01-31,High Pricing,Slack,36
11102,31525,2023-10-19,High Pricing,Slack,35
11103,34318,2024-02-11,High Pricing,Asana,15
11104,27775,2024-05-05,Switched Competitor,ClickUp,97
11105,6085,2024-05-06,Poor Experience,Slack,5
11106,29195,2024-01-30,Technical Issues,ClickUp,111
11107,40735,2023-09-05,Missing Features,Slack,109
11108,40136,2023-12-13,Low Usage,Asana,41
11109,39547,2024-02-28,Technical Issues,Notion,82
11110,4094,2023-06-07,Switched Competitor,ClickUp,36
11111,26048,2024-08-14,High Pricing,Asana,60
11112,24748,2023-04-04,Low Usage,Slack,17
11113,48864,2022-10-18,Poor Experience,ClickUp,58
11114,13777,2022-08-20,Technical Issues,Asana,30
11115,17940,2025-03-31,Missing Features,Slack,42
11116,41324,2023-02-11,High Pricing,Slack,16
11117,44878,2022-09-17,Switched Competitor,Slack,88
11118,49929,2024-11-29,Switched Competitor,Asana,59
11119,14683,2024-02-16,Low Usage,Asana,14
11120,41363,2024-03-01,Poor Experience,Monday.com,63
11121,20742,2023-06-30,Poor Experience,Asana,75
11122,38120,2022-12-02,Technical Issues,Notion,11
11123,46587,2023-03-19,Poor Experience,Monday.com,34
11124,6966,2024-12-22,High Pricing,Monday.com,83
11125,7507,2024-12-09,Technical Issues,ClickUp,30
11126,10655,2025-03-01,Low Usage,Notion,36
11127,31043,2023-05-26,Poor Experience,Asana,33
11128,1940,2022-11-28,Technical Issues,Monday.com,100
11129,1748,2024-04-01,Technical Issues,Notion,40
11130,9671,2023-07-18,Switched Competitor,Asana,23
11131,40406,2024-10-05,Poor Experience,Slack,1
11132,18774,2022-08-01,Poor Experience,Monday.com,100
11133,17907,2022-10-22,Technical Issues,ClickUp,54
11134,46613,2024-04-08,Missing Features,Notion,24
11135,36119,2024-04-05,Switched Competitor,Asana,112
11136,32113,2024-09-30,Missing Features,Asana,112
11137,18700,2022-05-14,Low Usage,Slack,80
11138,3002,2023-11-18,Low Usage,ClickUp,59
11139,37351,2022-09-11,Poor Experience,Slack,119
11140,40404,2023-08-01,Technical Issues,Asana,96
11141,12373,2023-09-11,Poor Experience,Monday.com,26
11142,10314,2024-01-03,Switched Competitor,Notion,39
11143,10433,2022-01-04,Low Usage,Monday.com,22
11144,44061,2024-09-27,Switched Competitor,ClickUp,102
11145,48413,2024-04-02,Missing Features,ClickUp,98
11146,32082,2022-08-03,Low Usage,Slack,64
11147,43624,2022-09-06,Poor Experience,Slack,84
11148,10559,2024-08-03,Missing Features,ClickUp,83
11149,33500,2025-03-21,Switched Competitor,ClickUp,69
11150,30622,2022-10-05,Low Usage,Monday.com,116
11151,42898,2025-01-17,Missing Features,Slack,104
11152,40032,2023-11-18,Technical Issues,Notion,24
11153,49479,2024-09-01,Switched Competitor,Notion,59
11154,16055,2023-06-19,Poor Experience,Notion,116
11155,38726,2024-12-03,Poor Experience,Notion,86
11156,5675,2023-06-25,Switched Competitor,Notion,89
11157,38523,2024-03-29,Low Usage,Asana,13
11158,3452,2023-07-25,Poor Experience,Slack,95
11159,3131,2024-06-05,High Pricing,Slack,7
11160,37051,2025-03-02,Poor Experience,Notion,43
11161,20343,2023-04-05,Technical Issues,Asana,107
11162,16525,2023-04-27,Low Usage,Notion,120
11163,20686,2023-09-25,Switched Competitor,Monday.com,93
11164,5738,2024-03-04,Missing Features,Asana,35
11165,35026,2024-10-07,Missing Features,Notion,78
11166,2642,2024-06-15,Technical Issues,Slack,54
11167,20782,2022-01-16,Switched Competitor,Notion,28
11168,23618,2025-03-21,Technical Issues,Monday.com,75
11169,41018,2023-11-13,Technical Issues,Notion,21
11170,23565,2024-06-27,Switched Competitor,ClickUp,108
11171,9802,2023-09-15,Switched Competitor,ClickUp,40
11172,22177,2024-11-02,Low Usage,Notion,28
11173,40583,2023-04-25,Switched Competitor,ClickUp,29
11174,24148,2024-04-06,Technical Issues,Monday.com,82
11175,42870,2023-05-31,Missing Features,Asana,27
11176,24065,2022-07-13,Technical Issues,ClickUp,35
11177,27939,2022-06-21,Technical Issues,Slack,72
11178,25803,2022-03-09,Switched Competitor,Asana,44
11179,28676,2024-03-01,Missing Features,ClickUp,119
11180,15102,2024-07-07,High Pricing,Slack,27
11181,44432,2023-09-03,Poor Experience,Notion,2
11182,3803,2022-06-02,Low Usage,Notion,95
11183,47235,2024-08-08,Technical Issues,Notion,76
11184,26459,2024-11-17,Missing Features,ClickUp,13
11185,19042,2024-07-15,Poor Experience,Asana,90
11186,13831,2023-04-12,Missing Features,Notion,88
11187,19454,2025-02-06,Technical Issues,Monday.com,113
11188,40631,2023-05-04,Switched Competitor,Monday.com,44
11189,46812,2022-12-03,Switched Competitor,Monday.com,20
11190,36912,2024-04-30,High Pricing,ClickUp,53
11191,25601,2024-04-12,Missing Features,Monday.com,28
11192,410,2024-02-27,Missing Features,Slack,57
11193,19344,2024-02-14,High Pricing,Asana,17
11194,33443,2023-10-21,Technical Issues,ClickUp,58
11195,44090,2023-03-31,Low Usage,Slack,63
11196,14982,2024-03-10,Poor Experience,ClickUp,18
11197,3747,2023-05-19,Missing Features,Asana,62
11198,32943,2024-12-14,Poor Experience,Asana,36
11199,9049,2024-02-15,High Pricing,Slack,8
11200,15639,2024-11-16,High Pricing,ClickUp,79
11201,10001,2024-10-18,Poor Experience,Slack,79
11202,30452,2023-10-02,Missing Features,Slack,106
11203,7629,2022-04-14,Low Usage,Asana,18
11204,39242,2022-04-05,Switched Competitor,Monday.com,114
11205,5753,2024-06-10,Missing Features,Asana,120
11206,18263,2025-02-12,Technical Issues,ClickUp,42
11207,39385,2022-02-07,High Pricing,Asana,25
11208,4134,2024-09-11,Low Usage,Slack,46
11209,49367,2024-06-02,Low Usage,Asana,26
11210,21031,2024-06-19,Switched Competitor,Asana,105
11211,35186,2022-07-04,Missing Features,ClickUp,111
11212,5423,2022-02-23,Missing Features,Slack,30
11213,5302,2023-07-15,High Pricing,Monday.com,108
11214,15628,2024-02-17,Poor Experience,Notion,60
11215,12302,2024-10-31,Low Usage,Slack,63
11216,47564,2022-12-14,Poor Experience,ClickUp,28
11217,31756,2022-07-15,High Pricing,ClickUp,40
11218,7195,2024-05-12,Poor Experience,ClickUp,106
11219,21397,2022-12-09,Switched Competitor,Asana,44
11220,9260,2023-12-29,Low Usage,ClickUp,22
11221,35434,2023-04-25,Switched Competitor,ClickUp,70
11222,36818,2022-01-17,Missing Features,Asana,27
11223,3080,2022-08-09,Poor Experience,Slack,9
11224,49964,2025-02-16,Switched Competitor,ClickUp,96
11225,11023,2025-02-22,Poor Experience,Slack,101
11226,28063,2024-03-11,Low Usage,Slack,102
11227,29083,2023-03-24,Poor Experience,Notion,9
11228,10972,2024-12-25,Switched Competitor,Asana,67
11229,12776,2024-11-17,Low Usage,Asana,95
11230,2018,2025-03-26,Poor Experience,Notion,97
11231,11469,2023-07-09,Poor Experience,ClickUp,101
11232,49275,2022-11-13,Poor Experience,Asana,84
11233,39685,2024-06-12,Missing Features,Notion,117
11234,3982,2022-01-18,Technical Issues,ClickUp,117
11235,7814,2022-03-07,High Pricing,ClickUp,114
11236,34849,2022-04-24,Low Usage,ClickUp,102
11237,24324,2023-07-08,Switched Competitor,Slack,12
11238,25024,2024-01-22,Low Usage,Notion,48
11239,37205,2023-09-11,Poor Experience,ClickUp,15
11240,10562,2025-01-09,High Pricing,Monday.com,72
11241,42237,2023-08-27,High Pricing,Asana,54
11242,8574,2023-04-03,Missing Features,ClickUp,113
11243,33858,2022-08-10,Poor Experience,Notion,37
11244,37399,2024-04-09,Technical Issues,Slack,65
11245,36109,2023-03-19,Technical Issues,Monday.com,82
11246,23085,2023-12-13,High Pricing,Monday.com,11
11247,34905,2024-05-13,Low Usage,Monday.com,108
11248,26733,2022-06-27,Missing Features,Slack,78
11249,44375,2023-06-11,Low Usage,Notion,97
11250,15573,2023-08-24,Poor Experience,ClickUp,86
11251,34328,2022-07-11,Technical Issues,Monday.com,118
11252,19648,2022-03-31,Switched Competitor,Monday.com,28
11253,42993,2023-11-07,Missing Features,ClickUp,78
11254,49077,2023-03-28,High Pricing,ClickUp,93
11255,12916,2024-01-20,Technical Issues,Asana,89
11256,13323,2022-03-16,Switched Competitor,Notion,32
11257,20351,2023-08-22,High Pricing,Notion,93
11258,6582,2024-03-12,Low Usage,Slack,110
11259,46726,2023-11-29,Missing Features,Notion,7
11260,46961,2022-01-01,Switched Competitor,Asana,20
11261,33656,2024-12-23,Low Usage,ClickUp,62
11262,2393,2025-01-27,Technical Issues,Notion,81
11263,45477,2025-01-26,Missing Features,Monday.com,31
11264,26320,2023-08-12,Poor Experience,Slack,51
11265,41779,2022-04-14,Missing Features,Asana,58
11266,38666,2023-11-24,High Pricing,Asana,15
11267,15692,2024-03-02,High Pricing,Monday.com,115
11268,24598,2022-11-27,Technical Issues,ClickUp,96
11269,24668,2023-01-02,Technical Issues,Asana,84
11270,38233,2024-11-13,Switched Competitor,Asana,4
11271,33101,2024-06-12,Technical Issues,Asana,118
11272,18068,2025-02-10,Missing Features,Asana,91
11273,1459,2024-12-05,Technical Issues,Slack,110
11274,44441,2023-03-26,High Pricing,Slack,66
11275,48838,2024-06-01,Missing Features,Slack,85
11276,20420,2024-06-13,Poor Experience,ClickUp,21
11277,7202,2023-08-31,Switched Competitor,Asana,108
11278,46501,2022-08-16,Missing Features,Notion,21
11279,40860,2023-04-06,High Pricing,ClickUp,1
11280,9517,2023-01-27,Low Usage,Slack,11
11281,13308,2024-11-22,Technical Issues,Slack,67
11282,37198,2022-03-25,Technical Issues,ClickUp,36
11283,6234,2024-10-07,Missing Features,Asana,87
11284,44899,2023-12-21,High Pricing,Slack,51
11285,28683,2023-10-01,Poor Experience,Slack,91
11286,4256,2024-11-05,Low Usage,Monday.com,111
11287,40734,2025-02-26,Low Usage,ClickUp,49
11288,37804,2023-02-03,Poor Experience,ClickUp,87
11289,36965,2022-09-13,Missing Features,ClickUp,28
11290,45150,2024-10-09,Missing Features,Slack,64
11291,10046,2024-11-20,Low Usage,ClickUp,99
11292,35957,2022-08-22,Switched Competitor,Asana,4
11293,2335,2022-05-22,Poor Experience,Notion,54
11294,6739,2023-04-12,Missing Features,Monday.com,51
11295,4730,2024-02-28,Poor Experience,Monday.com,117
11296,29745,2022-01-21,High Pricing,ClickUp,57
11297,12251,2022-08-31,Switched Competitor,Asana,51
11298,25375,2024-11-28,Switched Competitor,Notion,108
11299,44324,2024-01-09,High Pricing,Slack,89
11300,11787,2022-05-14,Low Usage,Notion,18
11301,1384,2023-09-10,Poor Experience,ClickUp,91
11302,28319,2022-08-06,Low Usage,ClickUp,65
11303,44424,2024-07-30,Switched Competitor,Monday.com,78
11304,9091,2022-01-16,Low Usage,ClickUp,43
11305,35741,2022-06-03,Poor Experience,Notion,112
11306,14991,2024-05-23,High Pricing,Monday.com,34
11307,26671,2023-07-22,Poor Experience,Notion,115
11308,47985,2024-08-25,Switched Competitor,Monday.com,77
11309,41960,2025-03-31,Missing Features,Monday.com,45
11310,38816,2022-04-19,Poor Experience,Notion,77
11311,11419,2023-10-14,Poor Experience,Monday.com,80
11312,47556,2022-05-10,Technical Issues,Notion,27
11313,27689,2024-12-21,Missing Features,Asana,35
11314,5730,2022-07-26,High Pricing,Slack,103
11315,42625,2024-10-28,Switched Competitor,Monday.com,46
11316,20687,2024-07-18,Switched Competitor,Asana,19
11317,44774,2022-07-26,Technical Issues,Monday.com,2
11318,33611,2023-06-14,Missing Features,ClickUp,115
11319,12499,2024-05-19,Missing Features,Asana,101
11320,22079,2023-04-21,Low Usage,Slack,29
11321,35611,2022-10-21,Technical Issues,Monday.com,22
11322,16184,2023-02-03,Technical Issues,Asana,53
11323,5495,2023-12-18,High Pricing,Monday.com,63
11324,16120,2023-11-20,Low Usage,Notion,52
11325,28331,2022-10-04,Missing Features,ClickUp,61
11326,42826,2024-02-03,Missing Features,ClickUp,14
11327,47807,2024-12-01,Missing Features,Monday.com,64
11328,45411,2025-02-15,Technical Issues,Notion,92
11329,28775,2022-03-14,Poor Experience,Notion,88
11330,8543,2023-10-08,Low Usage,Slack,57
11331,15040,2025-03-09,Low Usage,Slack,13
11332,28359,2023-10-06,Technical Issues,Notion,57
11333,30760,2022-09-25,Poor Experience,Asana,90
11334,19584,2024-11-10,Low Usage,Slack,99
11335,19719,2024-06-20,Technical Issues,Slack,117
11336,42333,2022-10-29,Poor Experience,ClickUp,65
11337,7069,2023-07-13,Missing Features,Monday.com,20
11338,30239,2022-11-09,Switched Competitor,Notion,11
11339,426,2022-06-29,Switched Competitor,Asana,108
11340,47512,2025-03-09,High Pricing,Notion,96
11341,28352,2025-02-25,High Pricing,Slack,109
11342,48443,2023-02-18,Missing Features,Asana,48
11343,15,2024-12-31,High Pricing,Slack,47
11344,21758,2025-01-10,Missing Features,ClickUp,71
11345,38303,2024-08-12,Low Usage,Asana,116
11346,7081,2022-06-30,Low Usage,Notion,64
11347,36637,2023-10-10,Poor Experience,Slack,10
11348,32889,2022-05-07,Poor Experience,Monday.com,92
11349,22557,2022-04-17,Technical Issues,Notion,2
11350,5730,2022-01-06,High Pricing,Slack,39
11351,8122,2023-08-18,Technical Issues,Slack,94
11352,35192,2023-06-22,Low Usage,Notion,72
11353,35160,2024-02-20,Missing Features,Asana,38
11354,8813,2022-12-30,High Pricing,Slack,83
11355,35035,2025-04-09,High Pricing,Asana,20
11356,29679,2022-01-30,Switched Competitor,Slack,102
11357,3098,2022-11-30,High Pricing,Notion,68
11358,1036,2024-08-12,High Pricing,Asana,16
11359,29523,2024-07-22,Switched Competitor,Notion,50
11360,36197,2023-08-29,Switched Competitor,Notion,19
11361,13700,2025-04-04,Technical Issues,Notion,31
11362,38101,2024-06-11,High Pricing,Monday.com,9
11363,22600,2023-02-28,High Pricing,Slack,95
11364,40840,2022-04-05,Switched Competitor,ClickUp,117
11365,6025,2024-01-12,Missing Features,Asana,39
11366,16817,2024-06-20,Switched Competitor,Monday.com,84
11367,13734,2022-01-27,Poor Experience,Monday.com,113
11368,4507,2024-01-15,Poor Experience,Asana,5
11369,38268,2025-04-08,Missing Features,Slack,83
11370,284,2024-06-22,Switched Competitor,ClickUp,35
11371,29373,2023-02-20,Technical Issues,Notion,72
11372,20659,2024-04-20,Poor Experience,Asana,49
11373,5943,2024-10-09,Technical Issues,Asana,40
11374,8197,2022-12-06,Low Usage,Asana,97
11375,34412,2022-08-02,Technical Issues,ClickUp,12
11376,39619,2023-12-03,Missing Features,Asana,18
11377,24924,2024-06-18,Low Usage,Asana,53
11378,27937,2022-03-20,Missing Features,Asana,6
11379,40373,2025-03-30,High Pricing,ClickUp,45
11380,32472,2023-09-15,Technical Issues,Asana,85
11381,27519,2025-01-10,Low Usage,Notion,106
11382,23931,2023-12-11,Technical Issues,Slack,68
11383,31367,2024-05-26,Low Usage,Slack,94
11384,3901,2024-12-24,Switched Competitor,Monday.com,42
11385,35479,2024-09-04,Technical Issues,Monday.com,71
11386,34238,2024-05-10,High Pricing,Slack,113
11387,39699,2024-11-21,Switched Competitor,ClickUp,83
11388,23876,2024-08-28,High Pricing,ClickUp,38
11389,3215,2024-09-20,Switched Competitor,Monday.com,86
11390,48221,2023-06-25,High Pricing,Asana,50
11391,44760,2025-03-08,Technical Issues,Asana,95
11392,18254,2024-11-25,Poor Experience,Monday.com,89
11393,32141,2022-10-27,High Pricing,ClickUp,17
11394,22783,2023-03-29,High Pricing,Slack,117
11395,38711,2023-01-24,Technical Issues,ClickUp,57
11396,12094,2023-10-24,High Pricing,ClickUp,10
11397,43020,2022-07-10,Technical Issues,Slack,9
11398,7166,2025-01-03,Technical Issues,Slack,112
11399,35843,2024-05-26,Switched Competitor,ClickUp,100
11400,28165,2022-07-20,Missing Features,Notion,117
11401,4635,2024-03-01,Missing Features,Asana,37
11402,49662,2024-01-25,Low Usage,Asana,65
11403,8455,2023-11-12,Missing Features,ClickUp,32
11404,36258,2025-02-06,Switched Competitor,Notion,26
11405,9740,2023-09-13,Switched Competitor,Notion,107
11406,30108,2024-02-25,Switched Competitor,Monday.com,78
11407,33505,2025-02-06,Missing Features,Monday.com,78
11408,34569,2023-04-24,Low Usage,Notion,120
11409,11221,2022-06-14,Switched Competitor,Slack,117
11410,34378,2024-10-27,Technical Issues,ClickUp,45
11411,18864,2023-08-31,Poor Experience,ClickUp,74
11412,4589,2022-11-06,Poor Experience,Monday.com,54
11413,43820,2023-10-15,Low Usage,Monday.com,38
11414,41711,2022-04-29,Poor Experience,Asana,89
11415,38002,2024-02-18,High Pricing,Monday.com,99
11416,19272,2023-02-22,Missing Features,ClickUp,76
11417,4963,2024-11-07,Missing Features,ClickUp,54
11418,25850,2023-10-20,Poor Experience,Monday.com,47
11419,44304,2024-05-26,Switched Competitor,Notion,62
11420,19008,2022-03-29,Switched Competitor,Monday.com,83
11421,48967,2022-03-13,Poor Experience,Asana,80
11422,1280,2022-09-01,Technical Issues,Monday.com,110
11423,5938,2024-05-03,Low Usage,Notion,94
11424,46750,2025-01-09,Low Usage,ClickUp,54
11425,31586,2022-10-01,High Pricing,Notion,117
11426,3832,2023-04-01,Missing Features,ClickUp,81
11427,35900,2023-07-21,Technical Issues,Monday.com,76
11428,26248,2022-01-17,High Pricing,Slack,35
11429,28674,2024-02-06,Switched Competitor,Monday.com,103
11430,9348,2023-05-04,Low Usage,Notion,31
11431,40767,2022-10-07,Missing Features,Notion,47
11432,43063,2024-03-19,Low Usage,ClickUp,16
11433,41754,2023-07-11,Low Usage,ClickUp,78
11434,22733,2024-06-12,High Pricing,Slack,114
11435,16367,2023-04-02,Low Usage,Notion,79
11436,42540,2024-12-07,Technical Issues,Monday.com,17
11437,27397,2024-03-05,High Pricing,ClickUp,31
11438,32275,2022-10-20,High Pricing,Slack,93
11439,16811,2022-10-11,Switched Competitor,Asana,84
11440,30547,2024-12-05,Technical Issues,Asana,1
11441,37373,2024-12-25,Switched Competitor,Asana,81
11442,14448,2025-01-28,Poor Experience,ClickUp,3
11443,3709,2023-04-18,Technical Issues,Slack,60
11444,2601,2022-08-19,Poor Experience,ClickUp,1
11445,35563,2022-08-13,High Pricing,Notion,118
11446,33643,2024-11-18,High Pricing,Slack,36
11447,10614,2025-03-09,High Pricing,ClickUp,93
11448,13110,2024-02-12,Technical Issues,Asana,78
11449,15245,2025-01-05,Missing Features,ClickUp,16
11450,36431,2024-05-25,Low Usage,Slack,52
11451,38399,2022-03-27,Poor Experience,Monday.com,100
11452,49793,2022-01-20,Technical Issues,ClickUp,7
11453,20066,2024-09-14,Low Usage,Notion,80
11454,18416,2024-10-31,Missing Features,ClickUp,67
11455,29340,2024-02-04,Low Usage,Asana,94
11456,45716,2022-06-13,High Pricing,ClickUp,56
11457,45211,2022-09-18,Poor Experience,ClickUp,118
11458,2681,2023-03-22,High Pricing,ClickUp,104
11459,29025,2023-05-07,Technical Issues,Notion,58
11460,49621,2023-04-25,Missing Features,Notion,13
11461,20962,2024-11-28,Switched Competitor,ClickUp,26
11462,9398,2024-09-21,Poor Experience,ClickUp,88
11463,11474,2023-06-15,Technical Issues,ClickUp,55
11464,16135,2023-01-31,Switched Competitor,Slack,64
11465,834,2023-02-04,Poor Experience,Asana,34
11466,6501,2025-04-01,Technical Issues,Asana,114
11467,38014,2022-05-05,Technical Issues,Notion,20
11468,17632,2022-01-27,High Pricing,Notion,42
11469,13749,2024-04-10,Missing Features,Monday.com,74
11470,42327,2022-04-08,High Pricing,Notion,101
11471,6727,2024-10-19,Poor Experience,Monday.com,53
11472,36427,2025-01-27,Missing Features,Slack,50
11473,17165,2025-01-22,High Pricing,Monday.com,105
11474,6177,2025-03-31,Missing Features,Monday.com,65
11475,20128,2024-02-22,Poor Experience,Notion,92
11476,30054,2023-09-05,Missing Features,Slack,93
11477,41946,2023-04-11,Missing Features,ClickUp,46
11478,35119,2023-06-13,High Pricing,Monday.com,105
11479,36077,2023-12-22,High Pricing,Notion,53
11480,44191,2022-09-03,Technical Issues,Slack,105
11481,44124,2024-07-14,Switched Competitor,Monday.com,38
11482,8855,2024-02-20,Switched Competitor,ClickUp,90
11483,31727,2024-04-15,High Pricing,Slack,68
11484,6167,2023-02-26,Technical Issues,Monday.com,51
11485,28766,2022-04-09,Low Usage,ClickUp,21
11486,26322,2023-11-29,Low Usage,Asana,115
11487,11807,2022-11-25,High Pricing,ClickUp,27
11488,38227,2024-08-22,Switched Competitor,ClickUp,19
11489,9823,2025-01-03,Missing Features,Monday.com,111
11490,1105,2024-01-14,Technical Issues,Notion,74
11491,9315,2022-06-16,High Pricing,Slack,36
11492,35980,2023-09-16,Missing Features,ClickUp,89
11493,7193,2023-09-24,Technical Issues,Slack,27
11494,22815,2024-01-23,High Pricing,ClickUp,93
11495,34548,2023-04-14,Technical Issues,Slack,99
11496,2258,2022-09-13,High Pricing,Asana,46
11497,46863,2023-04-18,Poor Experience,Slack,63
11498,14839,2024-09-16,Missing Features,Asana,27
11499,29159,2022-06-06,Technical Issues,Slack,103
11500,23307,2022-10-25,High Pricing,Slack,26
11501,42049,2024-06-21,Poor Experience,Slack,35
11502,48279,2022-10-16,Poor Experience,Monday.com,109
11503,4664,2025-02-01,High Pricing,Asana,120
11504,16681,2024-06-21,High Pricing,Slack,16
11505,2271,2024-07-17,Technical Issues,Notion,32
11506,34605,2024-01-23,Technical Issues,Asana,41
11507,33883,2025-03-11,Low Usage,Slack,23
11508,35454,2024-10-22,Poor Experience,Monday.com,98
11509,10178,2022-08-16,Missing Features,ClickUp,91
11510,14620,2024-02-02,Poor Experience,ClickUp,38
11511,22706,2024-10-07,High Pricing,ClickUp,68
11512,3737,2022-07-16,Missing Features,Monday.com,26
11513,40799,2023-02-23,Poor Experience,Asana,47
11514,3280,2024-09-03,High Pricing,Asana,75
11515,5615,2022-05-21,Poor Experience,Notion,45
11516,20641,2024-02-16,Missing Features,Slack,107
11517,11970,2024-04-18,Low Usage,Slack,37
11518,32258,2022-06-07,Poor Experience,Notion,40
11519,47681,2024-02-04,Poor Experience,Notion,15
11520,25267,2023-03-17,Switched Competitor,Asana,98
11521,1105,2024-02-04,Poor Experience,Asana,100
11522,9526,2024-02-14,Low Usage,Asana,6
11523,25686,2024-10-06,Technical Issues,Notion,58
11524,15863,2024-04-27,Poor Experience,ClickUp,92
11525,16536,2022-05-28,Switched Competitor,Asana,54
11526,35764,2023-11-18,Poor Experience,Notion,73
11527,42308,2023-12-06,Missing Features,Monday.com,41
11528,41681,2023-09-01,Poor Experience,Asana,14
11529,16034,2024-10-23,Switched Competitor,Asana,32
11530,17176,2024-12-01,Switched Competitor,Notion,11
11531,31051,2024-09-15,Poor Experience,Slack,23
11532,47654,2023-12-17,Missing Features,Asana,25
11533,34467,2022-04-24,Missing Features,Slack,119
11534,49727,2025-01-05,Switched Competitor,Asana,99
11535,32716,2023-10-09,Low Usage,Notion,66
11536,41185,2024-11-30,Low Usage,Monday.com,119
11537,15456,2023-09-30,High Pricing,Notion,36
11538,39446,2024-03-25,Switched Competitor,Monday.com,7
11539,35974,2022-05-12,Technical Issues,Notion,79
11540,25353,2022-12-12,High Pricing,Asana,101
11541,32842,2022-06-16,Switched Competitor,Monday.com,70
11542,28288,2022-03-12,Low Usage,Monday.com,120
11543,10051,2024-02-27,Switched Competitor,Notion,62
11544,20732,2024-09-26,High Pricing,Monday.com,18
11545,34096,2022-08-14,Technical Issues,Monday.com,95
11546,9354,2022-06-02,Missing Features,Notion,106
11547,47566,2022-06-01,High Pricing,Slack,59
11548,43384,2023-11-27,Poor Experience,Asana,111
11549,17817,2022-05-20,Poor Experience,Asana,118
11550,36153,2022-07-04,Poor Experience,Slack,89
11551,37411,2023-03-07,Low Usage,Slack,85
11552,43552,2024-11-27,Poor Experience,Slack,68
11553,49577,2024-10-13,High Pricing,Monday.com,35
11554,39798,2024-04-13,Switched Competitor,Asana,3
11555,22749,2024-07-08,Low Usage,Monday.com,98
11556,35170,2023-03-18,Switched Competitor,Slack,36
11557,18671,2025-01-21,Poor Experience,Notion,43
11558,29185,2023-01-22,Missing Features,Asana,52
11559,20576,2022-04-07,Low Usage,Notion,33
11560,10053,2023-03-28,High Pricing,Asana,10
11561,8914,2024-06-23,High Pricing,Notion,46
11562,29975,2023-03-02,Technical Issues,ClickUp,5
11563,30396,2023-03-16,Low Usage,Notion,21
11564,37664,2022-12-14,Poor Experience,Monday.com,6
11565,23875,2024-06-02,High Pricing,ClickUp,87
11566,25412,2024-02-05,Technical Issues,Monday.com,61
11567,29204,2023-07-29,Switched Competitor,Monday.com,111
11568,29637,2022-04-30,Missing Features,Asana,17
11569,12986,2024-10-20,Switched Competitor,Monday.com,39
11570,32295,2024-02-22,High Pricing,Notion,43
11571,26133,2024-11-21,Switched Competitor,Slack,112
11572,1316,2023-11-02,Technical Issues,Monday.com,22
11573,6400,2023-05-09,Technical Issues,ClickUp,96
11574,9908,2023-04-03,Low Usage,Notion,104
11575,26553,2023-05-08,Poor Experience,Monday.com,7
11576,16118,2024-03-19,Switched Competitor,Asana,71
11577,33674,2022-09-29,Switched Competitor,Notion,32
11578,25370,2022-08-16,Low Usage,Monday.com,52
11579,29276,2022-08-09,High Pricing,ClickUp,12
11580,35468,2025-01-07,Switched Competitor,Slack,35
11581,23110,2023-02-24,Low Usage,Slack,59
11582,35971,2025-03-28,Switched Competitor,Notion,39
11583,19321,2024-08-17,Low Usage,ClickUp,114
11584,31164,2023-11-11,Switched Competitor,Asana,75
11585,42972,2023-09-28,Poor Experience,Asana,58
11586,41034,2025-02-14,Missing Features,Monday.com,114
11587,32141,2023-06-04,Switched Competitor,Slack,113
11588,22899,2023-04-07,Poor Experience,Asana,94
11589,5621,2023-05-28,Poor Experience,Notion,36
11590,40197,2022-05-30,Poor Experience,Slack,108
11591,37565,2023-02-17,Low Usage,Notion,115
11592,45853,2022-02-26,High Pricing,Asana,119
11593,16857,2023-04-15,Poor Experience,Slack,96
11594,9899,2024-05-12,Technical Issues,Asana,72
11595,37483,2023-04-08,Poor Experience,Monday.com,2
11596,20133,2022-03-23,Switched Competitor,ClickUp,65
11597,36795,2023-06-20,Technical Issues,ClickUp,14
11598,30773,2022-06-29,High Pricing,Monday.com,66
11599,16559,2023-08-16,High Pricing,Notion,104
11600,17458,2023-08-12,Low Usage,Slack,100
11601,27979,2022-07-05,Switched Competitor,Monday.com,86
11602,12856,2022-05-10,Switched Competitor,Asana,34
11603,31280,2025-02-28,Technical Issues,Monday.com,97
11604,21432,2023-01-28,High Pricing,Monday.com,57
11605,6121,2025-02-28,Missing Features,Notion,103
11606,32721,2023-12-14,Poor Experience,Slack,19
11607,38702,2025-02-19,Technical Issues,Asana,66
11608,6048,2022-07-06,Low Usage,Monday.com,111
11609,14472,2022-10-13,Missing Features,ClickUp,42
11610,45722,2022-09-17,Poor Experience,Asana,116
11611,13817,2022-06-25,Poor Experience,Notion,35
11612,42044,2023-01-02,Missing Features,ClickUp,99
11613,34205,2023-06-04,Missing Features,Monday.com,52
11614,26420,2023-11-14,High Pricing,Monday.com,30
11615,12204,2024-12-01,Switched Competitor,Notion,9
11616,41117,2025-02-26,High Pricing,Slack,10
11617,2746,2024-01-21,Missing Features,Monday.com,20
11618,7857,2022-07-16,Technical Issues,Slack,63
11619,17009,2023-09-02,Missing Features,Monday.com,73
11620,49474,2023-09-23,High Pricing,Asana,68
11621,19445,2023-07-23,Low Usage,Monday.com,65
11622,47504,2024-07-23,Switched Competitor,ClickUp,44
11623,21523,2024-08-22,Technical Issues,ClickUp,89
11624,10172,2024-05-16,Poor Experience,ClickUp,69
11625,13518,2024-06-05,High Pricing,ClickUp,107
11626,15448,2024-10-23,High Pricing,Slack,25
11627,6103,2022-11-08,Technical Issues,Asana,46
11628,30811,2022-12-15,Switched Competitor,Slack,9
11629,45666,2024-04-09,Low Usage,Asana,80
11630,3664,2022-06-14,Missing Features,Slack,68
11631,586,2024-06-03,Poor Experience,Slack,95
11632,37258,2025-03-10,Switched Competitor,ClickUp,89
11633,21409,2024-04-14,Missing Features,ClickUp,100
11634,11837,2023-01-27,Switched Competitor,Monday.com,51
11635,28240,2023-08-16,Low Usage,Slack,19
11636,16095,2022-11-08,Switched Competitor,Asana,34
11637,1323,2022-05-22,High Pricing,Slack,44
11638,43319,2023-12-11,Missing Features,Notion,28
11639,40827,2022-12-18,Low Usage,Notion,28
11640,48316,2024-07-11,Switched Competitor,Notion,22
11641,4196,2023-05-25,Switched Competitor,Notion,19
11642,20801,2024-04-09,High Pricing,Asana,67
11643,15036,2025-02-26,Poor Experience,ClickUp,75
11644,16563,2024-10-17,Technical Issues,ClickUp,69
11645,28341,2023-03-18,High Pricing,ClickUp,39
11646,42716,2024-01-21,Poor Experience,Monday.com,105
11647,42951,2025-01-23,Technical Issues,Asana,46
11648,5148,2022-12-28,Missing Features,Notion,29
11649,10462,2023-03-28,Missing Features,Monday.com,117
11650,9258,2024-02-02,High Pricing,Monday.com,68
11651,14395,2022-04-24,Technical Issues,ClickUp,39
11652,28436,2022-02-04,High Pricing,ClickUp,25
11653,43047,2024-07-06,Low Usage,Monday.com,92
11654,9274,2022-06-12,Missing Features,Notion,101
11655,13185,2023-06-23,High Pricing,Asana,72
11656,44160,2024-08-22,High Pricing,Slack,6
11657,1209,2024-11-13,High Pricing,ClickUp,82
11658,21586,2024-01-10,High Pricing,ClickUp,98
11659,36659,2022-12-03,Switched Competitor,Notion,36
11660,18577,2024-02-06,Poor Experience,Monday.com,70
11661,45024,2022-08-08,Low Usage,Slack,97
11662,9721,2023-07-05,High Pricing,Notion,61
11663,28342,2023-05-31,Technical Issues,Notion,49
11664,12198,2023-09-16,Missing Features,Monday.com,59
11665,30002,2022-08-30,Technical Issues,Slack,58
11666,17059,2024-06-08,Poor Experience,ClickUp,14
11667,26654,2022-10-11,Switched Competitor,Monday.com,4
11668,36927,2022-06-09,Poor Experience,Notion,48
11669,16539,2024-10-22,Switched Competitor,Monday.com,90
11670,338,2022-11-27,Low Usage,ClickUp,9
11671,14419,2023-02-19,Technical Issues,Slack,92
11672,39925,2024-10-03,Low Usage,Monday.com,101
11673,42318,2024-12-20,Low Usage,Asana,62
11674,21936,2022-03-20,High Pricing,Notion,68
11675,39825,2022-02-27,Technical Issues,Asana,116
11676,33622,2025-01-25,Missing Features,Slack,11
11677,2206,2024-03-04,Low Usage,ClickUp,51
11678,3937,2024-09-12,Switched Competitor,ClickUp,78
11679,43323,2025-03-05,Poor Experience,Notion,53
11680,5909,2024-03-20,High Pricing,Monday.com,113
11681,41069,2022-07-07,Missing Features,ClickUp,72
11682,17731,2023-10-29,Poor Experience,Monday.com,14
11683,48638,2023-03-17,Switched Competitor,Asana,8
11684,32296,2023-05-07,Poor Experience,Monday.com,46
11685,37978,2022-04-01,Technical Issues,Slack,10
11686,49214,2022-08-25,Low Usage,Slack,106
11687,10421,2022-02-15,High Pricing,Monday.com,12
11688,18890,2022-05-07,Switched Competitor,Asana,26
11689,19530,2023-07-22,Switched Competitor,Asana,116
11690,27710,2025-02-07,Missing Features,Monday.com,26
11691,24380,2024-01-11,Switched Competitor,Slack,77
11692,38025,2022-02-17,Missing Features,Monday.com,94
11693,36804,2022-09-07,Missing Features,ClickUp,120
11694,48595,2022-02-25,Low Usage,ClickUp,20
11695,45918,2022-03-13,Poor Experience,Monday.com,56
11696,4713,2025-01-24,Missing Features,Notion,84
11697,40985,2024-09-08,Low Usage,Asana,58
11698,17885,2023-05-18,Technical Issues,Monday.com,65
11699,22270,2023-02-08,High Pricing,Asana,15
11700,17886,2023-08-05,Missing Features,ClickUp,107
11701,2859,2024-08-14,Low Usage,Notion,12
11702,9904,2022-07-04,Low Usage,Notion,19
11703,26719,2022-12-30,High Pricing,Slack,75
11704,13495,2024-01-05,Missing Features,Asana,25
11705,27509,2023-02-14,Low Usage,Monday.com,7
11706,18865,2023-07-02,Switched Competitor,ClickUp,120
11707,3396,2022-02-22,Technical Issues,Asana,114
11708,38953,2024-07-15,Switched Competitor,Notion,1
11709,46412,2024-05-07,Poor Experience,Asana,105
11710,20885,2024-11-28,Technical Issues,Notion,82
11711,14400,2022-01-07,Missing Features,Asana,10
11712,9986,2025-02-25,Low Usage,Monday.com,79
11713,371,2023-11-23,Poor Experience,Asana,83
11714,26197,2023-03-28,Technical Issues,ClickUp,45
11715,38538,2023-02-25,Switched Competitor,Slack,39
11716,14551,2023-08-30,Low Usage,Monday.com,58
11717,30277,2023-12-21,Low Usage,Notion,111
11718,45306,2022-05-16,Switched Competitor,Slack,11
11719,13174,2024-04-30,Low Usage,Notion,118
11720,43145,2024-06-01,Poor Experience,ClickUp,34
11721,33149,2022-06-19,Low Usage,Notion,68
11722,46320,2023-09-05,Low Usage,Slack,78
11723,1987,2022-07-27,High Pricing,Monday.com,7
11724,14366,2022-05-17,High Pricing,ClickUp,69
11725,13303,2022-02-10,Missing Features,Monday.com,19
11726,24610,2025-02-17,Technical Issues,Notion,113
11727,19816,2023-08-26,Poor Experience,Asana,25
11728,42836,2023-02-18,Switched Competitor,Slack,85
11729,2767,2022-02-25,Low Usage,Monday.com,14
11730,28781,2022-09-11,Technical Issues,Monday.com,32
11731,3227,2023-10-04,Technical Issues,Asana,26
11732,36578,2024-12-02,Missing Features,Asana,30
11733,34762,2023-07-29,High Pricing,Notion,84
11734,16537,2022-02-07,High Pricing,Asana,36
11735,49332,2022-05-20,Switched Competitor,Asana,13
11736,34847,2023-03-23,Technical Issues,Monday.com,41
11737,1780,2024-12-24,Missing Features,Notion,25
11738,30817,2023-07-20,Switched Competitor,Notion,98
11739,26902,2024-12-17,Missing Features,Slack,115
11740,47365,2023-08-28,Technical Issues,Slack,110
11741,11055,2023-04-16,Low Usage,Slack,31
11742,35151,2023-08-16,High Pricing,Notion,14
11743,25778,2025-03-26,Switched Competitor,Asana,1
11744,17595,2023-01-03,Technical Issues,Monday.com,90
11745,17599,2022-01-29,Poor Experience,Asana,13
11746,7243,2024-09-20,Missing Features,Slack,61
11747,27340,2023-04-02,Missing Features,Notion,102
11748,19811,2022-10-03,Switched Competitor,ClickUp,99
11749,32279,2024-06-01,High Pricing,Notion,32
11750,2241,2022-08-11,Low Usage,ClickUp,40
11751,30376,2022-07-27,Low Usage,ClickUp,91
11752,1578,2022-08-30,Low Usage,Monday.com,106
11753,23954,2022-07-23,Switched Competitor,Monday.com,82
11754,17148,2022-07-02,Missing Features,Monday.com,102
11755,14284,2023-05-23,Missing Features,Monday.com,36
11756,26549,2022-02-25,Switched Competitor,ClickUp,9
11757,30700,2022-09-29,Switched Competitor,Slack,89
11758,44543,2022-12-02,Technical Issues,Monday.com,25
11759,5164,2023-12-17,High Pricing,Notion,64
11760,21355,2024-01-31,Switched Competitor,Notion,43
11761,15914,2023-01-13,Switched Competitor,Monday.com,48
11762,28694,2022-09-01,Low Usage,Slack,21
11763,32767,2023-03-19,Missing Features,ClickUp,37
11764,41692,2022-06-03,Technical Issues,Notion,97
11765,43367,2024-10-29,High Pricing,Slack,3
11766,38082,2024-10-22,Missing Features,Notion,90
11767,18672,2022-10-22,Technical Issues,Asana,33
11768,14099,2024-07-18,Switched Competitor,ClickUp,107
11769,49806,2022-05-01,Missing Features,Notion,85
11770,33132,2023-10-10,Switched Competitor,Asana,118
11771,12532,2024-10-22,Technical Issues,Monday.com,51
11772,15141,2023-10-10,Technical Issues,Slack,19
11773,31145,2024-07-13,Low Usage,ClickUp,99
11774,41117,2024-07-27,Missing Features,Slack,67
11775,31510,2022-11-04,High Pricing,ClickUp,27
11776,8045,2022-10-24,High Pricing,Slack,19
11777,1548,2023-09-20,Poor Experience,Notion,25
11778,25223,2024-05-24,Poor Experience,Monday.com,38
11779,7307,2023-09-18,High Pricing,ClickUp,49
11780,30051,2025-03-13,Technical Issues,ClickUp,59
11781,8657,2024-08-31,Poor Experience,Slack,37
11782,44519,2022-11-02,Low Usage,ClickUp,44
11783,48989,2024-07-05,Poor Experience,Asana,1
11784,27524,2023-12-27,Poor Experience,Monday.com,36
11785,15291,2024-04-22,Poor Experience,Asana,2
11786,41576,2024-09-16,Poor Experience,Monday.com,14
11787,46608,2022-09-17,Low Usage,Notion,20
11788,39801,2022-05-20,Switched Competitor,Slack,119
11789,14438,2022-09-04,Switched Competitor,Asana,77
11790,44672,2024-01-03,High Pricing,Notion,33
11791,35491,2024-06-22,Switched Competitor,ClickUp,27
11792,21064,2024-05-17,Poor Experience,Notion,75
11793,5928,2022-03-16,Low Usage,ClickUp,93
11794,46399,2024-12-08,Missing Features,Notion,28
11795,18880,2025-01-04,Poor Experience,Monday.com,25
11796,6783,2023-01-17,Missing Features,ClickUp,80
11797,3733,2022-04-27,Switched Competitor,Monday.com,8
11798,38694,2022-04-18,Low Usage,Slack,120
11799,14282,2022-11-17,Low Usage,ClickUp,64
11800,39384,2022-05-06,Low Usage,Monday.com,30
11801,6980,2024-11-15,Low Usage,Slack,84
11802,34888,2022-08-01,Technical Issues,Asana,67
11803,29314,2025-03-19,Poor Experience,Asana,47
11804,31386,2022-04-28,Poor Experience,Monday.com,75
11805,40326,2024-03-09,Technical Issues,Asana,4
11806,6315,2024-10-14,Missing Features,ClickUp,65
11807,15527,2022-02-11,Missing Features,Monday.com,49
11808,21158,2023-01-03,High Pricing,Slack,9
11809,44184,2024-12-19,Low Usage,Notion,67
11810,23230,2023-06-19,Missing Features,Slack,115
11811,17535,2024-10-13,Technical Issues,Asana,91
11812,20964,2023-12-27,Technical Issues,Slack,33
11813,3444,2024-02-02,Low Usage,Asana,71
11814,21853,2023-11-16,Low Usage,ClickUp,40
11815,19345,2025-03-24,High Pricing,Monday.com,19
11816,20102,2024-11-01,Switched Competitor,Monday.com,106
11817,32419,2022-04-05,Technical Issues,Monday.com,11
11818,43948,2024-03-28,Missing Features,Slack,86
11819,18497,2022-04-19,Technical Issues,Notion,75
11820,20941,2023-04-27,Missing Features,Asana,64
11821,43349,2024-06-20,Low Usage,Notion,30
11822,4087,2024-08-25,Low Usage,Asana,72
11823,49196,2023-06-04,Low Usage,ClickUp,65
11824,45700,2024-11-03,Poor Experience,Notion,56
11825,16532,2022-11-10,Technical Issues,ClickUp,114
11826,580,2022-10-01,High Pricing,Asana,12
11827,42057,2024-01-29,Poor Experience,Notion,57
11828,14047,2023-12-09,Technical Issues,ClickUp,94
11829,16782,2023-05-11,Switched Competitor,Notion,64
11830,47167,2024-08-26,Missing Features,Notion,95
11831,47059,2022-06-09,Technical Issues,Monday.com,74
11832,6101,2022-08-14,Switched Competitor,ClickUp,91
11833,42539,2024-02-05,Technical Issues,ClickUp,51
11834,4177,2023-07-22,High Pricing,Monday.com,7
11835,22107,2022-03-14,Missing Features,ClickUp,54
11836,16354,2022-10-07,Low Usage,Asana,109
11837,45209,2023-05-05,Switched Competitor,ClickUp,101
11838,9138,2023-07-15,High Pricing,Notion,4
11839,48970,2024-09-14,Technical Issues,ClickUp,104
11840,44741,2022-03-11,Low Usage,Asana,30
11841,23277,2023-11-19,Missing Features,Asana,47
11842,36568,2023-08-20,Technical Issues,Asana,26
11843,32546,2023-03-29,Low Usage,Monday.com,78
11844,29995,2023-02-07,Switched Competitor,Notion,77
11845,31502,2024-07-28,High Pricing,Notion,40
11846,41401,2022-10-25,Missing Features,Asana,11
11847,46712,2025-02-01,Low Usage,Slack,28
11848,9285,2022-08-03,High Pricing,Asana,45
11849,31237,2023-03-08,Poor Experience,Asana,49
11850,33596,2022-04-22,Technical Issues,Notion,13
11851,983,2022-05-13,Poor Experience,Notion,99
11852,917,2024-07-26,High Pricing,Notion,28
11853,24625,2025-01-21,Poor Experience,Notion,65
11854,29075,2023-04-15,High Pricing,ClickUp,86
11855,42474,2023-12-09,Poor Experience,Notion,43
11856,31806,2025-04-14,Low Usage,Notion,16
11857,8963,2022-02-21,Poor Experience,ClickUp,59
11858,12726,2023-09-29,Low Usage,ClickUp,73
11859,8147,2024-03-24,High Pricing,ClickUp,2
11860,39660,2024-12-01,Missing Features,Slack,25
11861,6144,2024-12-12,Technical Issues,Slack,103
11862,36213,2024-07-07,Low Usage,Notion,109
11863,41954,2022-01-04,Missing Features,Notion,25
11864,43182,2023-11-14,Low Usage,Monday.com,70
11865,5978,2022-05-21,Missing Features,Slack,62
11866,27427,2023-04-02,Switched Competitor,ClickUp,115
11867,14912,2023-07-22,Low Usage,Slack,30
11868,17108,2023-05-19,Switched Competitor,Asana,13
11869,34483,2022-09-01,High Pricing,Monday.com,101
11870,42037,2022-02-04,Switched Competitor,Monday.com,54
11871,30336,2022-03-20,Poor Experience,Notion,56
11872,16259,2022-05-21,Poor Experience,ClickUp,87
11873,23173,2023-11-24,Missing Features,Slack,22
11874,21123,2024-10-24,High Pricing,Notion,86
11875,3691,2024-11-22,High Pricing,ClickUp,112
11876,44769,2022-08-07,Technical Issues,Slack,47
11877,25209,2022-02-14,High Pricing,Notion,103
11878,37151,2023-07-31,Missing Features,Notion,84
11879,12185,2024-03-29,Technical Issues,Asana,27
11880,309,2024-03-08,Missing Features,ClickUp,24
11881,36967,2022-07-27,Switched Competitor,Monday.com,29
11882,9795,2024-01-06,Missing Features,Notion,76
11883,22397,2024-06-28,Poor Experience,Slack,118
11884,31917,2023-04-02,Low Usage,Slack,104
11885,20706,2024-12-20,Switched Competitor,Monday.com,11
11886,1714,2023-01-10,High Pricing,Notion,76
11887,10551,2022-10-20,Missing Features,Monday.com,53
11888,7347,2024-08-17,Switched Competitor,ClickUp,117
11889,47460,2024-05-09,Low Usage,Slack,19
11890,31514,2023-03-30,Low Usage,Notion,103
11891,44435,2025-02-22,Missing Features,Asana,82
11892,36218,2022-03-13,Technical Issues,Notion,111
11893,9638,2024-09-11,Technical Issues,Monday.com,38
11894,25310,2023-08-12,Missing Features,Monday.com,45
11895,33889,2022-03-30,Low Usage,Monday.com,61
11896,11838,2024-03-20,Switched Competitor,Monday.com,56
11897,1157,2022-08-09,Low Usage,Asana,1
11898,19271,2024-05-10,Missing Features,Notion,15
11899,31968,2022-09-16,Technical Issues,ClickUp,45
11900,10698,2023-12-15,Missing Features,Slack,32
11901,11985,2022-01-31,Poor Experience,Notion,20
11902,46373,2025-03-05,Poor Experience,Asana,1
11903,39483,2024-06-20,High Pricing,Notion,40
11904,18306,2022-07-30,Technical Issues,Asana,13
11905,34197,2024-08-22,Missing Features,Monday.com,113
11906,29995,2023-03-03,Technical Issues,Notion,54
11907,37941,2022-08-13,Missing Features,Slack,112
11908,13306,2022-11-25,Technical Issues,Monday.com,115
11909,3377,2025-02-25,High Pricing,Notion,29
11910,6484,2024-07-20,High Pricing,ClickUp,89
11911,26589,2023-10-14,Switched Competitor,Monday.com,102
11912,47005,2024-06-18,High Pricing,Notion,108
11913,31325,2022-06-24,Technical Issues,Asana,61
11914,21887,2025-03-15,Poor Experience,Asana,29
11915,31340,2023-12-15,Low Usage,Notion,97
11916,38221,2024-08-09,Missing Features,Asana,51
11917,13334,2023-04-10,Switched Competitor,Notion,38
11918,18122,2023-12-14,Switched Competitor,Notion,72
11919,27462,2023-02-17,Technical Issues,Notion,6
11920,18976,2022-04-11,High Pricing,ClickUp,30
11921,28111,2024-02-14,Technical Issues,ClickUp,46
11922,2925,2025-03-12,Switched Competitor,Notion,62
11923,24385,2023-12-03,Poor Experience,ClickUp,7
11924,22704,2023-04-28,Technical Issues,Notion,79
11925,12852,2022-11-19,Technical Issues,ClickUp,33
11926,15335,2023-11-06,Technical Issues,Monday.com,78
11927,36113,2024-10-05,Technical Issues,Monday.com,61
11928,21293,2022-11-14,Poor Experience,Slack,105
11929,30833,2022-06-30,Switched Competitor,Monday.com,71
11930,46299,2024-12-23,High Pricing,Asana,63
11931,28250,2022-01-04,Technical Issues,Asana,70
11932,7113,2025-03-04,Low Usage,Notion,5
11933,1470,2024-02-13,Switched Competitor,Asana,47
11934,43812,2022-11-09,Low Usage,ClickUp,73
11935,12059,2024-06-24,Missing Features,Slack,81
11936,45981,2022-04-19,Poor Experience,ClickUp,84
11937,21539,2024-05-25,Poor Experience,ClickUp,97
11938,3577,2024-12-03,Technical Issues,Notion,65
11939,10017,2024-01-29,Low Usage,Asana,62
11940,25915,2022-07-16,High Pricing,ClickUp,116
11941,11195,2023-04-16,Low Usage,ClickUp,14
11942,30323,2023-11-05,Low Usage,Notion,15
11943,31187,2025-03-18,Low Usage,Asana,2
11944,1590,2023-09-12,Poor Experience,ClickUp,30
11945,37715,2023-09-07,High Pricing,Notion,102
11946,41787,2024-05-17,High Pricing,Slack,49
11947,32333,2023-05-13,Missing Features,Notion,116
11948,1190,2023-02-28,Low Usage,Slack,54
11949,48577,2024-06-29,High Pricing,Monday.com,22
11950,13103,2025-04-14,Technical Issues,Asana,116
11951,8269,2024-03-31,Switched Competitor,Slack,101
11952,47259,2024-04-10,High Pricing,ClickUp,82
11953,25851,2022-03-04,Missing Features,Monday.com,95
11954,33069,2024-07-22,Technical Issues,Monday.com,37
11955,2642,2024-06-23,Technical Issues,Slack,84
11956,23418,2024-11-28,Technical Issues,Asana,19
11957,46142,2023-07-29,Poor Experience,Monday.com,20
11958,10581,2023-05-20,Technical Issues,Asana,87
11959,17547,2025-02-23,Switched Competitor,Asana,98
11960,4706,2024-04-10,Low Usage,ClickUp,64
11961,26762,2022-01-09,Low Usage,ClickUp,88
11962,9991,2024-09-13,Low Usage,Slack,76
11963,35117,2024-08-22,High Pricing,Asana,48
11964,39579,2023-08-08,Missing Features,ClickUp,42
11965,49957,2024-12-13,Technical Issues,ClickUp,44
11966,13536,2024-12-07,Missing Features,Monday.com,112
11967,47315,2022-08-15,Low Usage,Slack,23
11968,25966,2022-04-19,Low Usage,Notion,30
11969,45794,2025-02-09,Low Usage,Notion,95
11970,22671,2023-07-22,Technical Issues,Slack,8
11971,18686,2024-04-13,Missing Features,Asana,77
11972,1133,2023-10-12,Low Usage,ClickUp,40
11973,44511,2023-12-23,Missing Features,Slack,108
11974,36062,2023-08-04,Poor Experience,Asana,103
11975,8651,2023-04-09,High Pricing,Asana,94
11976,19089,2024-04-24,Missing Features,Slack,24
11977,40395,2022-02-03,Technical Issues,Asana,63
11978,33254,2024-05-11,High Pricing,Notion,114
11979,15674,2024-06-22,High Pricing,ClickUp,76
11980,20178,2022-03-13,Switched Competitor,Slack,33
11981,27699,2022-04-14,Poor Experience,Asana,81
11982,8111,2022-11-25,Switched Competitor,Notion,30
11983,42089,2024-09-08,Missing Features,Asana,55
11984,36492,2023-01-12,High Pricing,Slack,1
11985,5241,2024-05-06,Technical Issues,Asana,42
11986,45940,2023-03-30,Poor Experience,Slack,21
11987,21446,2023-11-29,Low Usage,Notion,116
11988,26321,2023-12-20,High Pricing,Asana,72
11989,6404,2024-05-06,Poor Experience,Slack,69
11990,13826,2023-10-23,Switched Competitor,Slack,61
11991,49198,2023-08-27,Low Usage,ClickUp,19
11992,19067,2022-11-10,Poor Experience,Asana,32
11993,1519,2025-02-11,Low Usage,Slack,41
11994,14246,2023-08-27,Missing Features,ClickUp,34
11995,2177,2025-02-27,Switched Competitor,Notion,62
11996,49643,2022-01-30,High Pricing,Asana,85
11997,3772,2022-07-08,Technical Issues,Asana,45
11998,37409,2022-06-20,Missing Features,Monday.com,26
11999,10969,2022-01-25,Switched Competitor,Asana,64
12000,3447,2024-04-16,Poor Experience,Asana,43
12001,26320,2023-05-06,Missing Features,Monday.com,20
12002,40764,2022-08-23,Missing Features,Monday.com,6
12003,1621,2024-09-13,Technical Issues,Asana,47
12004,20669,2022-09-20,Switched Competitor,Notion,6
12005,8656,2022-05-26,High Pricing,Asana,119
12006,47316,2023-04-29,Low Usage,ClickUp,10
12007,20771,2022-10-23,Switched Competitor,Monday.com,102
12008,29281,2023-06-21,High Pricing,Monday.com,116
12009,24164,2025-03-21,Poor Experience,Asana,105
12010,7642,2024-12-07,Technical Issues,Notion,110
12011,49600,2023-02-08,Low Usage,Monday.com,66
12012,21375,2023-12-29,Technical Issues,Asana,22
12013,18668,2024-04-13,Missing Features,Monday.com,58
12014,39712,2022-11-10,High Pricing,Asana,120
12015,3154,2022-07-06,Poor Experience,Slack,13
12016,39384,2023-08-12,Poor Experience,Slack,81
12017,39204,2023-09-19,High Pricing,ClickUp,5
12018,1915,2022-10-11,Technical Issues,Notion,118
12019,32751,2023-07-25,Low Usage,Asana,35
12020,19420,2025-02-09,Technical Issues,Slack,97
12021,13168,2023-09-30,Poor Experience,Asana,38
12022,10554,2023-06-16,High Pricing,Monday.com,90
12023,19366,2023-07-09,Missing Features,Notion,49
12024,35180,2024-04-04,Missing Features,ClickUp,84
12025,27011,2024-04-19,Low Usage,Asana,92
12026,39038,2022-12-27,Technical Issues,ClickUp,61
12027,38395,2024-10-22,Switched Competitor,ClickUp,54
12028,33483,2022-07-24,High Pricing,Slack,55
12029,25981,2025-01-29,High Pricing,Monday.com,31
12030,18831,2022-06-06,Switched Competitor,Asana,40
12031,35774,2023-01-04,Missing Features,Notion,56
12032,30299,2022-08-22,High Pricing,Asana,88
12033,43492,2023-10-21,Low Usage,Notion,119
12034,43751,2022-10-27,Missing Features,ClickUp,30
12035,1591,2022-01-14,Poor Experience,Notion,115
12036,5958,2024-06-20,High Pricing,Monday.com,78
12037,42310,2022-09-06,Technical Issues,ClickUp,93
12038,47350,2023-01-05,Low Usage,ClickUp,44
12039,13564,2022-02-19,Switched Competitor,ClickUp,69
12040,5738,2022-02-18,Switched Competitor,ClickUp,91
12041,44966,2024-02-20,Low Usage,Monday.com,16
12042,24803,2022-08-29,Missing Features,Asana,69
12043,24149,2022-06-01,Low Usage,Notion,8
12044,25121,2023-06-18,Low Usage,Asana,57
12045,519,2022-07-28,High Pricing,Slack,80
12046,29185,2024-10-10,Switched Competitor,Asana,22
12047,18076,2024-07-09,High Pricing,Notion,10
12048,25776,2022-10-28,Switched Competitor,Notion,58
12049,44190,2023-04-19,High Pricing,ClickUp,68
12050,7203,2023-08-18,Low Usage,Notion,2
12051,11773,2024-12-14,Poor Experience,Asana,55
12052,23320,2024-01-23,High Pricing,Monday.com,21
12053,37669,2024-12-30,Technical Issues,Slack,4
12054,11746,2024-07-05,High Pricing,Notion,60
12055,43001,2025-01-28,High Pricing,Notion,64
12056,18765,2023-01-06,Poor Experience,Notion,1
12057,43026,2023-05-31,High Pricing,Notion,100
12058,29802,2023-03-20,Missing Features,Monday.com,107
12059,2430,2024-03-30,Switched Competitor,ClickUp,86
12060,40023,2023-08-26,Technical Issues,Slack,116
12061,10543,2022-07-18,Missing Features,Slack,56
12062,7940,2024-03-09,Technical Issues,Asana,99
12063,46124,2022-07-03,Missing Features,Notion,65
12064,37775,2023-04-04,High Pricing,ClickUp,61
12065,1110,2024-04-28,High Pricing,Monday.com,37
12066,22381,2022-09-01,High Pricing,ClickUp,69
12067,39115,2022-02-24,Missing Features,Notion,97
12068,45716,2023-09-04,Poor Experience,Asana,73
12069,49363,2022-01-12,High Pricing,Monday.com,64
12070,40510,2022-06-09,Switched Competitor,Monday.com,88
12071,5297,2022-11-30,Technical Issues,Notion,55
12072,30665,2024-02-22,Missing Features,Monday.com,93
12073,47741,2023-10-02,Missing Features,Monday.com,22
12074,12730,2022-08-30,Switched Competitor,Slack,107
12075,48706,2022-08-01,Technical Issues,Asana,12
12076,38640,2024-12-15,High Pricing,Monday.com,13
12077,49155,2022-10-04,High Pricing,ClickUp,54
12078,28030,2022-05-26,Low Usage,Slack,46
12079,8080,2022-03-21,Poor Experience,Asana,84
12080,14656,2024-09-04,Technical Issues,Notion,3
12081,686,2025-02-23,Low Usage,Monday.com,52
12082,6200,2022-11-18,Switched Competitor,Notion,58
12083,44524,2025-01-12,Technical Issues,Notion,50
12084,38972,2023-09-20,Low Usage,Slack,19
12085,25650,2023-11-03,Poor Experience,Notion,101
12086,24002,2022-11-14,Missing Features,Asana,110
12087,38950,2022-10-04,Poor Experience,ClickUp,38
12088,48045,2024-10-29,High Pricing,Slack,9
12089,27209,2022-09-05,Technical Issues,Monday.com,97
12090,24684,2024-09-14,Missing Features,Asana,64
12091,24690,2025-01-16,Missing Features,Asana,10
12092,8481,2024-09-18,Low Usage,Asana,29
12093,45538,2022-10-15,High Pricing,Asana,109
12094,38067,2023-11-18,High Pricing,Monday.com,77
12095,1657,2025-01-31,Low Usage,Asana,108
12096,15589,2022-04-02,Technical Issues,Notion,90
12097,45770,2025-02-16,High Pricing,Slack,6
12098,16540,2023-10-22,High Pricing,Slack,9
12099,40905,2024-09-24,High Pricing,Monday.com,27
12100,5703,2025-02-26,High Pricing,Notion,29
12101,12710,2022-08-29,High Pricing,Notion,29
12102,34489,2022-02-27,High Pricing,ClickUp,19
12103,48670,2023-08-01,Missing Features,Slack,91
12104,43474,2023-06-05,Low Usage,ClickUp,96
12105,20216,2022-02-26,Technical Issues,Notion,17
12106,41643,2023-03-25,Switched Competitor,Slack,66
12107,26134,2023-08-03,Low Usage,Monday.com,92
12108,3142,2024-07-17,Technical Issues,Slack,34
12109,109,2024-05-15,Missing Features,Asana,34
12110,48101,2025-01-10,Missing Features,Slack,99
12111,47648,2022-01-01,Low Usage,Monday.com,49
12112,31553,2024-03-24,High Pricing,Slack,22
12113,9515,2022-07-09,Missing Features,Slack,99
12114,30406,2023-02-16,Missing Features,ClickUp,23
12115,21954,2023-10-17,Switched Competitor,Monday.com,8
12116,18973,2022-03-08,Missing Features,Monday.com,19
12117,19615,2023-09-14,Poor Experience,Monday.com,89
12118,35740,2023-02-03,Switched Competitor,Asana,1
12119,15315,2022-05-02,Switched Competitor,Asana,103
12120,23725,2022-05-27,Low Usage,Notion,5
12121,43651,2024-01-14,Poor Experience,ClickUp,5
12122,40795,2023-08-30,Low Usage,Notion,49
12123,39318,2024-11-05,Low Usage,Monday.com,108
12124,3100,2024-09-17,Missing Features,Slack,93
12125,34151,2024-09-19,High Pricing,Asana,43
12126,8263,2023-11-13,High Pricing,Asana,31
12127,48656,2024-08-18,High Pricing,Monday.com,8
12128,43948,2023-07-30,Missing Features,ClickUp,96
12129,2438,2022-04-27,Technical Issues,Asana,13
12130,30777,2025-01-28,High Pricing,Notion,11
12131,20517,2024-12-12,Low Usage,Monday.com,95
12132,8484,2024-03-16,Poor Experience,Monday.com,75
12133,20415,2022-09-26,Poor Experience,Notion,106
12134,31226,2023-08-15,Switched Competitor,Monday.com,3
12135,36692,2024-07-22,Switched Competitor,Slack,33
12136,35115,2022-01-03,Missing Features,Notion,26
12137,32597,2024-10-30,High Pricing,Slack,71
12138,14155,2024-05-20,Poor Experience,Asana,41
12139,28193,2024-01-01,Missing Features,Slack,30
12140,16547,2023-01-10,Switched Competitor,ClickUp,59
12141,33150,2024-09-14,Missing Features,Slack,5
12142,21041,2022-05-28,High Pricing,Monday.com,78
12143,33727,2022-08-05,Switched Competitor,Slack,109
12144,16675,2024-11-07,Missing Features,ClickUp,101
12145,33102,2022-02-03,Low Usage,Slack,74
12146,32863,2024-08-02,Missing Features,Notion,32
12147,40171,2023-11-06,Technical Issues,ClickUp,85
12148,34368,2024-10-08,Switched Competitor,Slack,83
12149,6586,2024-02-04,Missing Features,Notion,62
12150,13583,2024-03-11,High Pricing,Monday.com,4
12151,3910,2024-07-09,Poor Experience,Slack,27
12152,12587,2024-01-01,Low Usage,Asana,110
12153,17250,2022-06-07,Technical Issues,Notion,86
12154,5618,2023-08-05,Low Usage,Asana,2
12155,40852,2023-12-05,High Pricing,ClickUp,21
12156,5275,2024-03-17,Low Usage,Monday.com,40
12157,38120,2022-09-15,Low Usage,Monday.com,72
12158,19592,2024-11-12,Technical Issues,Slack,80
12159,17969,2024-12-14,Technical Issues,Notion,74
12160,29412,2022-10-31,High Pricing,Monday.com,20
12161,8943,2022-02-02,Technical Issues,ClickUp,56
12162,2310,2023-03-02,Low Usage,Asana,110
12163,44332,2023-04-26,High Pricing,Slack,51
12164,46981,2025-04-10,Low Usage,Slack,39
12165,31887,2023-01-01,Missing Features,Asana,81
12166,27100,2023-07-19,High Pricing,Notion,101
12167,38894,2024-12-10,Technical Issues,Notion,55
12168,16232,2024-05-13,Technical Issues,Slack,29
12169,22765,2024-01-05,Missing Features,Monday.com,93
12170,29621,2022-10-12,Low Usage,Slack,66
12171,17847,2024-07-23,High Pricing,Monday.com,10
12172,9652,2022-10-15,Missing Features,Slack,11
12173,41905,2022-10-31,Poor Experience,Asana,48
12174,10854,2023-09-21,Missing Features,Slack,106
12175,13441,2025-03-26,Poor Experience,ClickUp,94
12176,17571,2023-05-07,Missing Features,Asana,20
12177,34597,2024-06-25,High Pricing,ClickUp,120
12178,21707,2022-07-18,Missing Features,Monday.com,22
12179,11696,2024-06-15,Missing Features,Monday.com,9
12180,11019,2022-06-30,Low Usage,Slack,80
12181,361,2022-06-23,Switched Competitor,Notion,2
12182,1219,2022-03-24,Technical Issues,Slack,21
12183,36683,2023-01-27,Technical Issues,Notion,19
12184,26066,2024-11-08,Switched Competitor,Slack,30
12185,2728,2023-06-07,Poor Experience,Monday.com,72
12186,3106,2023-03-29,Missing Features,ClickUp,12
12187,44364,2024-12-30,High Pricing,Asana,14
12188,39209,2022-02-03,High Pricing,ClickUp,69
12189,14333,2022-09-07,Poor Experience,Slack,68
12190,23623,2022-08-04,Missing Features,Slack,21
12191,16437,2024-03-26,Poor Experience,Monday.com,115
12192,7950,2024-03-27,High Pricing,Monday.com,106
12193,9631,2024-03-14,High Pricing,Notion,92
12194,24040,2022-06-20,Missing Features,Asana,4
12195,27418,2024-10-23,Missing Features,Asana,38
12196,46964,2022-04-26,Technical Issues,Slack,23
12197,30258,2024-07-24,High Pricing,Slack,31
12198,37480,2024-01-05,Technical Issues,ClickUp,83
12199,37425,2022-08-04,Poor Experience,ClickUp,99
12200,1172,2022-07-10,Missing Features,Notion,15
12201,41226,2024-06-07,Low Usage,Asana,111
12202,14141,2022-11-13,Switched Competitor,Notion,78
12203,48841,2022-05-14,Low Usage,Slack,42
12204,16418,2025-04-07,Missing Features,Monday.com,106
12205,40678,2022-12-25,Switched Competitor,Asana,75
12206,16367,2024-07-30,High Pricing,Monday.com,20
12207,18856,2024-06-28,Low Usage,Notion,80
12208,17137,2022-05-03,Poor Experience,Monday.com,117
12209,48265,2023-06-16,Low Usage,Monday.com,104
12210,9821,2024-03-05,Technical Issues,Slack,8
12211,41426,2023-10-06,Technical Issues,Slack,47
12212,47783,2024-06-30,High Pricing,Monday.com,85
12213,11496,2023-03-28,Poor Experience,Slack,21
12214,26386,2023-11-01,Poor Experience,Notion,49
12215,40458,2022-04-28,Poor Experience,Slack,98
12216,36860,2022-03-27,Poor Experience,ClickUp,46
12217,49229,2024-02-18,High Pricing,Notion,11
12218,19173,2024-01-31,Poor Experience,Slack,29
12219,11452,2024-09-14,Switched Competitor,Slack,98
12220,35275,2023-12-17,High Pricing,Slack,50
12221,14635,2023-05-15,Low Usage,Asana,87
12222,40128,2022-09-09,Technical Issues,Asana,7
12223,8251,2022-01-20,Missing Features,Asana,77
12224,47367,2023-03-22,Low Usage,Slack,111
12225,31998,2024-02-19,Switched Competitor,ClickUp,89
12226,33040,2024-12-25,Technical Issues,Slack,14
12227,15743,2025-03-03,Poor Experience,Slack,75
12228,47709,2023-06-03,High Pricing,Asana,111
12229,16219,2022-03-24,Switched Competitor,Asana,70
12230,16263,2022-06-03,Low Usage,Slack,47
12231,27747,2024-10-17,Missing Features,ClickUp,52
12232,32765,2024-06-02,Switched Competitor,Notion,120
12233,28359,2025-01-28,Switched Competitor,Slack,13
12234,6336,2024-12-27,Low Usage,Monday.com,33
12235,11629,2023-11-25,Switched Competitor,Slack,78
12236,20344,2024-06-14,Poor Experience,ClickUp,80
12237,6338,2022-05-21,Missing Features,Asana,98
12238,10206,2022-11-01,Switched Competitor,Notion,1
12239,28894,2025-03-27,Missing Features,ClickUp,23
12240,14006,2024-06-16,Technical Issues,Monday.com,71
12241,7461,2022-03-15,Poor Experience,Notion,30
12242,46196,2024-01-25,Technical Issues,Monday.com,82
12243,20106,2023-07-06,High Pricing,Slack,100
12244,15510,2024-03-20,High Pricing,ClickUp,106
12245,6025,2023-08-24,Technical Issues,ClickUp,71
12246,4528,2024-10-04,High Pricing,ClickUp,81
12247,6111,2023-08-09,Low Usage,Slack,89
12248,27176,2022-11-03,Low Usage,Asana,63
12249,12291,2024-06-14,Switched Competitor,ClickUp,107
12250,7692,2024-12-29,High Pricing,Notion,106
12251,14931,2022-07-16,Low Usage,Asana,110
12252,14088,2024-06-26,Poor Experience,Notion,80
12253,11188,2023-06-01,Poor Experience,Monday.com,111
12254,49427,2023-01-29,Switched Competitor,Notion,40
12255,40294,2024-12-09,Poor Experience,Monday.com,42
12256,32041,2024-06-16,High Pricing,Asana,90
12257,29671,2023-12-13,Switched Competitor,Monday.com,37
12258,27121,2023-01-27,Missing Features,ClickUp,26
12259,40787,2023-11-07,High Pricing,Asana,117
12260,7327,2024-04-07,Missing Features,Notion,118
12261,48114,2025-02-22,Switched Competitor,Asana,59
12262,28566,2024-07-03,Switched Competitor,Notion,42
12263,18789,2022-02-06,Low Usage,ClickUp,87
12264,45102,2023-04-05,Technical Issues,Notion,67
12265,19456,2022-04-29,Low Usage,Notion,73
12266,3978,2024-06-19,High Pricing,Notion,114
12267,4499,2024-04-05,Switched Competitor,Monday.com,7
12268,10575,2022-12-16,High Pricing,Notion,6
12269,43115,2022-05-03,Poor Experience,Slack,100
12270,47320,2022-10-05,High Pricing,Asana,74
12271,48163,2023-08-24,Low Usage,Notion,115
12272,38466,2024-01-09,High Pricing,Notion,116
12273,8578,2023-12-23,Switched Competitor,Monday.com,8
12274,30410,2022-07-26,Technical Issues,Notion,95
12275,9237,2023-03-14,Low Usage,Notion,13
12276,10056,2022-06-23,Switched Competitor,Slack,67
12277,25545,2024-06-17,Technical Issues,Monday.com,36
12278,19304,2023-11-23,Switched Competitor,ClickUp,4
12279,1413,2023-10-07,Technical Issues,Asana,59
12280,45416,2023-01-08,High Pricing,ClickUp,94
12281,2749,2023-08-20,Low Usage,Notion,14
12282,23509,2023-10-26,Low Usage,Asana,47
12283,47589,2023-12-15,Low Usage,Monday.com,9
12284,39865,2023-03-28,High Pricing,Monday.com,9
12285,42427,2024-05-14,Switched Competitor,Slack,118
12286,4267,2022-03-24,Low Usage,Monday.com,119
12287,12772,2022-05-18,Poor Experience,Monday.com,26
12288,41624,2023-08-26,Low Usage,ClickUp,65
12289,34508,2023-12-14,Technical Issues,ClickUp,5
12290,48326,2022-05-25,High Pricing,Asana,115
12291,17758,2025-04-08,Technical Issues,Slack,38
12292,38652,2024-06-21,Poor Experience,Monday.com,73
12293,28848,2023-02-23,High Pricing,Slack,92
12294,8948,2022-04-09,Missing Features,Slack,32
12295,25666,2023-06-06,Missing Features,ClickUp,91
12296,24358,2022-07-05,Low Usage,Notion,23
12297,8733,2023-06-28,Technical Issues,ClickUp,97
12298,6793,2024-04-04,Technical Issues,Notion,108
12299,43463,2022-08-01,Technical Issues,Asana,28
12300,14516,2022-11-03,Switched Competitor,Monday.com,28
12301,18383,2024-10-16,High Pricing,ClickUp,1
12302,37235,2023-06-25,Poor Experience,Slack,119
12303,17050,2022-04-14,Switched Competitor,Monday.com,2
12304,22921,2022-09-28,Technical Issues,Monday.com,7
12305,26741,2024-12-11,Poor Experience,Monday.com,38
12306,23891,2022-07-19,Technical Issues,ClickUp,21
12307,24940,2022-04-21,Missing Features,Slack,113
12308,39935,2025-03-22,Low Usage,Slack,107
12309,41296,2025-01-04,High Pricing,Asana,38
12310,32478,2024-02-18,Missing Features,Asana,4
12311,48632,2025-02-21,Poor Experience,Asana,8
12312,27594,2022-06-22,Technical Issues,Asana,109
12313,8667,2023-10-13,Missing Features,Notion,85
12314,4705,2023-09-08,Switched Competitor,Monday.com,44
12315,19790,2024-04-27,Missing Features,Notion,29
12316,24266,2024-12-17,High Pricing,Asana,13
12317,28537,2025-02-27,Low Usage,Notion,108
12318,1309,2022-08-08,Low Usage,Monday.com,84
12319,24540,2023-07-03,High Pricing,Asana,100
12320,24070,2023-11-17,Switched Competitor,Slack,49
12321,8958,2024-06-16,Technical Issues,Notion,78
12322,28834,2022-01-02,Low Usage,Slack,93
12323,43003,2022-02-08,High Pricing,Monday.com,36
12324,28765,2022-05-10,High Pricing,Slack,26
12325,25394,2024-08-19,Technical Issues,Monday.com,118
12326,45423,2022-08-22,High Pricing,Slack,38
12327,49444,2025-02-13,High Pricing,Slack,55
12328,11608,2022-06-26,Missing Features,ClickUp,118
12329,3244,2024-02-08,Missing Features,Notion,94
12330,48280,2025-04-03,Missing Features,Monday.com,68
12331,41408,2025-01-27,High Pricing,Asana,99
12332,29828,2023-12-22,Poor Experience,ClickUp,24
12333,11598,2024-05-11,Missing Features,Slack,34
12334,42734,2023-04-17,Poor Experience,Asana,58
12335,28356,2022-07-04,Poor Experience,Notion,77
12336,1697,2023-07-11,Low Usage,ClickUp,92
12337,38260,2024-03-31,Technical Issues,Monday.com,7
12338,38364,2023-11-27,Missing Features,Slack,4
12339,37460,2024-10-30,Low Usage,Monday.com,54
12340,10012,2022-08-08,Switched Competitor,ClickUp,32
12341,37115,2024-08-22,Missing Features,Monday.com,63
12342,34595,2023-01-10,Poor Experience,Monday.com,2
12343,41080,2024-05-27,Low Usage,Asana,7
12344,7802,2022-01-05,Switched Competitor,Asana,33
12345,26606,2022-10-07,Switched Competitor,Slack,13
12346,44441,2023-05-16,Low Usage,Slack,72
12347,33234,2024-04-06,High Pricing,Notion,116
12348,34659,2022-10-14,Low Usage,Monday.com,51
12349,27607,2024-11-18,Missing Features,Monday.com,114
12350,9600,2025-04-15,Missing Features,ClickUp,7
12351,1201,2023-05-07,Switched Competitor,Slack,40
12352,24533,2024-05-10,Low Usage,Notion,88
12353,22280,2024-03-22,Switched Competitor,Notion,80
12354,18788,2022-01-02,Poor Experience,ClickUp,89
12355,9931,2023-06-26,Missing Features,Monday.com,68
12356,39675,2024-04-23,Missing Features,Monday.com,58
12357,2305,2022-01-21,High Pricing,Slack,60
12358,34472,2022-11-20,Missing Features,Asana,109
12359,8614,2022-05-30,High Pricing,ClickUp,95
12360,21719,2024-08-06,Low Usage,ClickUp,44
12361,27030,2022-08-06,Technical Issues,Notion,59
12362,19663,2024-02-07,Technical Issues,ClickUp,68
12363,48811,2023-03-22,Low Usage,Monday.com,10
12364,7075,2023-07-26,High Pricing,ClickUp,103
12365,33886,2023-10-31,Missing Features,Slack,90
12366,22517,2024-11-16,Missing Features,Monday.com,25
12367,45812,2022-08-23,Switched Competitor,Slack,107
12368,12283,2022-08-26,Switched Competitor,ClickUp,109
12369,33959,2023-10-03,Technical Issues,ClickUp,14
12370,45312,2024-05-22,Poor Experience,Notion,17
12371,23599,2023-08-20,High Pricing,Notion,6
12372,228,2022-08-22,High Pricing,Notion,48
12373,47023,2023-08-17,Low Usage,ClickUp,87
12374,13050,2022-05-19,High Pricing,Slack,114
12375,27762,2022-05-14,High Pricing,Monday.com,19
12376,10481,2024-12-14,Missing Features,Notion,15
12377,34731,2025-04-04,Poor Experience,Notion,95
12378,25964,2023-11-06,Switched Competitor,Notion,17
12379,10674,2022-01-12,Missing Features,Slack,65
12380,12231,2024-09-10,Technical Issues,Monday.com,63
12381,9754,2023-06-07,Switched Competitor,Notion,41
12382,704,2024-06-18,Low Usage,Slack,23
12383,26981,2023-05-22,Missing Features,ClickUp,25
12384,39856,2022-04-16,Low Usage,Slack,65
12385,38071,2024-04-09,Poor Experience,Slack,60
12386,48128,2024-10-04,Technical Issues,Asana,53
12387,9848,2024-06-15,High Pricing,ClickUp,116
12388,24435,2023-06-13,High Pricing,Asana,87
12389,18816,2024-12-14,Technical Issues,Slack,42
12390,4391,2022-12-29,Low Usage,ClickUp,99
12391,145,2023-04-25,Missing Features,Slack,58
12392,27190,2023-10-26,Poor Experience,ClickUp,111
12393,42034,2024-01-23,High Pricing,Notion,68
12394,42312,2025-01-31,Low Usage,Asana,57
12395,15701,2023-09-14,Switched Competitor,Slack,116
12396,14420,2024-08-08,Switched Competitor,ClickUp,61
12397,19564,2023-09-30,Low Usage,Slack,42
12398,43198,2025-04-04,Switched Competitor,Slack,39
12399,18703,2023-02-12,Low Usage,Monday.com,98
12400,33929,2024-10-30,Switched Competitor,ClickUp,65
12401,44178,2022-09-28,High Pricing,Monday.com,70
12402,16046,2022-09-07,Low Usage,ClickUp,78
12403,25381,2024-07-20,Low Usage,Slack,1
12404,31235,2024-05-30,Switched Competitor,Monday.com,72
12405,13936,2022-10-03,Low Usage,Asana,62
12406,36369,2022-02-06,Poor Experience,Notion,61
12407,41559,2023-08-17,High Pricing,Notion,78
12408,9763,2023-02-06,High Pricing,Monday.com,27
12409,30124,2022-07-25,Switched Competitor,Monday.com,8
12410,47901,2022-06-13,Missing Features,ClickUp,63
12411,4749,2024-06-05,Low Usage,Monday.com,59
12412,36308,2023-05-01,Technical Issues,Monday.com,92
12413,18951,2023-04-22,Poor Experience,Notion,97
12414,7420,2023-05-09,Missing Features,ClickUp,18
12415,2252,2024-09-15,Poor Experience,ClickUp,33
12416,6615,2024-06-22,Technical Issues,ClickUp,35
12417,35770,2024-02-10,Technical Issues,Monday.com,48
12418,45888,2022-03-30,Technical Issues,Monday.com,73
12419,38301,2023-04-23,Technical Issues,Asana,114
12420,2516,2024-06-02,High Pricing,Notion,73
12421,5556,2024-08-03,Missing Features,Monday.com,98
12422,25824,2024-05-03,Poor Experience,Notion,66
12423,22457,2023-03-13,Missing Features,Monday.com,91
12424,46480,2022-07-04,Switched Competitor,Slack,15
12425,35839,2024-08-26,Technical Issues,ClickUp,112
12426,47285,2023-03-06,Technical Issues,ClickUp,78
12427,29231,2023-06-02,Switched Competitor,ClickUp,31
12428,21113,2022-02-13,Low Usage,ClickUp,107
12429,48726,2022-10-28,Missing Features,ClickUp,47
12430,45331,2022-05-14,Low Usage,Slack,109
12431,7592,2024-04-10,Missing Features,Slack,33
12432,27023,2023-12-20,Technical Issues,Notion,19
12433,10253,2023-09-11,Poor Experience,Asana,3
12434,30679,2022-08-23,Technical Issues,Monday.com,11
12435,8276,2025-02-07,Missing Features,Asana,30
12436,11293,2024-05-27,High Pricing,Notion,113
12437,4339,2023-03-24,Technical Issues,Notion,103
12438,32716,2024-05-22,Low Usage,Notion,108
12439,29162,2025-03-29,Technical Issues,Notion,71
12440,14705,2022-08-07,High Pricing,Slack,38
12441,2184,2023-04-22,Switched Competitor,ClickUp,7
12442,41467,2024-04-27,High Pricing,Notion,70
12443,25223,2024-05-09,Poor Experience,Notion,108
12444,39446,2024-04-13,Low Usage,Notion,1
12445,45600,2023-11-26,Technical Issues,Asana,68
12446,38593,2023-02-09,Poor Experience,Slack,94
12447,31587,2023-05-06,Low Usage,Notion,53
12448,22900,2024-10-23,Missing Features,Monday.com,37
12449,6881,2022-05-08,Switched Competitor,Notion,108
12450,17183,2023-05-25,Switched Competitor,Monday.com,18
12451,23338,2024-09-21,High Pricing,ClickUp,92
12452,43637,2024-01-21,Poor Experience,Asana,83
12453,18627,2023-07-07,High Pricing,Notion,117
12454,40258,2025-01-23,High Pricing,Notion,99
12455,26004,2024-01-15,Missing Features,Monday.com,10
12456,22231,2024-04-03,High Pricing,ClickUp,113
12457,28190,2025-01-20,Switched Competitor,Asana,74
12458,24616,2023-04-27,Low Usage,ClickUp,63
12459,31447,2023-07-07,Technical Issues,ClickUp,51
12460,34440,2024-03-07,Missing Features,Notion,28
12461,46888,2022-06-26,Poor Experience,Monday.com,86
12462,3970,2024-04-03,Switched Competitor,Monday.com,94
12463,10644,2024-01-10,Low Usage,ClickUp,100
12464,5539,2022-03-08,Missing Features,Slack,22
12465,49771,2023-07-21,Switched Competitor,Asana,53
12466,4427,2024-05-26,Poor Experience,Asana,81
12467,25544,2022-03-18,Switched Competitor,Notion,7
12468,23420,2025-01-01,Poor Experience,Notion,117
12469,27612,2023-05-21,Switched Competitor,Notion,62
12470,935,2024-07-21,Missing Features,ClickUp,108
12471,7497,2024-09-30,Poor Experience,Asana,50
12472,12262,2022-04-04,Low Usage,Slack,95
12473,49625,2024-06-07,Missing Features,Slack,79
12474,27226,2024-02-09,Poor Experience,Notion,96
12475,34304,2022-10-12,Missing Features,Asana,74
12476,45128,2024-01-01,High Pricing,Asana,90
12477,27299,2024-06-01,Technical Issues,Slack,65
12478,46748,2022-09-05,High Pricing,Notion,47
12479,3740,2022-06-30,Low Usage,Asana,69
12480,33820,2025-04-06,Missing Features,Monday.com,91
12481,3147,2022-08-10,Technical Issues,ClickUp,57
12482,2575,2025-02-21,High Pricing,Monday.com,46
12483,13801,2024-05-31,Technical Issues,Asana,71
12484,14400,2022-08-17,Switched Competitor,Asana,88
12485,32097,2024-07-08,Missing Features,Monday.com,116
12486,10130,2024-07-30,Missing Features,Notion,117
12487,36485,2023-07-25,Switched Competitor,Slack,14
12488,41791,2023-02-27,Switched Competitor,Notion,100
12489,22099,2024-06-04,Switched Competitor,Slack,54
12490,37192,2024-08-06,Missing Features,Asana,13
12491,34480,2023-11-18,Switched Competitor,Notion,98
12492,6719,2024-05-06,Missing Features,Asana,41
12493,42523,2024-02-28,High Pricing,Asana,33
12494,12289,2024-05-27,Poor Experience,ClickUp,25
12495,9560,2023-01-22,Switched Competitor,Notion,43
12496,22305,2023-04-11,Missing Features,Notion,57
12497,39838,2022-09-09,Poor Experience,Slack,44
12498,42575,2022-08-19,Low Usage,Notion,22
12499,41159,2024-10-18,Missing Features,Asana,104
12500,28546,2024-02-06,High Pricing,Slack,11
12501,5877,2024-09-27,Low Usage,ClickUp,36
12502,1044,2022-02-28,High Pricing,ClickUp,93
12503,191,2024-01-03,Switched Competitor,Asana,105
12504,40912,2024-10-30,Missing Features,Slack,92
12505,37408,2025-03-14,Low Usage,Monday.com,72
12506,48963,2024-01-16,High Pricing,Notion,57
12507,23163,2023-01-03,Missing Features,Asana,8
12508,37644,2024-06-24,High Pricing,ClickUp,40
12509,10280,2022-04-20,Switched Competitor,Slack,84
12510,25335,2024-02-15,Switched Competitor,ClickUp,60
12511,23372,2024-06-29,Missing Features,Slack,19
12512,21236,2024-02-02,Poor Experience,ClickUp,83
12513,21926,2023-06-11,Low Usage,Monday.com,78
12514,39246,2022-11-24,Low Usage,Notion,21
12515,2519,2022-10-20,Low Usage,ClickUp,80
12516,15242,2023-08-12,Switched Competitor,Asana,89
12517,33885,2024-03-09,High Pricing,Asana,79
12518,12966,2022-03-04,Poor Experience,ClickUp,90
12519,47040,2022-01-04,Switched Competitor,Notion,18
12520,45688,2023-07-25,High Pricing,Monday.com,91
12521,27883,2022-07-06,Low Usage,Slack,45
12522,41307,2025-01-16,Poor Experience,Monday.com,16
12523,413,2024-04-14,Poor Experience,Notion,90
12524,43464,2023-05-29,Low Usage,Asana,13
12525,25919,2022-07-16,High Pricing,Asana,15
12526,38113,2023-04-14,Low Usage,ClickUp,8
12527,24785,2025-01-21,Poor Experience,Monday.com,85
12528,28343,2022-01-03,Technical Issues,Slack,113
12529,12879,2022-03-07,Low Usage,Slack,81
12530,47606,2022-12-10,Switched Competitor,Asana,32
12531,1291,2024-11-01,Low Usage,Notion,118
12532,14812,2024-10-01,High Pricing,Notion,107
12533,2670,2022-11-28,High Pricing,Monday.com,35
12534,30366,2022-02-10,Technical Issues,Notion,55
12535,40455,2023-10-04,Technical Issues,Monday.com,93
12536,4131,2023-09-11,Poor Experience,ClickUp,47
12537,39004,2025-03-06,Technical Issues,Slack,117
12538,28560,2022-04-25,Switched Competitor,Asana,72
12539,36288,2023-08-28,High Pricing,Monday.com,97
12540,21556,2023-05-28,High Pricing,Asana,92
12541,39128,2023-10-20,Technical Issues,ClickUp,106
12542,13891,2022-11-26,Low Usage,Monday.com,4
12543,15674,2024-01-08,Switched Competitor,Monday.com,61
12544,42472,2023-08-14,High Pricing,Notion,21
12545,25465,2024-03-26,High Pricing,Monday.com,11
12546,4228,2024-10-07,Poor Experience,Notion,1
12547,3831,2022-02-23,High Pricing,ClickUp,19
12548,19565,2022-09-07,High Pricing,ClickUp,5
12549,6334,2024-09-22,Missing Features,Notion,27
12550,17819,2023-11-21,Missing Features,Notion,61
12551,1582,2025-02-12,Switched Competitor,Monday.com,116
12552,45150,2023-07-03,Missing Features,Notion,53
12553,43360,2022-02-28,High Pricing,Monday.com,66
12554,664,2024-07-18,Missing Features,ClickUp,94
12555,1081,2022-11-27,Missing Features,Monday.com,89
12556,44177,2022-09-10,Missing Features,Notion,37
12557,31546,2023-12-02,Technical Issues,ClickUp,58
12558,31608,2023-09-03,Missing Features,Asana,112
12559,6446,2023-02-23,Poor Experience,Monday.com,85
12560,10732,2025-01-10,Technical Issues,Notion,27
12561,25323,2024-09-01,Technical Issues,Notion,85
12562,49061,2022-12-06,Missing Features,Monday.com,55
12563,35165,2024-04-04,Poor Experience,Slack,4
12564,39824,2023-03-24,High Pricing,Slack,27
12565,43531,2022-06-15,Missing Features,Notion,57
12566,9839,2022-02-20,Missing Features,Monday.com,62
12567,23800,2024-11-21,Switched Competitor,Monday.com,21
12568,42941,2022-09-12,Low Usage,Slack,23
12569,537,2022-10-12,Low Usage,ClickUp,16
12570,41654,2024-05-21,Technical Issues,Notion,33
12571,5145,2022-11-28,Low Usage,ClickUp,7
12572,29643,2023-12-29,Low Usage,Asana,101
12573,24476,2023-05-08,Missing Features,Monday.com,38
12574,18522,2023-02-15,High Pricing,Slack,42
12575,14030,2022-01-03,Low Usage,Monday.com,70
12576,35091,2023-12-03,Switched Competitor,Slack,107
12577,42935,2024-10-24,Low Usage,Asana,31
12578,35522,2022-03-31,Poor Experience,Notion,1
12579,10969,2022-10-25,Missing Features,ClickUp,43
12580,39936,2024-01-28,Technical Issues,Notion,100
12581,11122,2022-04-26,High Pricing,Monday.com,29
12582,12337,2022-04-12,Switched Competitor,ClickUp,33
12583,45528,2025-02-03,Poor Experience,ClickUp,74
12584,32760,2023-07-15,Missing Features,ClickUp,82
12585,13832,2023-03-26,Missing Features,ClickUp,75
12586,38473,2023-09-10,Low Usage,ClickUp,19
12587,15935,2024-12-14,Low Usage,Monday.com,44
12588,39655,2023-06-19,High Pricing,Asana,108
12589,1133,2022-11-17,Missing Features,Notion,104
12590,39007,2023-10-20,Poor Experience,Monday.com,6
12591,46031,2022-09-08,Switched Competitor,Asana,26
12592,20863,2023-11-03,High Pricing,Notion,105
12593,41909,2023-01-04,Technical Issues,Notion,117
12594,15028,2024-03-13,Missing Features,Notion,12
12595,18197,2022-04-01,Low Usage,ClickUp,12
12596,64,2024-09-29,High Pricing,Notion,117
12597,42752,2022-08-22,Poor Experience,Notion,42
12598,8208,2023-05-29,Technical Issues,Notion,78
12599,16636,2023-01-16,Poor Experience,Notion,25
12600,33369,2025-02-24,Low Usage,ClickUp,37
12601,19493,2023-07-23,Low Usage,Asana,110
12602,6361,2022-11-06,Technical Issues,Slack,73
12603,47751,2025-02-27,Switched Competitor,Asana,44
12604,8936,2024-10-21,Switched Competitor,Asana,22
12605,44612,2023-12-29,Switched Competitor,Notion,86
12606,10993,2023-04-06,Technical Issues,Asana,45
12607,44480,2023-03-22,Low Usage,Notion,76
12608,8186,2023-03-25,High Pricing,Slack,77
12609,11913,2023-03-26,Low Usage,Asana,72
12610,44433,2024-04-15,Missing Features,ClickUp,31
12611,11455,2023-09-15,Low Usage,Asana,112
12612,34554,2024-12-06,Technical Issues,Asana,56
12613,37281,2024-07-31,Poor Experience,Asana,51
12614,49392,2022-06-13,Technical Issues,Monday.com,17
12615,22456,2024-11-22,Poor Experience,Slack,45
12616,34242,2024-11-17,Technical Issues,Asana,63
12617,4196,2023-02-15,Switched Competitor,Monday.com,41
12618,35262,2023-02-20,Missing Features,Monday.com,36
12619,18751,2022-11-13,Missing Features,Notion,17
12620,24523,2023-03-17,Missing Features,Asana,89
12621,5092,2024-01-09,Technical Issues,ClickUp,94
12622,4012,2022-08-16,Switched Competitor,ClickUp,82
12623,37478,2023-02-09,Low Usage,Monday.com,46
12624,32228,2023-11-01,Poor Experience,Asana,86
12625,49949,2022-07-16,Poor Experience,Asana,1
12626,49734,2025-02-01,High Pricing,Monday.com,102
12627,33429,2025-04-09,Switched Competitor,Notion,53
12628,22701,2024-08-24,Technical Issues,Notion,118
12629,9181,2022-01-22,Low Usage,Asana,112
12630,6162,2025-03-15,Technical Issues,Monday.com,48
12631,15574,2023-02-25,Poor Experience,Notion,101
12632,45179,2022-04-27,Technical Issues,ClickUp,70
12633,48902,2024-04-26,Low Usage,Slack,57
12634,15970,2023-10-29,Missing Features,ClickUp,15
12635,38315,2022-08-11,Missing Features,Asana,62
12636,46298,2022-08-11,Technical Issues,ClickUp,95
12637,46911,2024-03-08,Poor Experience,ClickUp,82
12638,21907,2024-08-10,Low Usage,Notion,60
12639,12306,2024-09-18,Switched Competitor,Slack,28
12640,44440,2023-05-17,Poor Experience,Slack,9
12641,29894,2022-03-27,Poor Experience,Asana,10
12642,4384,2022-11-25,Switched Competitor,ClickUp,14
12643,11927,2024-02-20,Missing Features,Asana,1
12644,5713,2025-02-08,Switched Competitor,Monday.com,110
12645,7805,2022-07-17,Poor Experience,ClickUp,49
12646,3221,2022-04-22,Low Usage,Slack,78
12647,14719,2024-10-29,High Pricing,Slack,37
12648,49256,2023-07-01,High Pricing,ClickUp,53
12649,48103,2023-10-09,High Pricing,Asana,69
12650,22014,2025-02-24,Technical Issues,Asana,19
12651,13983,2024-09-14,Poor Experience,Asana,91
12652,10245,2022-03-15,Switched Competitor,Slack,76
12653,46133,2023-01-14,Technical Issues,ClickUp,67
12654,1259,2024-02-29,Poor Experience,Slack,112
12655,27812,2022-07-09,Technical Issues,Slack,89
12656,36606,2022-10-02,High Pricing,ClickUp,73
12657,47949,2023-12-07,Switched Competitor,Notion,24
12658,514,2022-05-31,Technical Issues,Asana,117
12659,37040,2024-12-01,Technical Issues,Monday.com,102
12660,33610,2022-08-05,Poor Experience,Monday.com,22
12661,3995,2024-02-01,Poor Experience,Notion,18
12662,27027,2024-12-29,High Pricing,Notion,105
12663,27555,2023-11-18,Poor Experience,ClickUp,101
12664,6835,2025-04-01,Poor Experience,Asana,94
12665,17798,2023-07-21,Low Usage,Asana,32
12666,10481,2022-03-30,Missing Features,Monday.com,28
12667,2469,2025-01-11,High Pricing,Asana,91
12668,12220,2022-01-11,Missing Features,Slack,12
12669,47511,2022-07-20,Technical Issues,Asana,67
12670,23083,2023-04-29,Switched Competitor,Slack,101
12671,46063,2024-01-19,High Pricing,Asana,20
12672,31597,2024-02-25,Technical Issues,ClickUp,90
12673,38470,2023-03-08,Technical Issues,Asana,84
12674,11095,2022-09-04,Switched Competitor,Asana,57
12675,49622,2023-04-11,Switched Competitor,Monday.com,91
12676,16328,2022-02-23,Poor Experience,Slack,100
12677,8951,2022-01-10,Switched Competitor,ClickUp,111
12678,25927,2022-01-30,High Pricing,Slack,66
12679,26416,2025-03-05,Switched Competitor,ClickUp,63
12680,40246,2023-07-03,High Pricing,Slack,30
12681,10157,2025-01-22,Switched Competitor,Notion,95
12682,32603,2024-09-03,Low Usage,Monday.com,118
12683,42755,2023-06-08,Technical Issues,Asana,103
12684,40375,2024-08-31,Technical Issues,Slack,95
12685,6058,2022-07-09,Low Usage,Slack,40
12686,9051,2022-06-05,Missing Features,Asana,9
12687,47565,2023-06-03,Low Usage,Slack,79
12688,12441,2023-02-20,Missing Features,ClickUp,21
12689,35289,2022-08-30,Technical Issues,Notion,59
12690,35181,2023-08-29,Technical Issues,Asana,48
12691,8778,2024-09-25,High Pricing,ClickUp,16
12692,25864,2024-02-10,Poor Experience,Asana,17
12693,40181,2023-10-23,Missing Features,Monday.com,54
12694,22143,2022-03-15,Missing Features,Monday.com,97
12695,49703,2024-11-06,High Pricing,Notion,17
12696,12596,2024-07-26,Technical Issues,Monday.com,53
12697,46534,2023-07-11,Missing Features,Asana,79
12698,19977,2022-07-11,Technical Issues,Slack,92
12699,14959,2024-05-05,Missing Features,Notion,82
12700,32698,2022-07-15,High Pricing,ClickUp,9
12701,3332,2022-09-05,Switched Competitor,Slack,65
12702,42860,2024-10-09,Technical Issues,Asana,77
12703,38663,2022-05-20,Low Usage,Asana,112
12704,10986,2023-04-09,Technical Issues,Monday.com,76
12705,31091,2022-08-19,Poor Experience,Notion,83
12706,34659,2023-03-16,Poor Experience,Asana,4
12707,19578,2022-06-16,Missing Features,Monday.com,91
12708,23409,2023-07-14,Switched Competitor,Asana,37
12709,49943,2023-09-08,Low Usage,Asana,28
12710,289,2024-02-14,Poor Experience,Monday.com,42
12711,14213,2023-04-13,Technical Issues,Asana,5
12712,20711,2022-08-15,Missing Features,Monday.com,14
12713,933,2023-07-03,Switched Competitor,Monday.com,17
12714,6458,2022-02-07,Poor Experience,ClickUp,42
12715,10537,2024-02-01,Missing Features,Monday.com,75
12716,17566,2023-11-30,Poor Experience,Monday.com,28
12717,9250,2022-11-05,Switched Competitor,Monday.com,92
12718,36547,2024-05-21,High Pricing,Notion,86
12719,14416,2023-10-11,Low Usage,ClickUp,17
12720,41201,2022-07-01,High Pricing,Notion,101
12721,26504,2023-09-03,Poor Experience,Notion,92
12722,753,2024-10-11,Poor Experience,Notion,100
12723,8545,2022-08-06,Switched Competitor,Slack,48
12724,21572,2022-06-30,Switched Competitor,ClickUp,62
12725,25826,2024-08-30,Poor Experience,Asana,117
12726,3809,2024-10-27,Switched Competitor,Monday.com,80
12727,6402,2023-04-15,Poor Experience,ClickUp,8
12728,44127,2025-03-13,High Pricing,Notion,56
12729,12485,2022-01-05,High Pricing,ClickUp,76
12730,8123,2024-08-19,Low Usage,ClickUp,8
12731,40727,2024-06-17,Missing Features,Asana,7
12732,15185,2023-04-06,Technical Issues,ClickUp,73
12733,34387,2023-06-02,High Pricing,Notion,77
12734,22870,2022-01-02,Poor Experience,ClickUp,30
12735,17547,2024-03-12,High Pricing,Monday.com,71
12736,4176,2022-11-08,Poor Experience,Monday.com,11
12737,30040,2023-10-27,Low Usage,Asana,11
12738,21295,2024-07-02,Low Usage,ClickUp,9
12739,5493,2023-11-16,Technical Issues,Asana,63
12740,37328,2025-01-03,High Pricing,Monday.com,4
12741,13890,2024-02-26,Missing Features,Asana,51
12742,7569,2022-06-19,Technical Issues,Asana,45
12743,8969,2022-09-09,Missing Features,ClickUp,34
12744,10908,2022-07-13,Switched Competitor,Slack,90
12745,43310,2022-02-23,Poor Experience,Notion,31
12746,18090,2024-09-25,Technical Issues,Slack,18
12747,44689,2023-06-18,Missing Features,Notion,25
12748,7991,2024-08-30,Poor Experience,Asana,93
12749,30534,2023-09-13,High Pricing,ClickUp,94
12750,19905,2023-07-07,Missing Features,ClickUp,118
12751,38280,2022-02-04,Technical Issues,Notion,112
12752,25208,2023-03-03,Switched Competitor,Asana,87
12753,34602,2024-11-06,Technical Issues,Asana,69
12754,47869,2024-12-20,Technical Issues,Slack,119
12755,33009,2022-02-13,Poor Experience,Slack,11
12756,5051,2024-03-29,Technical Issues,Asana,31
12757,42012,2025-01-11,Low Usage,Notion,6
12758,46384,2024-03-29,High Pricing,ClickUp,4
12759,38430,2022-04-01,Switched Competitor,ClickUp,99
12760,10354,2022-09-21,Missing Features,Notion,68
12761,25663,2023-04-06,Missing Features,Monday.com,42
12762,38294,2024-06-18,Missing Features,Asana,92
12763,5725,2023-11-01,Switched Competitor,Notion,42
12764,24166,2024-10-13,Switched Competitor,ClickUp,9
12765,38916,2024-12-30,Poor Experience,Asana,51
12766,38657,2022-01-07,High Pricing,Slack,14
12767,39353,2022-08-06,Missing Features,Notion,23
12768,30719,2024-10-18,Switched Competitor,Slack,6
12769,5012,2024-04-28,Poor Experience,Notion,74
12770,27640,2022-04-17,Missing Features,Slack,90
12771,17429,2023-10-28,High Pricing,Asana,108
12772,46960,2023-10-12,Switched Competitor,ClickUp,6
12773,37671,2024-07-04,Poor Experience,Notion,49
12774,40134,2022-09-08,High Pricing,Slack,53
12775,15400,2024-10-06,Low Usage,Monday.com,79
12776,44100,2023-04-07,Missing Features,Slack,106
12777,27423,2024-06-27,Missing Features,Asana,92
12778,22236,2022-04-08,Missing Features,Notion,109
12779,20908,2024-12-21,Technical Issues,Slack,99
12780,6402,2022-02-21,Missing Features,Slack,19
12781,39935,2025-03-23,Missing Features,Notion,53
12782,31529,2022-09-16,High Pricing,Notion,103
12783,27427,2024-10-21,High Pricing,Slack,77
12784,10727,2022-11-29,Low Usage,ClickUp,100
12785,46230,2022-08-27,Poor Experience,Slack,38
12786,3732,2022-02-13,Technical Issues,Notion,76
12787,29993,2022-08-11,Poor Experience,ClickUp,111
12788,37856,2024-07-13,High Pricing,Asana,9
12789,2078,2022-02-11,High Pricing,Asana,66
12790,23145,2023-11-21,Low Usage,Asana,90
12791,24557,2023-08-12,Technical Issues,Asana,103
12792,42283,2022-08-09,Technical Issues,Monday.com,71
12793,32625,2023-09-17,Technical Issues,Asana,117
12794,22366,2023-12-28,Low Usage,ClickUp,17
12795,22867,2023-10-27,Poor Experience,Monday.com,104
12796,6180,2022-08-16,Switched Competitor,Slack,94
12797,20605,2023-03-02,Technical Issues,Slack,81
12798,49596,2024-01-31,High Pricing,Notion,33
12799,40372,2024-03-22,Switched Competitor,Asana,83
12800,22344,2022-02-08,Switched Competitor,ClickUp,76
12801,16995,2022-06-15,Poor Experience,Asana,94
12802,10496,2024-11-11,High Pricing,Slack,23
12803,2145,2022-02-09,Missing Features,Monday.com,5
12804,803,2023-05-27,Poor Experience,Notion,22
12805,5969,2022-08-09,Poor Experience,Slack,9
12806,15079,2025-04-10,Missing Features,Asana,54
12807,34451,2022-05-29,Low Usage,Slack,87
12808,29224,2022-06-03,Poor Experience,Notion,108
12809,7186,2024-04-26,Missing Features,ClickUp,8
12810,38447,2022-04-12,Technical Issues,Notion,52
12811,28734,2024-06-01,Technical Issues,Notion,63
12812,9534,2024-11-28,Missing Features,Asana,79
12813,27328,2023-09-18,Missing Features,Monday.com,110
12814,30456,2023-01-29,Switched Competitor,ClickUp,37
12815,17556,2022-12-17,Low Usage,Monday.com,3
12816,7179,2025-02-16,Technical Issues,Asana,112
12817,12387,2023-09-19,Technical Issues,Asana,66
12818,32551,2023-10-28,High Pricing,Monday.com,80
12819,22636,2022-01-29,Missing Features,Notion,70
12820,14067,2025-04-13,Missing Features,Slack,113
12821,14904,2024-08-03,Missing Features,Slack,85
12822,3344,2023-03-18,Poor Experience,ClickUp,88
12823,32974,2022-05-27,High Pricing,Monday.com,108
12824,22365,2022-11-24,Poor Experience,Notion,4
12825,18738,2023-12-24,High Pricing,ClickUp,118
12826,39148,2022-09-22,Low Usage,Asana,77
12827,41360,2024-01-31,Missing Features,Notion,50
12828,32955,2024-03-22,Low Usage,Monday.com,97
12829,1242,2023-10-22,Technical Issues,Monday.com,118
12830,17034,2023-11-12,Technical Issues,Notion,40
12831,9317,2023-07-29,Poor Experience,Notion,17
12832,7353,2023-12-12,Poor Experience,ClickUp,8
12833,13472,2025-03-26,Switched Competitor,ClickUp,30
12834,8237,2024-08-17,Low Usage,Slack,2
12835,42510,2022-06-28,Switched Competitor,Slack,49
12836,36534,2022-03-15,Missing Features,Monday.com,2
12837,40496,2023-04-30,High Pricing,ClickUp,84
12838,18276,2023-03-31,Technical Issues,Asana,48
12839,30416,2024-07-15,Poor Experience,Monday.com,53
12840,13297,2022-11-13,Low Usage,Asana,79
12841,48572,2024-01-30,Low Usage,Notion,104
12842,43173,2022-08-18,Technical Issues,Monday.com,28
12843,16463,2024-06-21,Technical Issues,Asana,89
12844,3510,2024-02-05,Low Usage,ClickUp,116
12845,24295,2023-11-06,Poor Experience,Asana,115
12846,26926,2024-02-16,High Pricing,Slack,47
12847,26712,2022-06-04,High Pricing,Slack,23
12848,4859,2024-11-02,Low Usage,ClickUp,28
12849,12947,2022-10-21,High Pricing,Monday.com,24
12850,22669,2024-05-19,Technical Issues,Slack,119
12851,17817,2023-08-18,Missing Features,Slack,59
12852,19861,2022-09-13,Poor Experience,Monday.com,108
12853,20915,2024-09-23,High Pricing,Asana,67
12854,15572,2023-06-28,High Pricing,Asana,100
12855,8738,2022-03-17,Switched Competitor,Monday.com,67
12856,31739,2022-03-13,High Pricing,Slack,45
12857,43089,2024-02-09,Technical Issues,Slack,58
12858,20225,2023-01-23,Technical Issues,Monday.com,24
12859,2798,2023-02-04,Poor Experience,ClickUp,19
12860,10782,2022-07-07,Missing Features,Asana,50
12861,12502,2023-10-12,Switched Competitor,ClickUp,13
12862,34817,2022-07-30,Technical Issues,Slack,71
12863,11833,2022-04-24,Poor Experience,Asana,21
12864,43549,2024-02-27,High Pricing,Slack,52
12865,41817,2022-10-26,Switched Competitor,ClickUp,90
12866,42922,2023-03-20,Missing Features,ClickUp,102
12867,41057,2023-03-21,High Pricing,Slack,61
12868,19736,2022-10-01,High Pricing,Asana,92
12869,33786,2023-12-20,Technical Issues,Slack,90
12870,38551,2023-10-08,Technical Issues,Asana,96
12871,32332,2023-11-14,Missing Features,ClickUp,103
12872,25468,2023-09-29,Switched Competitor,ClickUp,71
12873,10681,2023-12-13,Poor Experience,Notion,21
12874,40522,2022-09-02,High Pricing,ClickUp,68
12875,28909,2022-01-31,Poor Experience,Monday.com,44
12876,34833,2023-09-30,Technical Issues,Slack,61
12877,32776,2022-10-17,Switched Competitor,Monday.com,93
12878,21337,2024-07-05,Technical Issues,Asana,34
12879,6261,2022-08-24,High Pricing,Slack,109
12880,36680,2024-04-25,Poor Experience,Asana,1
12881,4014,2024-06-28,Technical Issues,Slack,16
12882,11699,2024-02-18,Switched Competitor,ClickUp,61
12883,8948,2022-03-28,Technical Issues,ClickUp,66
12884,15816,2022-06-20,Switched Competitor,Slack,32
12885,13959,2022-10-09,Switched Competitor,ClickUp,6
12886,7956,2024-11-20,Switched Competitor,Monday.com,84
12887,12212,2022-09-01,Switched Competitor,Slack,12
12888,25169,2024-11-19,Missing Features,ClickUp,64
12889,13827,2023-06-15,Technical Issues,Notion,3
12890,44038,2022-12-10,High Pricing,Asana,15
12891,47391,2023-04-30,Missing Features,ClickUp,41
12892,15942,2022-02-21,Technical Issues,Asana,63
12893,17861,2022-09-01,Technical Issues,Monday.com,95
12894,47934,2025-03-29,High Pricing,Asana,63
12895,47588,2023-07-30,Poor Experience,ClickUp,14
12896,49741,2024-07-19,Switched Competitor,Monday.com,35
12897,3268,2023-01-28,Poor Experience,Monday.com,94
12898,37921,2025-02-16,Switched Competitor,Asana,29
12899,20868,2025-04-14,High Pricing,ClickUp,31
12900,27444,2023-02-02,Poor Experience,Slack,106
12901,15094,2022-03-11,Switched Competitor,Slack,68
12902,29399,2022-04-19,Switched Competitor,Slack,2
12903,11936,2022-08-07,High Pricing,Monday.com,92
12904,37928,2022-06-28,High Pricing,Slack,20
12905,31752,2025-02-21,Switched Competitor,Notion,91
12906,2006,2024-05-01,Switched Competitor,ClickUp,44
12907,44721,2025-02-05,High Pricing,Notion,87
12908,20478,2022-05-28,Low Usage,Monday.com,84
12909,8457,2022-10-31,Technical Issues,Monday.com,43
12910,45423,2024-09-15,High Pricing,Asana,67
12911,25754,2023-05-18,Technical Issues,ClickUp,113
12912,44651,2024-11-18,Missing Features,Monday.com,102
12913,29549,2024-07-23,Technical Issues,Monday.com,35
12914,33411,2025-03-09,Switched Competitor,Notion,105
12915,35200,2023-02-17,High Pricing,Slack,50
12916,12214,2025-03-18,Switched Competitor,ClickUp,33
12917,39381,2024-02-26,Switched Competitor,Notion,37
12918,26079,2023-11-18,Missing Features,Slack,36
12919,26814,2024-07-18,High Pricing,ClickUp,102
12920,19072,2022-06-12,High Pricing,Slack,87
12921,21294,2023-09-20,Low Usage,ClickUp,72
12922,20577,2022-11-15,High Pricing,Asana,1
12923,16926,2022-06-18,High Pricing,Slack,35
12924,1939,2023-02-27,High Pricing,ClickUp,61
12925,39718,2025-01-23,High Pricing,Slack,107
12926,2744,2023-10-02,Missing Features,ClickUp,37
12927,18807,2022-06-15,Low Usage,Notion,93
12928,34526,2023-10-09,Low Usage,ClickUp,24
12929,41230,2024-01-06,Low Usage,Slack,28
12930,37425,2023-12-12,Low Usage,Slack,81
12931,45378,2023-06-23,Low Usage,Asana,64
12932,8092,2025-02-05,High Pricing,Notion,14
12933,47076,2023-04-01,Missing Features,ClickUp,69
12934,13324,2025-01-22,High Pricing,Monday.com,99
12935,45172,2024-10-16,High Pricing,Slack,4
12936,4669,2022-01-25,High Pricing,Notion,25
12937,5870,2024-06-26,Switched Competitor,Monday.com,115
12938,48486,2023-01-27,High Pricing,Notion,21
12939,47142,2023-05-10,High Pricing,Slack,6
12940,38698,2024-06-19,Poor Experience,ClickUp,101
12941,40854,2024-12-09,Switched Competitor,Monday.com,40
12942,21361,2025-01-09,Poor Experience,ClickUp,14
12943,45704,2022-05-08,High Pricing,Slack,1
12944,33503,2022-01-28,Low Usage,Notion,2
12945,45741,2023-06-22,Low Usage,Notion,76
12946,16639,2022-06-02,Poor Experience,ClickUp,85
12947,16523,2024-01-27,Poor Experience,Notion,82
12948,26465,2023-01-14,High Pricing,Notion,69
12949,30466,2024-04-06,Missing Features,Notion,83
12950,39865,2023-01-29,Technical Issues,Slack,24
12951,44559,2023-01-25,Switched Competitor,ClickUp,31
12952,46501,2022-11-15,Technical Issues,Slack,22
12953,24438,2024-03-13,Technical Issues,ClickUp,47
12954,11978,2022-09-21,Switched Competitor,ClickUp,61
12955,9174,2022-07-17,Poor Experience,Slack,42
12956,28926,2024-07-15,Poor Experience,Monday.com,79
12957,15476,2023-06-05,Low Usage,Monday.com,72
12958,25184,2022-10-30,Low Usage,Notion,43
12959,16816,2022-12-18,Switched Competitor,ClickUp,44
12960,7740,2024-07-09,High Pricing,ClickUp,117
12961,1733,2025-03-13,Low Usage,Monday.com,34
12962,8862,2022-06-16,Missing Features,ClickUp,57
12963,15175,2024-12-28,Switched Competitor,Monday.com,18
12964,16682,2022-12-18,Low Usage,Asana,13
12965,4827,2022-02-08,Switched Competitor,Slack,19
12966,38322,2022-04-07,Poor Experience,Monday.com,55
12967,6619,2025-03-03,Switched Competitor,Monday.com,35
12968,12481,2023-08-25,High Pricing,Slack,95
12969,30470,2024-08-28,Missing Features,Notion,33
12970,34982,2023-03-13,Poor Experience,Monday.com,97
12971,19814,2024-07-28,Technical Issues,Slack,73
12972,5585,2024-06-10,Missing Features,Notion,5
12973,2189,2025-03-25,High Pricing,ClickUp,38
12974,3038,2023-01-01,Switched Competitor,ClickUp,44
12975,27453,2024-04-18,Poor Experience,Asana,56
12976,14140,2024-02-03,High Pricing,ClickUp,101
12977,42150,2023-03-29,Missing Features,ClickUp,105
12978,7712,2024-01-08,Missing Features,Slack,71
12979,15171,2022-06-28,Technical Issues,Notion,63
12980,29040,2025-01-05,Poor Experience,Monday.com,31
12981,14643,2025-03-16,Switched Competitor,Asana,7
12982,23564,2023-09-01,Missing Features,Notion,18
12983,14738,2024-08-17,Switched Competitor,Asana,45
12984,27734,2022-06-13,Low Usage,Monday.com,68
12985,16958,2024-02-08,Switched Competitor,Slack,34
12986,13120,2025-01-23,Poor Experience,Notion,66
12987,17607,2025-04-15,Poor Experience,ClickUp,60
12988,47466,2023-03-17,Switched Competitor,Notion,21
12989,21871,2023-05-24,Low Usage,Asana,78
12990,38288,2022-05-14,Poor Experience,Notion,107
12991,12123,2023-08-15,Missing Features,Notion,17
12992,21210,2022-10-28,Missing Features,Slack,37
12993,19439,2022-01-12,Missing Features,ClickUp,70
12994,6542,2022-05-19,Missing Features,Slack,58
12995,17782,2024-08-03,Technical Issues,ClickUp,94
12996,39648,2023-05-25,Technical Issues,ClickUp,28
12997,35826,2024-11-18,Poor Experience,Slack,7
12998,8943,2022-01-10,Low Usage,Slack,68
12999,3954,2023-04-27,Missing Features,Notion,112
13000,10998,2022-11-07,High Pricing,Notion,108
13001,16655,2025-02-12,Poor Experience,Slack,45
13002,8884,2023-08-27,Switched Competitor,Asana,114
13003,29663,2022-01-25,Switched Competitor,Notion,96
13004,29600,2022-11-10,Poor Experience,Notion,106
13005,2478,2023-06-12,Low Usage,Notion,30
13006,35060,2023-03-07,Low Usage,ClickUp,111
13007,594,2023-03-01,Missing Features,Monday.com,93
13008,21254,2024-10-14,High Pricing,Asana,22
13009,39141,2025-01-15,Technical Issues,Monday.com,96
13010,33898,2024-10-04,Missing Features,ClickUp,96
13011,6812,2022-06-17,Poor Experience,Asana,104
13012,29744,2022-07-12,High Pricing,Monday.com,118
13013,17154,2023-03-31,Missing Features,ClickUp,32
13014,31571,2023-04-05,Low Usage,Slack,76
13015,32712,2025-04-03,Poor Experience,ClickUp,111
13016,26101,2024-10-17,Technical Issues,Monday.com,17
13017,14251,2025-02-11,Missing Features,Asana,24
13018,16830,2024-04-21,Poor Experience,Asana,74
13019,3193,2024-12-21,High Pricing,Notion,16
13020,32732,2024-03-09,Technical Issues,Asana,49
13021,32160,2023-09-14,High Pricing,Slack,69
13022,16811,2023-09-23,Low Usage,Notion,55
13023,35173,2022-04-23,High Pricing,Asana,70
13024,11909,2022-01-24,Technical Issues,Slack,93
13025,24086,2023-01-28,Missing Features,Slack,23
13026,34854,2024-04-20,Poor Experience,Slack,64
13027,24254,2025-02-11,Low Usage,Notion,103
13028,44317,2023-07-11,Low Usage,ClickUp,29
13029,42159,2024-02-14,Switched Competitor,Slack,56
13030,9488,2022-02-28,Switched Competitor,ClickUp,55
13031,26590,2022-08-30,Missing Features,Asana,79
13032,20482,2023-02-11,Switched Competitor,Asana,37
13033,30367,2025-03-30,Poor Experience,Monday.com,58
13034,6837,2025-01-05,Switched Competitor,Monday.com,45
13035,15372,2022-12-22,High Pricing,Notion,46
13036,28791,2022-09-14,Missing Features,Asana,10
13037,5989,2022-11-19,Switched Competitor,Slack,1
13038,43796,2023-08-13,Low Usage,Asana,49
13039,14823,2023-12-28,Technical Issues,ClickUp,3
13040,18069,2024-04-01,Low Usage,ClickUp,29
13041,14570,2022-07-10,Low Usage,ClickUp,58
13042,29385,2024-08-07,Low Usage,ClickUp,96
13043,17536,2022-02-15,Technical Issues,Monday.com,114
13044,18985,2025-04-05,Poor Experience,Notion,15
13045,28866,2024-05-10,Technical Issues,Notion,78
13046,16831,2023-05-29,Switched Competitor,Notion,115
13047,44189,2023-08-24,Poor Experience,Notion,68
13048,7154,2023-02-19,Poor Experience,ClickUp,30
13049,27982,2022-08-13,Low Usage,Monday.com,53
13050,35822,2023-04-26,Technical Issues,Notion,36
13051,45029,2023-09-05,Switched Competitor,Asana,10
13052,9314,2022-05-23,Switched Competitor,ClickUp,76
13053,42218,2022-11-13,Low Usage,Monday.com,45
13054,37494,2024-01-10,Switched Competitor,Asana,77
13055,29396,2023-01-13,Switched Competitor,Asana,25
13056,1515,2023-11-05,High Pricing,Slack,6
13057,27934,2023-10-02,Technical Issues,Slack,88
13058,3391,2025-03-06,Low Usage,Asana,1
13059,35942,2022-06-12,Technical Issues,Monday.com,54
13060,49979,2022-03-01,Technical Issues,Slack,2
13061,5913,2023-06-12,Low Usage,Slack,65
13062,24867,2023-02-07,Low Usage,Monday.com,97
13063,44586,2025-01-01,Switched Competitor,Monday.com,40
13064,37603,2024-11-02,Low Usage,Monday.com,63
13065,6375,2024-12-17,Low Usage,Notion,4
13066,43891,2022-11-18,Switched Competitor,Slack,108
13067,30411,2023-05-16,Missing Features,Notion,12
13068,31962,2024-12-18,High Pricing,Slack,118
13069,12073,2024-03-15,Switched Competitor,Monday.com,10
13070,6685,2024-11-09,Poor Experience,Monday.com,79
13071,18021,2022-05-23,Missing Features,Asana,2
13072,25859,2024-02-28,Low Usage,Notion,110
13073,48054,2023-09-21,Switched Competitor,Asana,69
13074,16248,2025-02-28,Poor Experience,Notion,82
13075,49123,2022-09-20,Poor Experience,Asana,15
13076,15742,2023-09-30,Technical Issues,ClickUp,65
13077,44600,2024-12-31,Switched Competitor,ClickUp,85
13078,6537,2022-11-02,Switched Competitor,Notion,72
13079,49134,2024-10-08,Switched Competitor,Asana,21
13080,26245,2023-03-08,Poor Experience,Notion,21
13081,47019,2023-05-17,Low Usage,Notion,89
13082,3459,2022-01-07,Poor Experience,Asana,30
13083,20583,2023-09-29,Technical Issues,ClickUp,64
13084,29083,2022-10-18,Switched Competitor,Monday.com,106
13085,41271,2024-05-02,Poor Experience,Asana,91
13086,27870,2023-04-07,High Pricing,Asana,46
13087,40975,2023-09-16,Poor Experience,Notion,107
13088,12729,2024-06-13,Poor Experience,Asana,23
13089,8504,2023-03-12,Technical Issues,Monday.com,101
13090,13698,2023-05-17,Technical Issues,ClickUp,109
13091,33816,2023-04-08,Technical Issues,Notion,113
13092,44776,2022-11-14,High Pricing,Monday.com,110
13093,17844,2023-12-14,Switched Competitor,Asana,112
13094,2303,2023-07-25,Switched Competitor,Slack,48
13095,9578,2022-03-29,Switched Competitor,Monday.com,80
13096,33951,2024-08-29,High Pricing,Asana,97
13097,12135,2025-04-04,Low Usage,Asana,95
13098,47704,2022-03-19,High Pricing,Notion,111
13099,28502,2024-01-31,Switched Competitor,Notion,67
13100,29338,2024-02-23,Technical Issues,Monday.com,54
13101,30962,2022-02-09,Poor Experience,Asana,15
13102,49071,2022-04-09,Technical Issues,Notion,18
13103,26722,2022-05-22,Switched Competitor,Slack,114
13104,44418,2022-02-19,Technical Issues,Slack,54
13105,36154,2024-04-07,Low Usage,ClickUp,38
13106,39272,2024-10-18,Low Usage,Notion,111
13107,28148,2022-04-02,Technical Issues,Slack,111
13108,13293,2023-10-27,Missing Features,Monday.com,92
13109,1808,2025-01-01,High Pricing,ClickUp,116
13110,19852,2023-07-07,Low Usage,Slack,72
13111,21290,2023-09-29,Technical Issues,ClickUp,48
13112,18671,2022-07-05,Switched Competitor,Asana,110
13113,1911,2024-03-08,Technical Issues,Monday.com,53
13114,33933,2024-07-22,Poor Experience,Monday.com,98
13115,37666,2025-02-03,Low Usage,ClickUp,16
13116,42630,2023-06-09,Switched Competitor,Notion,107
13117,26710,2023-04-28,Low Usage,ClickUp,50
13118,26588,2022-02-21,Technical Issues,Slack,52
13119,41173,2024-11-19,Low Usage,Slack,114
13120,30242,2024-09-16,Switched Competitor,Asana,33
13121,46451,2025-02-07,Poor Experience,Asana,86
13122,34357,2025-03-17,High Pricing,Notion,16
13123,16908,2022-05-23,Low Usage,Slack,48
13124,13856,2024-06-24,Poor Experience,Asana,17
13125,9096,2023-11-26,High Pricing,Monday.com,50
13126,32567,2023-11-07,Poor Experience,Monday.com,25
13127,18770,2023-06-18,Poor Experience,ClickUp,119
13128,46994,2023-06-26,Low Usage,Slack,78
13129,18367,2023-06-06,Low Usage,Monday.com,91
13130,44119,2024-02-20,Missing Features,Monday.com,91
13131,41552,2025-02-17,Missing Features,Slack,80
13132,15174,2023-08-26,Technical Issues,ClickUp,27
13133,45784,2022-02-09,Missing Features,Slack,17
13134,40062,2023-10-13,High Pricing,Slack,29
13135,7773,2025-04-05,Technical Issues,ClickUp,49
13136,24330,2023-12-15,Technical Issues,Slack,101
13137,28017,2023-09-25,Missing Features,Monday.com,22
13138,7041,2025-01-25,High Pricing,ClickUp,11
13139,26001,2024-03-23,High Pricing,ClickUp,98
13140,14457,2022-11-06,Low Usage,Slack,120
13141,29818,2024-02-24,Poor Experience,Asana,31
13142,45168,2025-03-06,Switched Competitor,Monday.com,101
13143,39239,2022-07-01,Poor Experience,Asana,92
13144,28699,2022-05-04,Missing Features,ClickUp,52
13145,31909,2022-10-23,Poor Experience,Asana,58
13146,2961,2024-11-02,Low Usage,Slack,25
13147,22729,2022-12-12,Poor Experience,Notion,89
13148,43946,2023-07-11,High Pricing,Slack,90
13149,36250,2024-03-13,Missing Features,Notion,71
13150,31704,2024-09-05,Technical Issues,Monday.com,76
13151,18019,2022-10-07,Switched Competitor,Asana,32
13152,14809,2024-04-23,Low Usage,Notion,68
13153,39730,2023-08-02,Poor Experience,Slack,118
13154,13603,2024-08-31,Technical Issues,ClickUp,108
13155,17211,2024-01-29,Technical Issues,Asana,101
13156,19112,2022-04-23,Technical Issues,Slack,62
13157,31541,2023-05-03,Low Usage,Notion,6
13158,20310,2024-01-23,High Pricing,Notion,82
13159,40554,2023-08-25,Switched Competitor,ClickUp,15
13160,13421,2024-05-29,Low Usage,Slack,113
13161,40062,2023-12-21,Missing Features,Notion,8
13162,3990,2022-07-20,Technical Issues,Notion,84
13163,46026,2025-04-02,Switched Competitor,Slack,87
13164,48698,2023-04-09,Low Usage,Monday.com,46
13165,13856,2022-09-27,High Pricing,Monday.com,116
13166,14237,2024-08-09,Technical Issues,Notion,68
13167,16577,2022-01-20,Low Usage,ClickUp,38
13168,35209,2024-10-15,Technical Issues,Slack,29
13169,6990,2024-03-04,Missing Features,Slack,30
13170,25175,2023-01-13,Missing Features,Slack,40
13171,38191,2024-06-12,Missing Features,ClickUp,40
13172,40601,2023-12-14,Switched Competitor,Slack,42
13173,24943,2024-06-16,High Pricing,ClickUp,89
13174,33654,2024-11-15,Missing Features,Monday.com,3
13175,33550,2024-05-14,Missing Features,ClickUp,57
13176,650,2022-05-01,Missing Features,Slack,109
13177,13431,2024-10-19,Technical Issues,Asana,116
13178,3431,2022-04-20,Poor Experience,Slack,114
13179,17873,2024-03-06,Technical Issues,Monday.com,117
13180,33941,2023-08-08,High Pricing,ClickUp,37
13181,40317,2025-02-01,Low Usage,Slack,97
13182,19916,2022-11-20,Technical Issues,Monday.com,7
13183,40672,2022-12-26,Switched Competitor,Notion,79
13184,37716,2024-08-29,Low Usage,Monday.com,74
13185,11754,2024-01-30,Missing Features,Asana,20
13186,45605,2024-09-23,Low Usage,Notion,117
13187,40009,2022-03-18,Missing Features,Asana,10
13188,24730,2024-11-11,Technical Issues,Monday.com,103
13189,17009,2022-06-23,Low Usage,Monday.com,53
13190,31586,2023-04-03,Technical Issues,Monday.com,89
13191,17964,2023-10-04,Poor Experience,ClickUp,43
13192,10038,2025-02-10,Missing Features,ClickUp,62
13193,45039,2024-05-25,High Pricing,ClickUp,13
13194,42879,2023-01-16,Switched Competitor,Monday.com,22
13195,9314,2024-01-16,Switched Competitor,ClickUp,13
13196,40777,2023-07-22,Low Usage,Slack,93
13197,36044,2023-07-09,Missing Features,Monday.com,75
13198,46000,2022-07-14,High Pricing,Monday.com,54
13199,15857,2022-05-03,Poor Experience,Asana,23
13200,8423,2024-10-08,Missing Features,Notion,84
13201,35523,2023-11-21,Low Usage,Monday.com,72
13202,3840,2024-07-11,Switched Competitor,Notion,82
13203,37138,2022-03-14,Low Usage,Notion,83
13204,19515,2023-05-20,Missing Features,Slack,16
13205,29854,2024-01-19,Missing Features,Slack,31
13206,32449,2025-01-14,Low Usage,Slack,31
13207,1378,2024-11-25,Switched Competitor,ClickUp,84
13208,48475,2024-02-28,Switched Competitor,Notion,118
13209,20963,2022-09-04,Switched Competitor,Notion,27
13210,35759,2024-02-24,Poor Experience,Notion,30
13211,39471,2023-04-07,Technical Issues,Slack,16
13212,32912,2023-10-24,Poor Experience,Asana,49
13213,45850,2023-10-21,Low Usage,Asana,78
13214,27494,2025-01-03,Missing Features,Monday.com,14
13215,588,2024-12-04,Poor Experience,Notion,37
13216,26133,2023-12-18,Technical Issues,Slack,65
13217,39336,2024-03-20,Switched Competitor,Asana,100
13218,9991,2024-03-18,High Pricing,ClickUp,84
13219,16772,2024-01-13,Technical Issues,Slack,5
13220,19211,2024-05-27,Technical Issues,Slack,75
13221,36608,2022-02-25,Missing Features,ClickUp,60
13222,12985,2023-11-26,High Pricing,ClickUp,82
13223,46767,2022-05-16,High Pricing,Slack,97
13224,36297,2024-01-26,High Pricing,Notion,8
13225,7068,2025-04-13,High Pricing,Asana,19
13226,18777,2024-01-03,Technical Issues,Slack,112
13227,41341,2024-08-09,Missing Features,Notion,57
13228,3055,2023-02-20,Missing Features,Notion,67
13229,9694,2024-07-24,Switched Competitor,Asana,98
13230,46441,2022-01-06,Missing Features,Notion,94
13231,27219,2023-03-14,High Pricing,Asana,60
13232,25546,2023-02-20,Low Usage,Notion,30
13233,48057,2024-07-11,Switched Competitor,ClickUp,28
13234,46816,2022-11-03,Low Usage,Monday.com,64
13235,29544,2023-11-17,Low Usage,ClickUp,109
13236,39956,2022-10-06,Missing Features,ClickUp,82
13237,13034,2023-09-24,Technical Issues,Slack,110
13238,43261,2023-08-27,Missing Features,Slack,20
13239,37109,2024-12-17,Switched Competitor,Notion,35
13240,23214,2022-07-20,Missing Features,Asana,58
13241,45900,2023-05-29,Poor Experience,Asana,8
13242,22286,2023-07-29,High Pricing,ClickUp,101
13243,49461,2024-10-27,Switched Competitor,Asana,7
13244,43918,2023-03-24,Poor Experience,Notion,2
13245,42265,2025-02-12,Missing Features,Asana,45
13246,3980,2023-01-23,Low Usage,Notion,39
13247,47704,2024-12-27,Missing Features,Monday.com,44
13248,39900,2022-07-21,Poor Experience,Slack,95
13249,5304,2022-12-25,Technical Issues,Monday.com,94
13250,34688,2024-05-24,Switched Competitor,Monday.com,89
13251,24327,2024-12-20,High Pricing,Asana,117
13252,26363,2024-05-25,Poor Experience,ClickUp,37
13253,17765,2024-06-10,Technical Issues,Slack,34
13254,45431,2024-10-19,High Pricing,ClickUp,38
13255,6065,2024-09-10,Missing Features,Asana,1
13256,8520,2022-01-05,Poor Experience,Notion,57
13257,34472,2022-09-12,Missing Features,Asana,6
13258,22252,2022-12-15,High Pricing,Asana,23
13259,19568,2022-05-06,Switched Competitor,Asana,95
13260,8972,2022-08-12,Low Usage,Asana,60
13261,38505,2023-11-06,High Pricing,Notion,18
13262,37269,2023-12-17,Low Usage,ClickUp,111
13263,29330,2023-04-22,High Pricing,ClickUp,90
13264,36149,2022-12-21,Poor Experience,Notion,30
13265,47342,2023-07-13,High Pricing,Monday.com,68
13266,30248,2023-05-30,Technical Issues,ClickUp,86
13267,18835,2022-04-24,Poor Experience,Notion,68
13268,23708,2022-09-10,Technical Issues,Notion,32
13269,12723,2023-12-07,Low Usage,Slack,104
13270,20744,2022-02-24,Technical Issues,Asana,90
13271,43074,2024-12-17,High Pricing,Notion,83
13272,29295,2022-02-13,Poor Experience,ClickUp,91
13273,39023,2025-01-07,Low Usage,Slack,28
13274,23067,2025-01-27,Technical Issues,ClickUp,33
13275,27763,2022-11-03,Low Usage,Asana,79
13276,40916,2022-08-30,Low Usage,ClickUp,108
13277,15099,2023-08-10,High Pricing,Slack,118
13278,23706,2024-08-04,Technical Issues,Notion,87
13279,35221,2023-12-22,Missing Features,Asana,73
13280,36895,2023-12-09,Poor Experience,Notion,28
13281,37994,2023-03-27,Switched Competitor,Notion,99
13282,23005,2023-10-08,Missing Features,Notion,39
13283,48893,2023-02-18,Low Usage,Notion,22
13284,20151,2024-09-22,Poor Experience,Monday.com,85
13285,19962,2023-02-12,Technical Issues,ClickUp,117
13286,6280,2023-05-28,Missing Features,Slack,5
13287,42371,2024-09-18,Switched Competitor,Slack,89
13288,18571,2023-04-08,High Pricing,Asana,83
13289,3379,2024-08-27,Low Usage,Asana,97
13290,34742,2025-01-24,Switched Competitor,Slack,30
13291,10672,2022-07-21,Missing Features,Monday.com,69
13292,13678,2022-04-05,High Pricing,Asana,16
13293,38304,2025-03-24,High Pricing,Monday.com,87
13294,31079,2022-06-23,High Pricing,Notion,88
13295,584,2022-02-22,Switched Competitor,Slack,80
13296,5612,2022-10-07,Low Usage,Asana,61
13297,46237,2023-03-03,Poor Experience,Asana,56
13298,11167,2024-11-02,Missing Features,Monday.com,31
13299,7717,2023-12-29,Missing Features,Slack,68
13300,31395,2024-08-05,Technical Issues,ClickUp,117
13301,20141,2023-03-19,Missing Features,Notion,102
13302,45864,2022-12-03,Technical Issues,ClickUp,101
13303,8457,2023-07-31,Switched Competitor,Monday.com,19
13304,48666,2023-10-05,Switched Competitor,ClickUp,94
13305,25186,2024-08-11,High Pricing,Monday.com,72
13306,45286,2022-03-18,Missing Features,Monday.com,69
13307,26652,2024-12-26,Poor Experience,ClickUp,10
13308,36189,2023-02-22,Technical Issues,ClickUp,74
13309,15797,2025-01-27,Missing Features,Slack,79
13310,11542,2023-07-25,High Pricing,Monday.com,89
13311,13942,2022-05-29,Low Usage,Asana,33
13312,3698,2025-04-10,Missing Features,Notion,81
13313,37120,2022-10-01,Technical Issues,Notion,61
13314,12787,2024-07-23,Low Usage,ClickUp,73
13315,24542,2024-02-19,Technical Issues,Slack,29
13316,37442,2023-11-14,Missing Features,ClickUp,100
13317,48212,2022-04-07,Poor Experience,Asana,43
13318,2299,2023-09-27,Switched Competitor,ClickUp,45
13319,30486,2022-08-19,Missing Features,Slack,37
13320,22864,2022-02-22,Missing Features,ClickUp,51
13321,45711,2024-12-05,Missing Features,Slack,113
13322,35894,2025-03-28,Low Usage,Asana,85
13323,28200,2024-07-13,Poor Experience,Asana,40
13324,9910,2024-02-27,High Pricing,ClickUp,19
13325,31198,2025-01-02,High Pricing,Monday.com,22
13326,41486,2025-02-04,Poor Experience,Slack,91
13327,2571,2023-05-02,Technical Issues,ClickUp,105
13328,17533,2022-04-04,Technical Issues,Asana,97
13329,8621,2022-08-17,Poor Experience,Slack,64
13330,19402,2023-09-01,Technical Issues,ClickUp,47
13331,42006,2022-04-29,Poor Experience,ClickUp,69
13332,33238,2024-10-26,Switched Competitor,Notion,60
13333,36157,2023-05-15,Low Usage,Notion,73
13334,38692,2024-10-23,Low Usage,ClickUp,86
13335,38922,2024-11-07,Switched Competitor,ClickUp,30
13336,8328,2022-06-14,Poor Experience,Monday.com,12
13337,38326,2023-10-27,Switched Competitor,Slack,59
13338,42560,2024-12-23,Low Usage,ClickUp,30
13339,6099,2022-06-29,Missing Features,Asana,112
13340,3357,2024-05-11,High Pricing,Asana,74
13341,18774,2025-03-12,Low Usage,ClickUp,79
13342,45433,2023-05-23,Low Usage,ClickUp,118
13343,4033,2022-12-09,Switched Competitor,Monday.com,32
13344,25484,2023-05-18,Poor Experience,Monday.com,90
13345,9176,2022-10-12,Low Usage,Asana,87
13346,49314,2023-12-01,High Pricing,Monday.com,14
13347,46452,2024-04-09,Technical Issues,Asana,88
13348,28695,2022-07-28,High Pricing,Monday.com,14
13349,35847,2024-09-07,High Pricing,ClickUp,9
13350,29241,2023-03-28,Switched Competitor,Asana,99
13351,39051,2024-05-16,Low Usage,Asana,89
13352,16992,2024-05-19,High Pricing,ClickUp,72
13353,45374,2024-12-30,Missing Features,Monday.com,67
13354,43007,2022-09-17,Switched Competitor,Slack,36
13355,47215,2024-11-02,Poor Experience,Notion,86
13356,47098,2022-10-18,Switched Competitor,Asana,71
13357,48909,2023-08-02,Poor Experience,Asana,68
13358,18241,2025-01-18,Switched Competitor,ClickUp,89
13359,11409,2024-03-11,High Pricing,Monday.com,76
13360,33433,2022-05-01,High Pricing,Asana,20
13361,36264,2024-01-15,Technical Issues,Notion,9
13362,12657,2022-03-16,Poor Experience,Notion,15
13363,24072,2023-05-06,Technical Issues,Slack,96
13364,9704,2023-09-05,Switched Competitor,Slack,21
13365,24902,2024-09-11,High Pricing,Notion,30
13366,28338,2022-10-27,Missing Features,Notion,72
13367,7480,2022-11-30,Switched Competitor,Monday.com,22
13368,37294,2022-01-10,Poor Experience,Monday.com,25
13369,36508,2023-01-05,Low Usage,Asana,32
13370,31540,2025-02-12,Poor Experience,Notion,55
13371,22908,2023-10-29,Missing Features,Notion,116
13372,4555,2022-06-15,Low Usage,Monday.com,29
13373,45322,2023-04-28,High Pricing,Asana,71
13374,47268,2025-02-22,Technical Issues,ClickUp,67
13375,42500,2024-06-16,Missing Features,Slack,116
13376,39338,2022-01-15,Switched Competitor,Monday.com,24
13377,36535,2024-02-23,Technical Issues,Monday.com,4
13378,46367,2024-01-21,Missing Features,Asana,26
13379,42544,2024-03-24,Low Usage,Slack,17
13380,47429,2023-08-19,Missing Features,Slack,94
13381,41960,2024-04-21,Switched Competitor,Slack,94
13382,27255,2023-12-05,Technical Issues,Slack,22
13383,26902,2024-01-11,Missing Features,Asana,108
13384,32030,2022-01-18,Low Usage,Asana,54
13385,19123,2024-08-01,Low Usage,Slack,89
13386,19231,2023-12-26,Poor Experience,ClickUp,40
13387,6064,2023-03-19,Technical Issues,Slack,11
13388,46333,2022-11-20,Low Usage,Slack,11
13389,5248,2023-03-09,Missing Features,Slack,38
13390,46762,2024-08-02,High Pricing,ClickUp,120
13391,28108,2022-06-25,Switched Competitor,Asana,104
13392,37035,2024-08-02,High Pricing,Slack,39
13393,10187,2022-12-26,Technical Issues,ClickUp,21
13394,14153,2022-03-02,Poor Experience,Monday.com,118
13395,23816,2023-07-12,High Pricing,ClickUp,95
13396,21198,2024-04-23,High Pricing,Asana,112
13397,28793,2022-01-01,Technical Issues,Monday.com,32
13398,17476,2024-03-13,Technical Issues,Asana,90
13399,46446,2025-04-06,High Pricing,Notion,89
13400,5559,2023-09-16,High Pricing,ClickUp,29
13401,44009,2025-03-28,High Pricing,Notion,4
13402,21633,2023-02-05,Poor Experience,Monday.com,87
13403,26136,2024-12-30,Switched Competitor,ClickUp,8
13404,1740,2022-09-27,High Pricing,Asana,119
13405,35492,2023-02-27,Poor Experience,Asana,84
13406,33877,2024-03-13,Poor Experience,ClickUp,98
13407,12054,2022-10-27,Missing Features,ClickUp,33
13408,17069,2022-08-28,Poor Experience,Slack,27
13409,37763,2022-10-01,Technical Issues,ClickUp,65
13410,29165,2024-03-02,Poor Experience,ClickUp,5
13411,48933,2023-04-11,Switched Competitor,Notion,74
13412,45988,2024-03-03,High Pricing,Monday.com,34
13413,45644,2022-04-27,Switched Competitor,Notion,24
13414,7652,2023-07-23,Poor Experience,ClickUp,57
13415,1159,2024-03-21,Poor Experience,Monday.com,108
13416,20225,2023-09-12,Technical Issues,Slack,48
13417,15879,2023-06-19,Poor Experience,Slack,77
13418,6872,2023-04-26,Poor Experience,ClickUp,79
13419,34737,2023-09-28,Switched Competitor,Monday.com,17
13420,44821,2025-01-10,Missing Features,Notion,110
13421,4250,2022-06-25,Missing Features,Slack,110
13422,45021,2024-07-17,Poor Experience,Notion,29
13423,9258,2022-04-08,Low Usage,ClickUp,1
13424,46644,2024-02-06,Poor Experience,ClickUp,13
13425,25874,2022-05-30,Missing Features,Notion,118
13426,32728,2025-04-15,Technical Issues,ClickUp,83
13427,31010,2025-02-26,Missing Features,Asana,112
13428,37298,2023-06-13,Missing Features,Slack,11
13429,5359,2023-11-12,High Pricing,Asana,55
13430,29811,2023-08-03,Poor Experience,ClickUp,79
13431,18529,2023-12-11,Low Usage,Monday.com,79
13432,30268,2022-04-21,Low Usage,Asana,10
13433,42505,2025-04-11,Poor Experience,Slack,21
13434,8658,2024-01-11,Missing Features,Asana,46
13435,9280,2023-08-03,High Pricing,Monday.com,83
13436,31384,2023-06-05,Missing Features,Slack,5
13437,34733,2024-09-23,Switched Competitor,Asana,97
13438,33223,2023-04-28,Missing Features,Slack,107
13439,45554,2024-02-04,Technical Issues,Monday.com,2
13440,13202,2023-01-09,Switched Competitor,ClickUp,30
13441,8792,2023-11-18,Switched Competitor,Slack,15
13442,44329,2024-03-05,Technical Issues,Asana,107
13443,34856,2024-07-25,Low Usage,Monday.com,111
13444,17359,2024-01-25,High Pricing,Slack,101
13445,19815,2023-09-13,Poor Experience,Slack,5
13446,27955,2022-10-01,Switched Competitor,Asana,2
13447,46394,2022-03-01,Switched Competitor,Notion,72
13448,23466,2024-05-16,High Pricing,Monday.com,49
13449,12504,2024-09-17,Switched Competitor,Slack,51
13450,25144,2024-06-12,High Pricing,Monday.com,96
13451,949,2022-07-29,Poor Experience,Asana,44
13452,38312,2023-03-31,Missing Features,Asana,118
13453,12989,2024-12-10,Poor Experience,ClickUp,61
13454,49721,2023-05-27,High Pricing,Slack,72
13455,20952,2022-05-14,High Pricing,ClickUp,63
13456,5241,2023-02-26,Poor Experience,Slack,92
13457,18519,2025-01-15,Technical Issues,Notion,77
13458,47449,2025-01-01,Switched Competitor,Notion,54
13459,29397,2022-02-27,Low Usage,Monday.com,48
13460,1306,2025-03-03,Switched Competitor,Notion,2
13461,47076,2024-05-08,Missing Features,Notion,102
13462,28888,2023-06-15,Technical Issues,Asana,45
13463,5801,2025-02-21,Switched Competitor,ClickUp,14
13464,45134,2025-03-21,High Pricing,Slack,17
13465,29722,2023-03-20,Switched Competitor,Asana,29
13466,4871,2024-06-16,Poor Experience,Notion,53
13467,36573,2023-06-11,Technical Issues,Monday.com,39
13468,41427,2022-12-11,Low Usage,Asana,21
13469,47088,2024-10-19,Missing Features,Asana,82
13470,36668,2023-06-20,Switched Competitor,Notion,57
13471,42531,2024-02-18,Switched Competitor,Asana,107
13472,30787,2025-02-03,Switched Competitor,Notion,4
13473,10015,2024-12-04,Low Usage,Monday.com,117
13474,47650,2022-02-09,Switched Competitor,ClickUp,42
13475,36983,2023-03-31,Technical Issues,Monday.com,68
13476,17620,2024-01-10,Poor Experience,Monday.com,69
13477,34827,2023-05-12,Poor Experience,ClickUp,117
13478,43767,2023-08-08,Technical Issues,Monday.com,1
13479,29365,2023-06-07,Poor Experience,Slack,39
13480,43689,2024-07-23,Low Usage,Notion,2
13481,15747,2022-07-10,Switched Competitor,Asana,100
13482,28827,2025-03-16,Poor Experience,Monday.com,16
13483,35966,2022-11-03,Switched Competitor,Asana,63
13484,24260,2022-06-14,High Pricing,Slack,21
13485,42067,2022-07-02,Technical Issues,Asana,95
13486,27740,2025-03-25,Missing Features,Slack,86
13487,16913,2023-10-04,Missing Features,ClickUp,66
13488,44134,2024-10-25,Poor Experience,Slack,19
13489,47620,2024-07-17,High Pricing,Monday.com,84
13490,17117,2022-10-31,Missing Features,Asana,87
13491,18771,2023-10-09,Technical Issues,Slack,119
13492,32078,2025-03-02,Technical Issues,ClickUp,90
13493,32752,2022-11-17,Technical Issues,Notion,33
13494,12063,2024-08-02,Poor Experience,Slack,39
13495,4432,2024-07-20,Low Usage,Asana,19
13496,23625,2023-02-21,Technical Issues,ClickUp,28
13497,48197,2022-04-14,Poor Experience,Slack,70
13498,16306,2023-01-29,Low Usage,Notion,51
13499,27301,2023-07-18,Technical Issues,Monday.com,14
13500,35304,2024-11-04,Poor Experience,Notion,83
13501,32593,2022-04-08,Poor Experience,Asana,111
13502,30944,2024-06-13,Switched Competitor,Slack,42
13503,9596,2024-06-23,Low Usage,Notion,112
13504,10271,2024-05-30,High Pricing,Asana,15
13505,47873,2024-06-30,Technical Issues,ClickUp,90
13506,48733,2024-02-06,Low Usage,Notion,70
13507,17121,2022-03-30,Missing Features,Slack,67
13508,45765,2024-08-30,Poor Experience,Asana,79
13509,2085,2024-05-11,Technical Issues,Slack,91
13510,28695,2023-03-15,Poor Experience,Monday.com,16
13511,20943,2024-09-13,Poor Experience,Monday.com,10
13512,7010,2023-09-20,Low Usage,Notion,92
13513,25550,2023-02-16,Low Usage,Slack,88
13514,6922,2023-12-16,Missing Features,Monday.com,120
13515,11136,2022-09-20,High Pricing,Monday.com,71
13516,43473,2025-01-20,Poor Experience,Notion,93
13517,7286,2024-03-18,Switched Competitor,Notion,72
13518,13276,2024-11-12,Missing Features,Asana,94
13519,27638,2023-05-07,High Pricing,ClickUp,47
13520,5935,2025-03-03,Technical Issues,Notion,3
13521,49412,2023-12-30,Technical Issues,Asana,25
13522,15758,2022-09-28,Low Usage,ClickUp,113
13523,46362,2024-10-28,Missing Features,Notion,41
13524,34122,2022-03-27,Low Usage,ClickUp,108
13525,29619,2023-05-17,Technical Issues,Notion,45
13526,41681,2024-08-31,Poor Experience,Slack,3
13527,23684,2024-05-23,Switched Competitor,Monday.com,86
13528,49218,2023-12-27,Technical Issues,ClickUp,49
13529,50000,2023-06-07,Switched Competitor,Asana,31
13530,8054,2022-06-22,Poor Experience,ClickUp,46
13531,20311,2024-09-01,Technical Issues,Monday.com,86
13532,3220,2023-11-19,Switched Competitor,Notion,73
13533,37679,2023-12-19,High Pricing,ClickUp,7
13534,16499,2023-08-20,Missing Features,Notion,77
13535,34688,2022-06-05,High Pricing,Notion,37
13536,36281,2022-06-04,Low Usage,ClickUp,9
13537,7192,2025-01-24,Low Usage,ClickUp,25
13538,29472,2024-07-25,Poor Experience,Asana,36
13539,23172,2025-02-03,Poor Experience,Slack,72
13540,17719,2023-04-17,Low Usage,Notion,112
13541,6059,2022-02-01,Switched Competitor,Notion,17
13542,6055,2022-08-07,Low Usage,Monday.com,113
13543,26987,2023-08-19,Switched Competitor,Notion,68
13544,18145,2024-09-09,Technical Issues,Monday.com,119
13545,13067,2024-12-13,High Pricing,Notion,51
13546,47846,2024-01-26,High Pricing,Asana,72
13547,15844,2022-10-19,High Pricing,Notion,31
13548,4021,2024-11-29,Technical Issues,Slack,101
13549,33161,2024-07-02,Poor Experience,Monday.com,86
13550,35365,2023-09-21,Switched Competitor,Monday.com,42
13551,9596,2024-02-07,Switched Competitor,Slack,110
13552,47965,2022-08-17,Poor Experience,Notion,65
13553,2610,2024-12-09,Technical Issues,ClickUp,37
13554,49167,2023-07-16,Missing Features,Slack,51
13555,29478,2024-04-09,Low Usage,Notion,82
13556,19587,2023-09-14,Poor Experience,Notion,22
13557,12760,2023-01-08,High Pricing,ClickUp,26
13558,31259,2025-01-21,Technical Issues,Asana,14
13559,669,2022-03-06,Technical Issues,Asana,31
13560,33505,2024-07-07,High Pricing,Asana,30
13561,28858,2023-08-09,Switched Competitor,Monday.com,12
13562,25618,2022-09-17,Poor Experience,Asana,46
13563,19045,2023-06-25,High Pricing,Asana,28
13564,25866,2024-08-27,Missing Features,Monday.com,27
13565,20182,2022-10-20,Technical Issues,Monday.com,63
13566,48283,2023-12-10,Technical Issues,Notion,50
13567,7409,2024-03-26,Technical Issues,Monday.com,44
13568,14066,2022-03-27,High Pricing,Monday.com,100
13569,31730,2022-05-20,High Pricing,Notion,44
13570,11307,2023-09-25,Technical Issues,Notion,70
13571,32639,2022-05-26,Low Usage,Slack,44
13572,23586,2022-04-18,Missing Features,ClickUp,44
13573,10351,2023-10-24,Poor Experience,Slack,86
13574,33482,2023-12-05,High Pricing,Slack,62
13575,38373,2024-01-29,Poor Experience,Monday.com,76
13576,45798,2022-03-15,Poor Experience,ClickUp,88
13577,14354,2022-04-24,Missing Features,ClickUp,31
13578,46692,2022-02-09,Poor Experience,Notion,89
13579,6749,2023-12-19,Technical Issues,ClickUp,88
13580,13892,2022-05-14,Low Usage,Asana,100
13581,15492,2024-03-22,Poor Experience,Slack,13
13582,1358,2023-02-14,Missing Features,Slack,3
13583,25957,2024-11-27,Low Usage,Slack,114
13584,8106,2022-05-16,High Pricing,ClickUp,14
13585,46556,2024-10-09,Technical Issues,Monday.com,28
13586,11313,2022-03-23,Missing Features,Asana,10
13587,12433,2023-03-13,Missing Features,Notion,28
13588,34647,2024-06-20,Poor Experience,Slack,35
13589,24832,2023-02-05,Switched Competitor,ClickUp,65
13590,46709,2023-01-29,Low Usage,Monday.com,36
13591,23550,2023-11-09,Missing Features,Notion,48
13592,49795,2025-01-23,High Pricing,Slack,71
13593,46292,2024-09-02,Low Usage,ClickUp,100
13594,6804,2024-11-28,Switched Competitor,Monday.com,108
13595,36200,2022-06-03,Poor Experience,Slack,83
13596,22480,2025-02-20,Missing Features,ClickUp,63
13597,9996,2022-08-05,Poor Experience,Asana,103
13598,14531,2024-12-06,Poor Experience,Asana,92
13599,36354,2024-03-23,Technical Issues,ClickUp,49
13600,3615,2023-04-06,Missing Features,Asana,109
13601,18111,2024-02-25,Poor Experience,Slack,63
13602,17556,2024-06-26,Technical Issues,Notion,92
13603,34161,2023-06-02,Poor Experience,Asana,50
13604,16458,2022-06-04,Low Usage,ClickUp,7
13605,38538,2024-08-14,Missing Features,ClickUp,58
13606,43917,2024-01-25,Technical Issues,Monday.com,42
13607,32130,2023-08-28,Technical Issues,Slack,2
13608,6819,2023-09-18,Missing Features,Slack,30
13609,15253,2023-07-28,Poor Experience,ClickUp,26
13610,44603,2023-04-19,Technical Issues,Slack,102
13611,40340,2024-08-24,Technical Issues,Monday.com,42
13612,36000,2022-09-30,Technical Issues,Notion,34
13613,25976,2022-06-02,Low Usage,Notion,1
13614,34150,2022-09-27,Low Usage,Monday.com,52
13615,35443,2022-04-04,Switched Competitor,ClickUp,80
13616,2008,2023-01-26,Low Usage,Monday.com,108
13617,16004,2022-07-11,Technical Issues,Monday.com,5
13618,44061,2022-11-29,Poor Experience,Notion,72
13619,26022,2023-02-13,Switched Competitor,Slack,53
13620,30559,2024-11-04,Low Usage,Slack,6
13621,6908,2024-11-12,Switched Competitor,Notion,11
13622,44954,2022-06-01,Low Usage,Slack,18
13623,13569,2025-01-10,Technical Issues,Notion,76
13624,24899,2024-05-29,High Pricing,ClickUp,9
13625,44762,2023-02-28,Switched Competitor,Slack,88
13626,21913,2024-03-18,High Pricing,ClickUp,66
13627,31260,2022-03-01,Missing Features,Notion,70
13628,28535,2022-12-06,Poor Experience,Asana,64
13629,26505,2024-09-10,Technical Issues,Slack,30
13630,9412,2024-08-12,High Pricing,Slack,82
13631,14197,2024-10-19,Switched Competitor,ClickUp,2
13632,2545,2024-06-10,Switched Competitor,ClickUp,45
13633,38881,2023-11-26,Technical Issues,Monday.com,73
13634,28406,2024-10-09,Technical Issues,Monday.com,62
13635,26861,2022-11-17,Technical Issues,Notion,74
13636,16209,2022-04-20,Low Usage,Monday.com,64
13637,34911,2022-03-07,Technical Issues,Slack,40
13638,2047,2024-05-09,Technical Issues,Notion,23
13639,35945,2024-09-02,Technical Issues,ClickUp,8
13640,27597,2022-01-12,Switched Competitor,Asana,54
13641,7135,2025-01-30,High Pricing,Notion,25
13642,30327,2024-05-22,Technical Issues,ClickUp,101
13643,35344,2023-03-09,Technical Issues,Slack,101
13644,48366,2023-01-18,Missing Features,ClickUp,39
13645,3942,2023-08-28,Switched Competitor,Monday.com,92
13646,3418,2024-07-15,High Pricing,Slack,91
13647,31205,2023-07-28,Switched Competitor,Monday.com,29
13648,38763,2022-02-04,High Pricing,Slack,95
13649,15151,2022-06-23,Switched Competitor,Notion,27
13650,14586,2023-02-01,Missing Features,Slack,96
13651,43442,2025-03-15,High Pricing,Asana,29
13652,15211,2024-07-05,Poor Experience,Monday.com,117
13653,12664,2024-06-05,Poor Experience,ClickUp,58
13654,40452,2024-02-02,Low Usage,Notion,113
13655,32783,2025-01-20,Poor Experience,Slack,46
13656,570,2022-03-25,Switched Competitor,Slack,88
13657,25105,2023-12-01,Poor Experience,Slack,14
13658,10474,2023-06-15,Missing Features,ClickUp,120
13659,21682,2022-08-08,High Pricing,ClickUp,93
13660,11249,2025-02-07,Poor Experience,Slack,85
13661,6248,2023-01-27,High Pricing,Asana,91
13662,14889,2022-02-05,Missing Features,Monday.com,47
13663,22911,2023-06-28,Technical Issues,Slack,88
13664,12100,2023-11-21,Poor Experience,ClickUp,76
13665,31795,2022-12-03,High Pricing,Slack,33
13666,2941,2023-10-14,Poor Experience,Monday.com,102
13667,15767,2022-02-09,Technical Issues,Notion,101
13668,47817,2022-05-26,High Pricing,Slack,102
13669,8485,2022-10-02,Missing Features,Asana,75
13670,10190,2024-09-08,High Pricing,Asana,23
13671,28123,2022-09-06,High Pricing,Notion,61
13672,43423,2023-01-07,Switched Competitor,Asana,68
13673,29630,2022-03-05,Poor Experience,ClickUp,29
13674,9163,2025-02-10,High Pricing,ClickUp,14
13675,21675,2022-03-27,Low Usage,Monday.com,69
13676,13204,2022-09-18,Technical Issues,Monday.com,71
13677,22050,2023-05-07,Low Usage,Slack,47
13678,4579,2024-12-22,Missing Features,Monday.com,114
13679,1372,2023-05-07,Poor Experience,Notion,113
13680,39122,2023-06-29,Low Usage,ClickUp,110
13681,49945,2024-12-27,High Pricing,Monday.com,120
13682,39426,2024-06-28,Switched Competitor,Notion,86
13683,22819,2025-03-26,High Pricing,Notion,102
13684,28447,2024-01-15,High Pricing,ClickUp,76
13685,21634,2022-05-02,High Pricing,ClickUp,88
13686,42854,2024-03-23,Poor Experience,Asana,39
13687,37096,2022-04-18,Technical Issues,Slack,71
13688,25629,2023-06-13,Technical Issues,ClickUp,60
13689,35088,2023-12-15,High Pricing,Monday.com,101
13690,9306,2024-04-05,Technical Issues,Asana,86
13691,43764,2024-11-13,Switched Competitor,Slack,111
13692,37594,2024-08-17,Technical Issues,Asana,106
13693,20985,2024-07-27,Low Usage,Asana,17
13694,35509,2024-10-20,Low Usage,Slack,87
13695,5894,2024-01-03,Switched Competitor,ClickUp,86
13696,32882,2022-12-07,Missing Features,Slack,117
13697,44201,2024-08-06,Missing Features,Slack,45
13698,6949,2022-11-21,Switched Competitor,Slack,98
13699,13846,2025-02-06,High Pricing,Slack,36
13700,2226,2022-12-13,High Pricing,Slack,59
13701,43692,2022-08-13,Low Usage,Slack,72
13702,6360,2024-12-22,Poor Experience,Slack,66
13703,28691,2025-03-17,Poor Experience,Asana,7
13704,47904,2024-02-29,Technical Issues,Slack,85
13705,4341,2022-02-24,Technical Issues,Monday.com,92
13706,26298,2022-09-19,Missing Features,Slack,20
13707,47969,2023-07-03,Technical Issues,Asana,54
13708,16900,2024-04-06,Poor Experience,Notion,19
13709,3918,2025-02-18,Switched Competitor,Notion,16
13710,1622,2025-03-02,Low Usage,Notion,82
13711,33265,2024-01-03,Poor Experience,Asana,37
13712,2232,2023-08-20,Low Usage,ClickUp,22
13713,38535,2023-12-11,High Pricing,ClickUp,8
13714,2447,2024-05-17,Poor Experience,Notion,118
13715,21243,2023-09-27,Poor Experience,ClickUp,95
13716,45106,2023-06-12,Technical Issues,Slack,32
13717,6215,2023-03-15,Low Usage,Notion,72
13718,5801,2022-04-04,Low Usage,Asana,75
13719,33121,2023-12-20,Low Usage,Monday.com,66
13720,44501,2023-04-26,Missing Features,Asana,104
13721,38582,2023-02-17,Switched Competitor,ClickUp,59
13722,754,2022-04-07,Technical Issues,Monday.com,83
13723,17710,2024-01-03,Switched Competitor,Notion,86
13724,10366,2023-04-14,Missing Features,ClickUp,86
13725,40219,2022-10-23,Missing Features,Asana,70
13726,23699,2024-02-11,High Pricing,Notion,73
13727,8887,2023-02-23,Switched Competitor,Slack,12
13728,22621,2024-12-11,Missing Features,Asana,55
13729,46075,2025-01-04,Poor Experience,Asana,118
13730,33239,2024-05-17,Technical Issues,ClickUp,64
13731,13129,2024-04-29,Switched Competitor,Asana,28
13732,17107,2022-02-02,Switched Competitor,Slack,119
13733,8635,2023-04-04,Technical Issues,Slack,120
13734,20523,2022-08-12,Switched Competitor,Slack,13
13735,14119,2022-09-01,High Pricing,Notion,15
13736,3511,2023-12-06,Technical Issues,Asana,49
13737,42543,2023-01-02,Switched Competitor,Slack,88
13738,28613,2024-09-16,Switched Competitor,Slack,63
13739,27251,2023-12-24,Technical Issues,Monday.com,115
13740,4601,2023-01-23,Missing Features,ClickUp,31
13741,14920,2022-05-13,Technical Issues,Slack,80
13742,16220,2022-12-10,Missing Features,Monday.com,26
13743,33591,2024-01-04,High Pricing,Slack,51
13744,468,2024-12-01,High Pricing,Slack,95
13745,32793,2023-02-01,Low Usage,Slack,32
13746,14411,2022-07-24,Technical Issues,ClickUp,70
13747,16020,2022-05-22,Technical Issues,Monday.com,23
13748,13449,2022-12-17,Poor Experience,ClickUp,32
13749,5667,2023-10-21,Missing Features,Asana,66
13750,15208,2022-10-02,Technical Issues,Asana,18
13751,41482,2024-10-17,Poor Experience,Notion,63
13752,37934,2025-01-23,High Pricing,Slack,120
13753,14283,2022-03-10,High Pricing,ClickUp,58
13754,12040,2025-03-19,Low Usage,Asana,46
13755,11933,2024-03-23,High Pricing,ClickUp,60
13756,12792,2022-07-20,Switched Competitor,Asana,9
13757,45837,2023-07-14,Low Usage,Notion,29
13758,15981,2025-03-12,Missing Features,Slack,104
13759,16093,2024-09-22,Missing Features,ClickUp,39
13760,35149,2022-06-08,Technical Issues,Monday.com,101
13761,8380,2023-07-01,Technical Issues,Notion,70
13762,36599,2024-08-31,High Pricing,Notion,105
13763,11902,2023-06-28,Switched Competitor,Monday.com,1
13764,27935,2023-08-25,High Pricing,Notion,93
13765,23431,2023-03-28,Poor Experience,Monday.com,79
13766,3021,2024-02-27,Low Usage,Slack,77
13767,25014,2024-12-05,Technical Issues,Asana,10
13768,3385,2022-01-23,Low Usage,Notion,102
13769,455,2024-06-25,Switched Competitor,Notion,51
13770,2983,2023-02-04,Poor Experience,Monday.com,110
13771,45085,2023-12-26,Poor Experience,Slack,88
13772,19253,2023-08-06,High Pricing,Asana,37
13773,45310,2025-04-09,High Pricing,Notion,58
13774,24191,2025-04-15,Low Usage,Monday.com,42
13775,17508,2022-04-26,High Pricing,Notion,90
13776,41746,2024-08-18,Switched Competitor,Asana,56
13777,41791,2023-11-16,Poor Experience,Notion,34
13778,38729,2024-08-23,High Pricing,Notion,95
13779,194,2022-06-25,Technical Issues,Notion,94
13780,25216,2022-10-23,Low Usage,ClickUp,20
13781,19547,2022-04-15,Technical Issues,Slack,42
13782,1157,2023-01-22,Technical Issues,Asana,84
13783,44233,2022-01-17,Low Usage,Asana,44
13784,17171,2022-03-07,Poor Experience,Notion,22
13785,14037,2024-02-07,Low Usage,ClickUp,106
13786,46001,2023-04-23,High Pricing,Monday.com,102
13787,19680,2023-02-18,Switched Competitor,Asana,114
13788,38242,2023-04-22,Switched Competitor,Monday.com,110
13789,20869,2023-04-13,Low Usage,ClickUp,47
13790,5998,2025-01-18,Technical Issues,ClickUp,80
13791,21483,2025-03-24,Poor Experience,Slack,118
13792,28335,2024-05-29,Switched Competitor,Slack,72
13793,42243,2024-10-10,Switched Competitor,Asana,98
13794,45105,2024-09-11,Switched Competitor,Asana,16
13795,28872,2024-11-25,Missing Features,ClickUp,3
13796,35860,2024-06-10,Technical Issues,Monday.com,109
13797,3736,2023-05-15,High Pricing,Asana,80
13798,42396,2024-11-30,High Pricing,Slack,14
13799,25446,2024-03-27,Low Usage,Slack,86
13800,48905,2022-07-31,Technical Issues,Slack,66
13801,46845,2022-06-23,High Pricing,Asana,99
13802,47237,2023-05-10,Switched Competitor,Asana,111
13803,19382,2023-03-27,Low Usage,Asana,27
13804,35453,2024-08-26,Technical Issues,Monday.com,5
13805,66,2023-03-21,High Pricing,Notion,114
13806,9343,2024-06-06,Poor Experience,Monday.com,34
13807,25555,2024-06-30,Missing Features,ClickUp,66
13808,9144,2023-12-13,Missing Features,Monday.com,4
13809,42992,2023-08-31,Poor Experience,Slack,76
13810,46720,2025-03-02,Poor Experience,Notion,118
13811,22826,2022-05-11,Switched Competitor,ClickUp,8
13812,32979,2024-09-06,Low Usage,Asana,63
13813,33000,2022-11-26,Missing Features,Slack,91
13814,6970,2022-06-09,Switched Competitor,Monday.com,57
13815,18592,2023-09-15,Poor Experience,Asana,55
13816,16542,2022-12-26,Missing Features,Monday.com,71
13817,10883,2022-06-23,Switched Competitor,Notion,20
13818,28130,2023-12-10,Poor Experience,ClickUp,46
13819,27258,2025-04-08,Missing Features,Asana,65
13820,42629,2024-10-04,Low Usage,Slack,99
13821,46321,2023-03-15,Missing Features,Asana,9
13822,17124,2022-12-07,Missing Features,ClickUp,81
13823,16706,2024-03-10,Low Usage,ClickUp,53
13824,26375,2023-03-19,Low Usage,Asana,26
13825,22460,2022-06-23,Switched Competitor,Asana,116
13826,36073,2023-03-15,Poor Experience,Notion,3
13827,1202,2023-01-16,Technical Issues,Asana,7
13828,7916,2022-01-14,Technical Issues,Asana,79
13829,10945,2024-09-07,Poor Experience,Notion,50
13830,26977,2022-07-25,Missing Features,ClickUp,87
13831,26149,2022-02-22,Poor Experience,ClickUp,99
13832,15394,2024-11-18,Switched Competitor,Asana,35
13833,20437,2024-03-13,Low Usage,Monday.com,97
13834,27808,2024-10-22,Poor Experience,Slack,46
13835,19604,2023-01-26,Low Usage,Monday.com,38
13836,31560,2022-08-08,Missing Features,Asana,33
13837,25391,2023-10-03,Poor Experience,Slack,5
13838,24611,2024-01-24,Low Usage,ClickUp,58
13839,9655,2023-11-22,Switched Competitor,Notion,108
13840,4786,2023-11-28,Technical Issues,Asana,79
13841,27242,2022-06-10,Switched Competitor,Slack,36
13842,48459,2022-09-29,Poor Experience,ClickUp,72
13843,25459,2023-02-22,Low Usage,Monday.com,69
13844,24649,2023-05-29,Technical Issues,Slack,102
13845,22024,2023-11-13,Poor Experience,Asana,86
13846,46777,2024-02-10,Poor Experience,Slack,65
13847,44586,2024-06-04,High Pricing,Slack,75
13848,10480,2023-02-28,Technical Issues,ClickUp,17
13849,47952,2022-08-03,Technical Issues,Notion,97
13850,17676,2022-05-14,Low Usage,Slack,100
13851,4335,2022-07-30,Low Usage,Slack,93
13852,22532,2024-11-21,Poor Experience,Notion,66
13853,47856,2023-04-29,High Pricing,Asana,31
13854,47453,2024-03-20,Switched Competitor,Asana,83
13855,46775,2024-02-01,High Pricing,Notion,62
13856,4722,2022-08-09,Low Usage,Notion,59
13857,20407,2022-03-16,Low Usage,Monday.com,50
13858,19104,2024-09-08,Switched Competitor,Asana,28
13859,42119,2024-11-12,High Pricing,Slack,49
13860,2100,2024-05-06,Poor Experience,Monday.com,73
13861,41673,2022-07-04,Switched Competitor,Slack,72
13862,32286,2023-11-16,Missing Features,ClickUp,97
13863,42088,2022-02-21,Low Usage,ClickUp,6
13864,11616,2023-07-03,High Pricing,ClickUp,69
13865,44723,2024-09-24,High Pricing,Notion,107
13866,34159,2023-08-17,Low Usage,ClickUp,61
13867,12145,2022-12-01,High Pricing,Slack,120
13868,35360,2024-09-27,Technical Issues,Monday.com,29
13869,18768,2022-06-14,Low Usage,Asana,3
13870,7443,2023-03-23,Technical Issues,ClickUp,100
13871,18055,2024-05-19,High Pricing,Notion,119
13872,38609,2023-10-21,Technical Issues,ClickUp,15
13873,34264,2023-07-02,Technical Issues,ClickUp,107
13874,37364,2022-04-13,Technical Issues,Monday.com,26
13875,19418,2022-01-06,Switched Competitor,Notion,104
13876,19202,2022-03-25,Low Usage,ClickUp,47
13877,34558,2023-01-16,High Pricing,Monday.com,88
13878,20157,2023-11-20,Technical Issues,Notion,43
13879,21745,2023-03-15,Technical Issues,Monday.com,50
13880,14250,2022-12-12,Switched Competitor,Slack,18
13881,17830,2022-10-13,Poor Experience,Asana,94
13882,29623,2024-02-16,Low Usage,Notion,15
13883,22459,2025-03-21,Technical Issues,Monday.com,101
13884,48311,2022-06-18,Poor Experience,Notion,5
13885,23457,2022-10-24,Technical Issues,Notion,110
13886,19305,2024-08-04,Technical Issues,ClickUp,80
13887,26025,2024-11-25,Switched Competitor,Asana,29
13888,9888,2022-08-07,Technical Issues,Monday.com,13
13889,34013,2023-06-01,Switched Competitor,Notion,13
13890,43134,2023-09-17,Switched Competitor,Asana,101
13891,37271,2025-01-16,Technical Issues,Asana,36
13892,9142,2023-07-12,Switched Competitor,Asana,85
13893,16898,2025-03-12,Poor Experience,ClickUp,18
13894,15953,2024-02-13,Poor Experience,Slack,118
13895,35336,2022-06-04,Technical Issues,Notion,1
13896,20036,2022-07-23,Missing Features,Monday.com,25
13897,4414,2024-05-12,Missing Features,Asana,45
13898,20023,2024-08-30,Poor Experience,Monday.com,13
13899,34256,2025-03-11,Poor Experience,Monday.com,86
13900,14940,2024-11-17,Technical Issues,Notion,96
13901,28437,2024-12-23,High Pricing,Notion,55
13902,10965,2022-01-16,Technical Issues,ClickUp,19
13903,5886,2023-11-15,Poor Experience,Asana,116
13904,26672,2022-03-06,Technical Issues,ClickUp,119
13905,5700,2024-11-18,Low Usage,Slack,68
13906,25127,2024-01-16,Missing Features,Notion,2
13907,42465,2023-01-15,Technical Issues,ClickUp,85
13908,20030,2024-05-13,High Pricing,Slack,89
13909,24507,2024-07-04,High Pricing,ClickUp,1
13910,1310,2024-08-20,Low Usage,Monday.com,18
13911,8420,2022-01-23,Technical Issues,Slack,64
13912,35421,2024-03-13,Missing Features,Asana,62
13913,44639,2025-04-10,Low Usage,Monday.com,7
13914,33380,2023-02-10,Technical Issues,Monday.com,3
13915,6974,2023-02-04,Missing Features,Slack,120
13916,44711,2022-11-25,Poor Experience,Monday.com,60
13917,32153,2023-09-12,Switched Competitor,Notion,20
13918,45071,2024-10-08,Switched Competitor,Notion,50
13919,9693,2023-03-26,Low Usage,Slack,39
13920,21022,2022-10-13,Technical Issues,Monday.com,106
13921,40923,2022-12-20,Poor Experience,Slack,24
13922,38704,2022-01-31,High Pricing,Notion,27
13923,12770,2022-01-27,Switched Competitor,Asana,14
13924,4681,2024-12-05,Missing Features,Monday.com,1
13925,46408,2024-10-09,Poor Experience,Asana,115
13926,19316,2024-01-28,Poor Experience,Asana,4
13927,3536,2024-01-29,High Pricing,Notion,28
13928,4181,2023-01-13,Switched Competitor,ClickUp,35
13929,17320,2024-09-03,Technical Issues,Notion,95
13930,36379,2023-12-03,Technical Issues,Monday.com,30
13931,17462,2022-11-20,Switched Competitor,Asana,119
13932,41381,2024-10-05,Low Usage,Monday.com,19
13933,48746,2023-04-14,Switched Competitor,Monday.com,44
13934,30479,2022-10-18,Technical Issues,Monday.com,35
13935,35796,2023-03-21,Poor Experience,Slack,12
13936,25492,2022-03-02,Technical Issues,Asana,45
13937,5592,2024-09-16,Poor Experience,Notion,87
13938,19828,2024-02-29,Poor Experience,Notion,3
13939,23141,2023-03-03,Switched Competitor,Monday.com,3
13940,37875,2024-05-18,Switched Competitor,Notion,104
13941,16530,2022-08-21,Switched Competitor,Monday.com,8
13942,20342,2024-10-14,Switched Competitor,Monday.com,48
13943,11252,2023-04-27,Poor Experience,Slack,82
13944,9547,2024-04-09,Switched Competitor,Monday.com,53
13945,22011,2022-01-23,Technical Issues,Slack,19
13946,14260,2024-11-09,Missing Features,Notion,101
13947,2667,2023-12-20,Low Usage,Asana,5
13948,2897,2023-08-21,Technical Issues,Slack,89
13949,11104,2024-10-22,Switched Competitor,ClickUp,26
13950,14175,2023-12-13,High Pricing,ClickUp,37
13951,43631,2022-02-21,Technical Issues,Slack,112
13952,38516,2022-11-30,High Pricing,Monday.com,40
13953,1424,2023-04-09,High Pricing,Asana,61
13954,30610,2024-08-29,Missing Features,Slack,40
13955,37257,2023-12-09,High Pricing,Monday.com,25
13956,12899,2023-07-15,Low Usage,ClickUp,110
13957,49451,2022-12-20,Missing Features,Notion,89
13958,13614,2024-10-24,Missing Features,Monday.com,77
13959,49301,2025-03-30,High Pricing,Slack,21
13960,38848,2023-02-09,Missing Features,Slack,53
13961,11466,2024-05-19,Low Usage,Slack,70
13962,15491,2024-07-22,Technical Issues,Asana,53
13963,28006,2025-03-19,Technical Issues,Notion,27
13964,23614,2024-01-25,Switched Competitor,Asana,24
13965,15867,2024-12-09,Technical Issues,Slack,29
13966,40352,2023-09-22,Missing Features,Monday.com,85
13967,27211,2024-06-04,Poor Experience,Notion,74
13968,37570,2022-02-25,Poor Experience,Slack,11
13969,47869,2022-06-29,High Pricing,Slack,84
13970,7888,2024-03-14,Switched Competitor,ClickUp,119
13971,26692,2024-04-08,Low Usage,Monday.com,109
13972,29631,2024-12-07,Poor Experience,Asana,54
13973,30736,2023-05-20,Low Usage,ClickUp,67
13974,47015,2022-08-05,Switched Competitor,Notion,24
13975,34514,2022-08-29,Technical Issues,Slack,86
13976,5350,2025-04-04,Poor Experience,ClickUp,5
13977,20176,2023-02-13,Missing Features,Asana,116
13978,66,2022-05-05,Missing Features,Monday.com,60
13979,28273,2025-03-26,Missing Features,Monday.com,2
13980,34348,2025-02-05,Missing Features,Notion,51
13981,41461,2022-05-23,Missing Features,Slack,12
13982,20687,2022-05-04,High Pricing,ClickUp,5
13983,10763,2023-01-23,Poor Experience,Notion,94
13984,32562,2023-02-19,Technical Issues,Slack,15
13985,29810,2023-06-04,Technical Issues,ClickUp,8
13986,32367,2023-05-23,Poor Experience,Notion,93
13987,4973,2022-01-28,Poor Experience,Asana,95
13988,34492,2023-09-29,Technical Issues,Asana,37
13989,28817,2023-06-13,Missing Features,ClickUp,25
13990,9117,2023-01-16,Low Usage,Monday.com,13
13991,40724,2024-01-11,Switched Competitor,Asana,18
13992,675,2025-01-15,Low Usage,ClickUp,58
13993,1054,2025-03-05,Technical Issues,Slack,92
13994,4316,2025-02-09,Technical Issues,Monday.com,110
13995,21373,2023-06-15,Poor Experience,Asana,26
13996,12094,2024-07-05,Technical Issues,ClickUp,23
13997,25612,2025-03-25,Low Usage,ClickUp,89
13998,3218,2022-01-19,Poor Experience,Monday.com,116
13999,23289,2022-04-07,Low Usage,ClickUp,52
14000,36480,2025-03-16,Low Usage,Monday.com,94
14001,33088,2023-09-02,Missing Features,ClickUp,1
14002,17544,2023-03-14,Poor Experience,Monday.com,31
14003,38556,2023-10-06,Poor Experience,Monday.com,20
14004,39860,2024-06-09,Switched Competitor,Notion,58
14005,23155,2023-05-25,Missing Features,ClickUp,55
14006,32462,2024-06-22,Technical Issues,Slack,85
14007,27810,2023-02-02,Missing Features,ClickUp,18
14008,13389,2025-03-15,Technical Issues,Slack,91
14009,49953,2025-02-05,Switched Competitor,Notion,106
14010,42812,2024-10-09,Missing Features,Asana,59
14011,11041,2024-12-01,Switched Competitor,Notion,60
14012,32787,2024-06-12,Low Usage,Asana,12
14013,22942,2023-03-04,Poor Experience,Asana,36
14014,43658,2024-12-25,High Pricing,Notion,79
14015,40079,2022-09-05,Switched Competitor,ClickUp,52
14016,10589,2024-03-03,Low Usage,Monday.com,46
14017,3248,2022-10-11,Technical Issues,Monday.com,35
14018,35580,2022-02-04,High Pricing,Notion,49
14019,46693,2023-02-26,Technical Issues,ClickUp,11
14020,4170,2023-08-13,Low Usage,ClickUp,84
14021,23676,2024-01-08,Missing Features,Notion,40
14022,44690,2022-11-18,Missing Features,Asana,63
14023,14880,2022-04-28,Switched Competitor,Slack,22
14024,29270,2024-12-21,Switched Competitor,Notion,43
14025,35149,2023-11-08,Low Usage,Asana,35
14026,396,2025-02-15,Switched Competitor,Asana,15
14027,26905,2023-01-24,High Pricing,Monday.com,73
14028,1124,2025-03-27,Missing Features,Asana,29
14029,49354,2023-01-11,Switched Competitor,Asana,41
14030,48564,2025-04-10,Low Usage,Monday.com,20
14031,39791,2024-01-10,Switched Competitor,Monday.com,17
14032,13185,2022-12-27,Missing Features,Notion,35
14033,17558,2022-05-10,Poor Experience,Asana,11
14034,40675,2024-05-30,Poor Experience,ClickUp,119
14035,26438,2022-07-06,Low Usage,Monday.com,71
14036,45779,2023-04-15,Missing Features,Asana,6
14037,16048,2025-01-21,High Pricing,ClickUp,45
14038,27187,2024-08-05,Low Usage,ClickUp,49
14039,20785,2023-06-10,High Pricing,Asana,12
14040,5358,2024-08-17,Low Usage,Monday.com,49
14041,34142,2022-03-29,Technical Issues,ClickUp,2
14042,2338,2022-01-08,Poor Experience,Slack,59
14043,21918,2024-03-26,Technical Issues,ClickUp,39
14044,34385,2024-05-01,Low Usage,Asana,31
14045,2450,2023-02-09,Poor Experience,Monday.com,3
14046,46817,2022-06-06,Low Usage,Asana,68
14047,17652,2023-05-17,High Pricing,Slack,73
14048,13870,2022-10-12,Poor Experience,Notion,53
14049,18598,2025-02-08,Switched Competitor,Asana,20
14050,8575,2025-01-11,Low Usage,Monday.com,42
14051,4050,2023-07-04,High Pricing,Slack,68
14052,23426,2023-08-09,High Pricing,Notion,21
14053,24733,2023-06-03,Missing Features,Monday.com,49
14054,37598,2024-03-02,Poor Experience,Slack,83
14055,46950,2023-07-13,High Pricing,Notion,9
14056,2879,2022-11-17,High Pricing,Notion,90
14057,2799,2023-11-12,High Pricing,Asana,80
14058,29611,2023-02-24,Missing Features,ClickUp,25
14059,6486,2025-01-08,Poor Experience,Slack,25
14060,34325,2022-12-10,Missing Features,ClickUp,61
14061,956,2024-02-13,Poor Experience,Notion,119
14062,26265,2025-01-03,Technical Issues,Notion,79
14063,24381,2024-09-13,Switched Competitor,Monday.com,28
14064,21923,2022-09-05,Poor Experience,Slack,82
14065,26198,2022-08-19,Poor Experience,Slack,21
14066,858,2022-10-02,Missing Features,Asana,117
14067,23810,2024-04-24,Switched Competitor,ClickUp,96
14068,19052,2022-11-22,Switched Competitor,Slack,91
14069,10555,2024-03-15,High Pricing,ClickUp,29
14070,19637,2022-08-23,Low Usage,Notion,58
14071,19741,2024-01-16,Missing Features,Monday.com,120
14072,4254,2024-02-06,Low Usage,Notion,96
14073,31205,2023-12-28,Poor Experience,ClickUp,79
14074,9947,2023-03-08,Technical Issues,Monday.com,72
14075,45921,2023-07-21,Missing Features,Notion,42
14076,35230,2023-01-27,High Pricing,Monday.com,114
14077,6436,2022-01-21,High Pricing,Slack,59
14078,4875,2024-03-22,Low Usage,Slack,102
14079,19663,2023-01-11,Low Usage,Notion,109
14080,27132,2024-02-24,High Pricing,ClickUp,79
14081,27207,2023-05-21,Poor Experience,ClickUp,92
14082,12452,2024-05-19,Switched Competitor,ClickUp,63
14083,7724,2025-01-18,Switched Competitor,Asana,109
14084,42342,2024-08-14,Switched Competitor,ClickUp,52
14085,9166,2023-05-29,Switched Competitor,Notion,108
14086,3737,2023-02-20,Poor Experience,Asana,106
14087,23279,2022-06-20,High Pricing,Asana,6
14088,32589,2023-01-15,Poor Experience,Slack,95
14089,29461,2024-09-04,Technical Issues,ClickUp,54
14090,3146,2023-01-21,Low Usage,Monday.com,22
14091,40892,2023-01-06,Low Usage,Notion,67
14092,13992,2024-12-16,Low Usage,Monday.com,24
14093,45309,2022-06-12,Poor Experience,Asana,58
14094,6052,2022-04-05,High Pricing,Monday.com,102
14095,49926,2022-04-10,Switched Competitor,Asana,9
14096,38251,2023-01-03,Switched Competitor,ClickUp,58
14097,5241,2022-09-23,Technical Issues,Asana,71
14098,48530,2022-12-08,Technical Issues,Asana,114
14099,29078,2024-10-04,Poor Experience,Slack,72
14100,38376,2024-04-25,Low Usage,Monday.com,62
14101,33112,2023-02-17,Low Usage,ClickUp,1
14102,6186,2024-09-16,Missing Features,Monday.com,51
14103,12003,2023-05-06,Switched Competitor,Asana,97
14104,34023,2022-02-08,Switched Competitor,Notion,94
14105,34055,2023-12-17,High Pricing,Asana,85
14106,10711,2023-10-16,Poor Experience,Monday.com,49
14107,49748,2023-04-24,High Pricing,Monday.com,36
14108,14473,2023-10-31,Missing Features,Monday.com,111
14109,14064,2022-09-23,Technical Issues,Slack,61
14110,1516,2022-11-07,Technical Issues,Asana,5
14111,13922,2023-03-04,Missing Features,Notion,45
14112,35765,2024-01-22,Low Usage,Asana,47
14113,17912,2023-08-04,Switched Competitor,Slack,18
14114,42820,2022-06-01,High Pricing,ClickUp,68
14115,24423,2024-08-08,Technical Issues,Asana,68
14116,37785,2024-04-13,Low Usage,Monday.com,80
14117,33160,2023-12-04,Missing Features,Asana,28
14118,46731,2023-09-10,Switched Competitor,Asana,25
14119,21976,2024-11-18,Poor Experience,Slack,54
14120,13064,2023-08-16,Missing Features,Notion,86
14121,11599,2024-08-18,Technical Issues,Monday.com,7
14122,32000,2024-10-06,Low Usage,Asana,35
14123,10201,2024-07-01,Missing Features,Monday.com,119
14124,49588,2023-04-06,Technical Issues,Notion,52
14125,20369,2024-08-08,Missing Features,Monday.com,22
14126,4408,2022-02-21,Poor Experience,Notion,11
14127,47282,2022-05-19,Low Usage,Monday.com,22
14128,36314,2022-02-01,Missing Features,ClickUp,13
14129,16716,2024-02-19,Technical Issues,Asana,97
14130,17798,2023-08-20,Missing Features,ClickUp,51
14131,20538,2025-04-13,Missing Features,Slack,53
14132,26177,2022-01-29,Low Usage,ClickUp,26
14133,26617,2024-07-11,High Pricing,ClickUp,100
14134,34222,2022-10-30,Low Usage,Slack,45
14135,46813,2024-03-11,Switched Competitor,Monday.com,114
14136,43629,2023-12-03,Low Usage,ClickUp,8
14137,9240,2022-08-02,Poor Experience,Asana,117
14138,46240,2024-09-09,Low Usage,Slack,17
14139,22531,2024-09-14,Switched Competitor,Notion,1
14140,17791,2022-03-10,Switched Competitor,Notion,119
14141,29062,2023-08-13,Low Usage,ClickUp,41
14142,5802,2023-01-11,Switched Competitor,Monday.com,1
14143,2431,2024-11-30,Poor Experience,Notion,47
14144,20516,2024-01-01,Switched Competitor,Monday.com,96
14145,34331,2022-07-28,Low Usage,Notion,86
14146,19051,2022-08-15,Technical Issues,ClickUp,13
14147,33393,2022-12-01,Missing Features,Monday.com,57
14148,22633,2024-04-19,High Pricing,Asana,40
14149,34759,2023-02-16,Switched Competitor,Monday.com,28
14150,38451,2024-02-28,High Pricing,Monday.com,110
14151,8804,2022-11-01,Low Usage,Asana,112
14152,22567,2023-06-23,Poor Experience,Asana,47
14153,19141,2025-02-17,Missing Features,Monday.com,20
14154,46621,2022-03-19,Low Usage,ClickUp,38
14155,23921,2023-09-02,Poor Experience,ClickUp,35
14156,16231,2023-02-09,Technical Issues,Slack,67
14157,33094,2024-03-06,Technical Issues,Slack,44
14158,11438,2023-06-22,Technical Issues,Notion,112
14159,47448,2025-03-12,Poor Experience,Monday.com,60
14160,19056,2024-09-28,Switched Competitor,Monday.com,70
14161,16698,2024-06-29,High Pricing,Monday.com,105
14162,40610,2023-10-17,Low Usage,Asana,72
14163,23526,2022-05-02,Missing Features,Asana,98
14164,48209,2022-02-10,Switched Competitor,Monday.com,68
14165,9277,2024-01-10,Low Usage,Notion,13
14166,27623,2024-11-20,Low Usage,Notion,77
14167,9922,2022-05-12,Switched Competitor,Monday.com,113
14168,33490,2025-02-19,Switched Competitor,ClickUp,2
14169,34531,2023-03-16,Low Usage,Asana,33
14170,12313,2024-12-29,Missing Features,Asana,23
14171,48934,2024-06-09,Low Usage,Monday.com,16
14172,8319,2024-02-16,Missing Features,Asana,3
14173,7020,2024-12-01,Switched Competitor,Slack,17
14174,34424,2024-08-14,Technical Issues,Slack,63
14175,20481,2024-08-19,Missing Features,Notion,51
14176,13919,2024-10-21,High Pricing,ClickUp,112
14177,33602,2022-03-14,Technical Issues,Monday.com,24
14178,19171,2025-03-12,Switched Competitor,Monday.com,3
14179,3434,2024-05-09,High Pricing,Monday.com,100
14180,37967,2024-06-14,Missing Features,Monday.com,29
14181,26283,2022-01-19,Switched Competitor,Notion,115
14182,10700,2023-04-22,High Pricing,Slack,95
14183,17146,2023-05-22,Technical Issues,Asana,13
14184,28853,2024-10-22,Switched Competitor,Asana,90
14185,44270,2024-02-28,Technical Issues,Notion,57
14186,3909,2023-10-17,Low Usage,ClickUp,44
14187,9060,2024-02-11,Low Usage,Monday.com,73
14188,35306,2023-11-10,Technical Issues,Notion,5
14189,31805,2023-05-02,Missing Features,ClickUp,67
14190,36063,2023-12-22,Missing Features,Slack,60
14191,23047,2022-07-30,Poor Experience,Slack,102
14192,22229,2023-01-16,Low Usage,Monday.com,93
14193,48756,2025-01-19,Poor Experience,Monday.com,118
14194,32522,2024-11-29,Missing Features,Slack,27
14195,35368,2023-09-25,Missing Features,Monday.com,32
14196,9783,2022-05-27,Low Usage,Slack,16
14197,40767,2024-06-23,Poor Experience,Asana,38
14198,9934,2023-05-24,Missing Features,ClickUp,34
14199,38678,2023-05-01,Switched Competitor,Asana,103
14200,40177,2025-03-16,Missing Features,ClickUp,74
14201,32355,2023-10-09,Missing Features,Monday.com,3
14202,24425,2024-10-28,Low Usage,Monday.com,63
14203,4896,2023-03-13,High Pricing,Asana,91
14204,13570,2024-08-06,Missing Features,Monday.com,88
14205,48664,2023-07-01,Poor Experience,ClickUp,97
14206,12652,2022-12-07,Switched Competitor,Monday.com,99
14207,13436,2022-02-12,Poor Experience,Slack,47
14208,2614,2024-04-13,Low Usage,Slack,111
14209,24239,2023-12-06,Switched Competitor,ClickUp,28
14210,49843,2024-07-06,Low Usage,ClickUp,89
14211,29045,2024-03-28,Missing Features,Monday.com,95
14212,10116,2022-03-02,Low Usage,ClickUp,76
14213,35493,2024-09-30,Missing Features,Monday.com,35
14214,32384,2022-09-02,High Pricing,Slack,41
14215,46437,2024-01-01,Technical Issues,Asana,7
14216,20263,2022-08-16,High Pricing,Slack,94
14217,36411,2022-02-10,Low Usage,Monday.com,87
14218,43498,2024-08-05,Missing Features,ClickUp,75
14219,1157,2024-06-30,High Pricing,ClickUp,74
14220,10084,2025-03-11,High Pricing,Slack,104
14221,26352,2023-11-17,Poor Experience,Notion,90
14222,28890,2025-02-07,Switched Competitor,Notion,2
14223,19813,2025-03-14,High Pricing,Notion,26
14224,38089,2023-03-23,High Pricing,Monday.com,29
14225,19621,2025-03-26,Switched Competitor,Slack,30
14226,340,2025-04-14,Poor Experience,ClickUp,49
14227,31990,2023-04-11,Switched Competitor,Slack,104
14228,28462,2022-05-15,Missing Features,Asana,79
14229,50,2022-06-07,High Pricing,Monday.com,6
14230,38963,2022-05-26,Low Usage,ClickUp,114
14231,24722,2023-11-12,Missing Features,Asana,20
14232,25004,2022-05-20,High Pricing,Slack,26
14233,32796,2025-02-10,Low Usage,Monday.com,12
14234,13704,2022-05-29,Low Usage,ClickUp,97
14235,23860,2023-06-14,Low Usage,Asana,115
14236,17523,2022-08-08,Missing Features,Monday.com,50
14237,20590,2023-05-11,Technical Issues,Slack,77
14238,44386,2022-06-30,Poor Experience,Monday.com,64
14239,49316,2024-12-19,Low Usage,Asana,64
14240,24916,2022-12-09,High Pricing,ClickUp,30
14241,27152,2023-11-04,Switched Competitor,Notion,33
14242,20335,2023-05-16,Switched Competitor,Monday.com,102
14243,20367,2023-02-01,Missing Features,Monday.com,67
14244,1793,2023-04-02,Poor Experience,ClickUp,76
14245,2445,2024-08-28,Low Usage,Monday.com,25
14246,6423,2022-02-20,Switched Competitor,Asana,26
14247,10019,2022-11-13,Low Usage,Monday.com,21
14248,33944,2023-04-11,High Pricing,Monday.com,93
14249,36239,2024-03-29,Technical Issues,Monday.com,59
14250,12150,2024-08-16,Missing Features,Slack,17
14251,14991,2024-03-24,Poor Experience,Monday.com,35
14252,1825,2024-08-15,Poor Experience,Asana,54
14253,42984,2022-06-25,Switched Competitor,Slack,61
14254,13189,2024-07-17,Low Usage,Monday.com,55
14255,42910,2022-02-23,Low Usage,Notion,109
14256,15854,2023-10-30,Missing Features,Monday.com,109
14257,42887,2024-01-28,High Pricing,ClickUp,41
14258,37762,2023-09-07,Poor Experience,Notion,12
14259,47114,2024-12-17,Low Usage,Monday.com,56
14260,46646,2023-09-21,Missing Features,ClickUp,62
14261,30170,2025-01-27,Technical Issues,Monday.com,54
14262,40175,2024-05-09,Poor Experience,Notion,66
14263,14045,2023-12-20,Poor Experience,Slack,11
14264,28750,2024-06-10,Switched Competitor,Asana,82
14265,8831,2022-04-16,Missing Features,Notion,25
14266,43683,2023-06-24,Missing Features,Monday.com,59
14267,4000,2024-09-18,Switched Competitor,Monday.com,80
14268,5663,2024-04-30,Switched Competitor,Monday.com,79
14269,41836,2022-04-30,Low Usage,ClickUp,104
14270,35470,2023-06-02,Low Usage,ClickUp,101
14271,28668,2024-06-12,Switched Competitor,ClickUp,42
14272,24674,2022-01-01,Missing Features,Notion,110
14273,28181,2024-07-17,Poor Experience,Monday.com,44
14274,48177,2025-04-10,Low Usage,ClickUp,117
14275,29603,2024-06-03,Poor Experience,Slack,62
14276,5148,2023-06-08,Poor Experience,Monday.com,91
14277,15251,2022-02-11,Switched Competitor,Slack,70
14278,24870,2023-07-11,Poor Experience,ClickUp,107
14279,18348,2025-04-07,Poor Experience,Asana,79
14280,35795,2025-01-01,Poor Experience,Slack,11
14281,42507,2023-02-24,Missing Features,ClickUp,33
14282,42783,2024-02-13,Low Usage,Monday.com,55
14283,21056,2024-06-26,High Pricing,Slack,114
14284,45366,2022-07-15,High Pricing,ClickUp,70
14285,6042,2022-10-04,Low Usage,Notion,63
14286,44555,2025-03-03,Low Usage,Notion,45
14287,30375,2023-08-19,High Pricing,Notion,10
14288,44038,2022-06-19,Technical Issues,Slack,87
14289,24628,2024-06-20,High Pricing,Asana,14
14290,12884,2023-03-25,Missing Features,Asana,67
14291,48447,2023-08-04,Low Usage,ClickUp,42
14292,7288,2022-05-15,Missing Features,Monday.com,18
14293,11922,2022-09-09,Missing Features,Slack,58
14294,17068,2022-06-02,Missing Features,ClickUp,98
14295,31467,2024-11-17,Low Usage,Notion,30
14296,7565,2022-11-06,Switched Competitor,Asana,116
14297,45783,2023-12-15,Poor Experience,ClickUp,94
14298,46804,2022-08-29,Low Usage,ClickUp,25
14299,42792,2023-10-16,Switched Competitor,Asana,86
14300,14325,2024-02-05,Technical Issues,Slack,119
14301,10972,2023-11-14,High Pricing,Notion,39
14302,45692,2022-12-08,Switched Competitor,Notion,108
14303,35257,2024-09-21,Technical Issues,ClickUp,90
14304,8921,2023-12-07,Switched Competitor,Notion,2
14305,15269,2025-03-06,Missing Features,Monday.com,109
14306,4741,2024-11-17,Missing Features,ClickUp,61
14307,37714,2023-02-09,Switched Competitor,Slack,25
14308,31424,2024-01-22,High Pricing,Monday.com,8
14309,23112,2022-09-24,Low Usage,Monday.com,24
14310,36836,2022-07-05,Missing Features,ClickUp,109
14311,5035,2022-12-11,Poor Experience,Monday.com,45
14312,25456,2024-05-03,Missing Features,Notion,88
14313,1278,2024-07-29,Technical Issues,ClickUp,2
14314,44691,2023-03-15,Technical Issues,Monday.com,9
14315,43585,2022-11-01,High Pricing,Monday.com,6
14316,29879,2023-07-23,Low Usage,Notion,66
14317,38755,2023-01-15,Technical Issues,ClickUp,23
14318,4912,2025-03-30,Missing Features,ClickUp,112
14319,38566,2022-04-09,Low Usage,Asana,119
14320,49816,2022-02-27,High Pricing,ClickUp,67
14321,2120,2022-01-15,Switched Competitor,Monday.com,84
14322,3908,2022-03-14,Switched Competitor,ClickUp,9
14323,42371,2023-11-11,Switched Competitor,Monday.com,8
14324,28425,2024-04-15,Low Usage,Notion,2
14325,12679,2022-01-01,High Pricing,ClickUp,77
14326,34419,2023-05-15,Poor Experience,Slack,119
14327,13262,2022-10-01,Switched Competitor,Monday.com,77
14328,42977,2022-11-11,Low Usage,Asana,119
14329,3796,2024-10-30,High Pricing,Monday.com,113
14330,40201,2024-09-26,Missing Features,Asana,79
14331,20037,2022-12-27,Missing Features,ClickUp,22
14332,38624,2024-10-28,Poor Experience,Notion,13
14333,32699,2024-11-15,Poor Experience,ClickUp,83
14334,38890,2022-08-21,High Pricing,Asana,5
14335,19332,2025-01-30,High Pricing,Notion,96
14336,47737,2023-01-28,Low Usage,Asana,54
14337,31079,2022-10-17,Low Usage,Asana,23
14338,37025,2022-02-19,Poor Experience,ClickUp,26
14339,33754,2022-09-04,Low Usage,Notion,50
14340,10265,2024-04-20,Switched Competitor,Slack,24
14341,19409,2024-10-30,Missing Features,Slack,25
14342,14818,2022-09-16,Missing Features,Slack,91
14343,38962,2022-10-28,Poor Experience,Asana,78
14344,14819,2023-05-22,High Pricing,Monday.com,56
14345,37548,2025-03-30,Technical Issues,Slack,86
14346,681,2024-01-31,Low Usage,Notion,28
14347,32535,2025-04-09,Low Usage,Asana,31
14348,21507,2023-11-18,Technical Issues,Notion,65
14349,36707,2024-08-23,Poor Experience,Slack,64
14350,11273,2022-10-30,Missing Features,Slack,4
14351,48018,2024-12-04,Missing Features,Slack,25
14352,39782,2022-08-28,Low Usage,Slack,118
14353,15581,2025-02-18,Switched Competitor,Notion,114
14354,44369,2024-06-03,Technical Issues,Notion,91
14355,44311,2022-12-16,Technical Issues,Slack,87
14356,9388,2022-12-21,Switched Competitor,Asana,55
14357,29549,2024-03-26,Missing Features,Asana,53
14358,11341,2024-04-05,High Pricing,ClickUp,57
14359,237,2024-02-24,Poor Experience,Asana,24
14360,18332,2024-04-01,Switched Competitor,Asana,94
14361,25152,2022-02-27,Switched Competitor,Monday.com,57
14362,38028,2025-01-13,Switched Competitor,Notion,87
14363,2157,2022-06-03,Low Usage,Notion,112
14364,46250,2024-04-11,Low Usage,Notion,85
14365,22295,2024-01-24,High Pricing,Notion,84
14366,19456,2023-07-17,Missing Features,Slack,29
14367,31365,2025-01-25,Missing Features,Notion,100
14368,22441,2023-05-15,Low Usage,Slack,85
14369,30782,2024-06-29,High Pricing,Notion,65
14370,32204,2024-07-14,Poor Experience,ClickUp,4
14371,47575,2025-03-09,Missing Features,ClickUp,91
14372,11769,2022-08-23,Low Usage,Asana,69
14373,33414,2023-10-29,Technical Issues,Notion,37
14374,31471,2022-07-14,High Pricing,ClickUp,9
14375,21320,2022-12-08,Poor Experience,Monday.com,32
14376,30266,2025-04-10,Low Usage,Slack,100
14377,33245,2023-10-02,Low Usage,Slack,64
14378,43833,2024-05-25,Switched Competitor,Slack,63
14379,23989,2023-12-29,Missing Features,Slack,81
14380,22834,2024-02-26,Low Usage,Asana,10
14381,2992,2023-02-28,High Pricing,Slack,65
14382,5677,2024-02-02,Poor Experience,ClickUp,19
14383,32329,2022-03-23,Technical Issues,Monday.com,96
14384,39330,2022-10-02,Poor Experience,Asana,36
14385,36333,2022-04-16,Switched Competitor,Asana,108
14386,16063,2023-10-23,Poor Experience,Slack,39
14387,33991,2023-03-14,Missing Features,ClickUp,93
14388,252,2022-06-28,Missing Features,Slack,27
14389,35049,2023-01-22,Missing Features,Monday.com,28
14390,15623,2023-11-18,Poor Experience,Asana,27
14391,21609,2025-02-16,Technical Issues,Asana,32
14392,20526,2023-10-11,Poor Experience,Slack,9
14393,47589,2022-11-06,Technical Issues,Slack,10
14394,20098,2023-05-12,Technical Issues,ClickUp,91
14395,29675,2023-03-29,Missing Features,Asana,99
14396,18635,2022-02-10,Switched Competitor,ClickUp,100
14397,47244,2024-05-14,Switched Competitor,Notion,38
14398,40911,2022-07-18,Technical Issues,Monday.com,44
14399,18594,2024-06-12,Switched Competitor,Notion,83
14400,36764,2022-10-17,Technical Issues,Monday.com,74
14401,24637,2022-03-03,Low Usage,Monday.com,85
14402,26576,2025-03-11,Technical Issues,Asana,106
14403,49496,2024-07-14,Missing Features,ClickUp,62
14404,16616,2022-11-20,High Pricing,Notion,103
14405,49845,2023-07-08,High Pricing,Slack,31
14406,1144,2024-03-13,Low Usage,Asana,85
14407,35888,2024-05-14,Low Usage,Notion,43
14408,37815,2024-05-20,High Pricing,Notion,114
14409,39500,2024-07-05,High Pricing,Asana,60
14410,4765,2022-01-11,Switched Competitor,Slack,62
14411,40691,2025-02-02,Low Usage,Notion,41
14412,42750,2023-08-07,Missing Features,ClickUp,120
14413,20323,2024-10-14,Poor Experience,Asana,23
14414,2472,2023-10-31,Technical Issues,Monday.com,55
14415,20365,2023-03-14,High Pricing,Asana,115
14416,36582,2024-12-03,Low Usage,Asana,1
14417,25091,2023-03-10,Missing Features,Slack,120
14418,44131,2023-02-11,Technical Issues,Asana,5
14419,26910,2024-10-25,Poor Experience,ClickUp,70
14420,16247,2022-02-14,High Pricing,ClickUp,5
14421,8651,2024-04-30,Low Usage,Monday.com,24
14422,27441,2023-12-26,Switched Competitor,Slack,20
14423,38557,2022-10-21,Poor Experience,Monday.com,31
14424,37074,2024-02-14,Missing Features,Monday.com,88
14425,21620,2024-08-07,Poor Experience,Asana,51
14426,5363,2023-11-08,Technical Issues,Monday.com,97
14427,11970,2024-05-04,Switched Competitor,Asana,32
14428,43413,2023-09-16,Technical Issues,Asana,57
14429,14389,2022-05-10,Switched Competitor,Asana,14
14430,18886,2022-03-07,Technical Issues,ClickUp,83
14431,41201,2023-02-17,High Pricing,Asana,109
14432,48429,2023-06-12,Technical Issues,Monday.com,105
14433,22985,2023-03-22,Poor Experience,Monday.com,57
14434,46738,2024-09-24,High Pricing,Monday.com,31
14435,30245,2023-09-25,Low Usage,Slack,29
14436,5932,2023-09-11,Technical Issues,ClickUp,80
14437,14686,2022-07-03,High Pricing,Monday.com,67
14438,46819,2024-06-15,Technical Issues,Asana,118
14439,45587,2023-09-27,High Pricing,Notion,57
14440,3289,2024-10-19,Technical Issues,Monday.com,46
14441,43030,2022-09-27,High Pricing,Asana,19
14442,26096,2023-10-29,Low Usage,Monday.com,117
14443,48583,2023-01-16,Technical Issues,Slack,38
14444,35885,2023-07-10,High Pricing,Monday.com,50
14445,38919,2023-08-22,Poor Experience,ClickUp,18
14446,37379,2023-11-05,High Pricing,ClickUp,69
14447,39939,2024-07-15,Switched Competitor,Notion,110
14448,20999,2025-04-07,Technical Issues,Monday.com,22
14449,10464,2022-10-29,Low Usage,Asana,46
14450,17332,2022-11-21,Low Usage,Monday.com,34
14451,21091,2025-01-13,Poor Experience,ClickUp,43
14452,21669,2025-01-20,Poor Experience,Asana,46
14453,27937,2023-07-28,Poor Experience,Notion,27
14454,9289,2022-08-09,Technical Issues,Notion,53
14455,10,2024-06-23,Technical Issues,Asana,78
14456,36961,2024-10-11,Missing Features,Asana,24
14457,48424,2022-07-04,High Pricing,Slack,76
14458,8416,2022-04-16,Missing Features,Monday.com,119
14459,21089,2025-01-19,Poor Experience,Monday.com,77
14460,16403,2023-04-21,Low Usage,ClickUp,12
14461,39962,2022-05-03,Missing Features,Asana,22
14462,28056,2022-05-25,High Pricing,ClickUp,52
14463,37512,2025-03-03,Missing Features,Asana,89
14464,26055,2023-03-26,Missing Features,Notion,37
14465,4833,2025-02-17,Missing Features,Notion,106
14466,7674,2024-06-07,Switched Competitor,Notion,64
14467,6588,2024-07-13,Low Usage,ClickUp,46
14468,13385,2023-02-11,Missing Features,Asana,119
14469,48953,2024-05-05,Poor Experience,Asana,55
14470,31813,2023-04-09,Switched Competitor,Monday.com,107
14471,28326,2023-09-02,Switched Competitor,Slack,90
14472,47126,2025-01-30,Switched Competitor,ClickUp,19
14473,49006,2023-06-14,Switched Competitor,Monday.com,80
14474,920,2022-04-07,Technical Issues,ClickUp,55
14475,28052,2023-03-10,High Pricing,ClickUp,119
14476,25585,2024-01-11,Poor Experience,Asana,65
14477,5996,2023-12-16,Low Usage,ClickUp,74
14478,46120,2024-12-15,Switched Competitor,Asana,108
14479,15286,2023-09-04,Missing Features,Monday.com,70
14480,36648,2023-07-10,Technical Issues,Monday.com,73
14481,26708,2023-01-26,High Pricing,ClickUp,3
14482,47421,2023-05-20,Missing Features,ClickUp,67
14483,18051,2024-05-06,Switched Competitor,Slack,66
14484,35691,2023-08-22,Low Usage,Asana,64
14485,14615,2024-04-09,Poor Experience,Notion,87
14486,39086,2023-05-30,Poor Experience,Asana,109
14487,34567,2022-04-18,High Pricing,Asana,25
14488,37009,2023-01-27,High Pricing,Slack,13
14489,9712,2022-05-26,Technical Issues,Slack,37
14490,14224,2022-07-30,Technical Issues,Slack,28
14491,24822,2025-04-09,Switched Competitor,Monday.com,13
14492,38444,2023-11-22,Switched Competitor,Slack,37
14493,44323,2023-01-03,Technical Issues,Slack,51
14494,36702,2023-10-08,Missing Features,Notion,110
14495,18701,2022-07-06,Technical Issues,ClickUp,15
14496,39854,2023-09-23,Poor Experience,ClickUp,72
14497,8571,2023-05-25,High Pricing,Monday.com,46
14498,14456,2022-11-04,Poor Experience,Slack,26
14499,32775,2022-12-16,Low Usage,Asana,84
14500,7597,2022-06-04,Missing Features,Slack,42
14501,22660,2022-07-04,Poor Experience,Slack,50
14502,34950,2023-04-12,Low Usage,Monday.com,105
14503,47427,2023-11-18,Switched Competitor,Slack,116
14504,39270,2024-07-30,Technical Issues,Slack,114
14505,49382,2022-02-06,High Pricing,Notion,118
14506,41357,2022-11-14,Technical Issues,Monday.com,35
14507,2662,2024-01-13,Technical Issues,Notion,81
14508,14827,2022-09-11,Poor Experience,Notion,27
14509,48443,2024-09-30,Technical Issues,Notion,87
14510,17984,2025-02-22,High Pricing,ClickUp,19
14511,28726,2024-07-30,High Pricing,Asana,15
14512,40244,2023-04-24,Poor Experience,Slack,105
14513,13506,2022-08-08,Switched Competitor,Notion,84
14514,37787,2023-04-12,Low Usage,Slack,103
14515,29723,2023-10-24,Missing Features,Monday.com,64
14516,49563,2022-05-20,Technical Issues,Slack,11
14517,45617,2022-11-30,Low Usage,Asana,63
14518,28299,2022-05-14,Low Usage,Monday.com,105
14519,10849,2022-03-27,Switched Competitor,Notion,63
14520,134,2023-10-06,High Pricing,Notion,18
14521,7344,2025-01-03,Technical Issues,Notion,12
14522,17098,2022-10-24,Poor Experience,Asana,42
14523,16489,2024-04-17,Technical Issues,Asana,9
14524,22756,2023-11-28,Technical Issues,Slack,57
14525,24182,2023-11-03,Switched Competitor,Asana,48
14526,33617,2022-05-06,Technical Issues,Asana,64
14527,6965,2022-06-28,Low Usage,Slack,64
14528,14607,2022-10-27,Technical Issues,Notion,21
14529,46159,2023-12-03,Switched Competitor,Notion,50
14530,5217,2024-09-21,Low Usage,Monday.com,115
14531,28945,2022-04-19,Low Usage,Slack,6
14532,44107,2024-02-11,Technical Issues,Notion,86
14533,40299,2022-06-22,Low Usage,Asana,7
14534,2299,2023-02-15,Switched Competitor,Asana,21
14535,3055,2022-12-13,Low Usage,Notion,49
14536,41181,2022-12-14,Low Usage,ClickUp,85
14537,3751,2024-12-30,High Pricing,Monday.com,92
14538,46032,2024-07-14,Switched Competitor,Notion,12
14539,25551,2022-05-07,Missing Features,ClickUp,71
14540,40682,2022-04-20,Switched Competitor,ClickUp,11
14541,25248,2024-10-03,Switched Competitor,ClickUp,100
14542,12626,2022-10-30,Technical Issues,Monday.com,20
14543,17923,2023-07-16,Missing Features,ClickUp,81
14544,28950,2024-01-16,Poor Experience,ClickUp,61
14545,27230,2024-11-09,Poor Experience,Notion,13
14546,46497,2025-03-16,Poor Experience,Asana,72
14547,1548,2024-03-17,Switched Competitor,Notion,61
14548,15723,2022-08-15,Low Usage,Slack,56
14549,47483,2024-02-23,Low Usage,Slack,46
14550,36904,2024-01-05,High Pricing,ClickUp,19
14551,410,2024-12-30,Missing Features,Asana,30
14552,36035,2023-09-02,High Pricing,Notion,28
14553,49593,2023-10-18,Technical Issues,Notion,48
14554,35598,2024-05-02,Low Usage,Notion,18
14555,15496,2022-12-31,Low Usage,Asana,26
14556,37668,2022-05-02,Missing Features,Notion,58
14557,25414,2024-04-01,Poor Experience,Monday.com,6
14558,33046,2024-06-16,Poor Experience,Slack,91
14559,25947,2023-10-29,Technical Issues,Notion,13
14560,25310,2023-01-03,Technical Issues,ClickUp,77
14561,4431,2022-04-21,Switched Competitor,Slack,1
14562,48344,2022-01-11,Missing Features,Slack,45
14563,13211,2024-08-06,Switched Competitor,Asana,79
14564,25278,2022-10-02,Technical Issues,ClickUp,108
14565,45045,2023-02-28,Switched Competitor,Slack,65
14566,17550,2023-04-04,Missing Features,Asana,59
14567,2122,2024-06-03,Switched Competitor,Monday.com,56
14568,8169,2022-06-27,Missing Features,Asana,20
14569,35518,2023-07-04,Low Usage,Asana,4
14570,13847,2022-02-18,Switched Competitor,Asana,74
14571,25869,2023-04-22,Switched Competitor,ClickUp,39
14572,27062,2023-10-22,Switched Competitor,Slack,55
14573,8723,2022-08-11,Poor Experience,Monday.com,31
14574,46398,2023-03-23,High Pricing,Notion,67
14575,13705,2022-11-27,High Pricing,Notion,26
14576,11122,2023-04-06,Technical Issues,Asana,74
14577,35871,2022-03-23,Technical Issues,ClickUp,79
14578,14876,2025-01-06,Technical Issues,ClickUp,97
14579,28200,2025-01-09,Technical Issues,Notion,119
14580,43896,2024-01-11,Low Usage,Notion,23
14581,31552,2024-03-16,High Pricing,ClickUp,13
14582,27655,2025-02-20,Poor Experience,Asana,24
14583,13183,2022-10-13,High Pricing,Slack,8
14584,39355,2024-12-25,Missing Features,Asana,64
14585,5197,2023-06-30,Poor Experience,ClickUp,44
14586,33602,2023-02-18,Technical Issues,Slack,33
14587,7746,2025-01-24,Low Usage,Asana,67
14588,22716,2024-02-04,Low Usage,Notion,3
14589,38080,2024-09-20,Switched Competitor,Slack,84
14590,40039,2024-10-12,Low Usage,Notion,61
14591,48408,2023-06-04,Switched Competitor,Slack,30
14592,10586,2023-01-31,Low Usage,Notion,46
14593,19153,2024-02-12,Poor Experience,Notion,73
14594,7510,2022-08-13,Technical Issues,Monday.com,6
14595,46695,2024-11-25,Low Usage,Slack,42
14596,35761,2024-06-21,Missing Features,ClickUp,75
14597,15077,2022-07-04,Low Usage,Notion,101
14598,5298,2023-06-30,Switched Competitor,ClickUp,108
14599,4204,2024-02-06,High Pricing,Asana,6
14600,15720,2022-08-24,Poor Experience,Monday.com,115
14601,47425,2025-04-09,High Pricing,Notion,61
14602,35994,2024-07-14,Missing Features,ClickUp,105
14603,40245,2023-12-19,Switched Competitor,Notion,69
14604,36307,2022-01-07,Poor Experience,Notion,86
14605,15733,2024-11-18,Technical Issues,Notion,52
14606,9591,2023-01-31,Low Usage,Asana,77
14607,17177,2022-01-17,High Pricing,Asana,9
14608,17649,2022-09-03,Missing Features,ClickUp,67
14609,21072,2023-03-21,Poor Experience,Slack,19
14610,17092,2025-01-25,Low Usage,ClickUp,40
14611,22671,2022-01-24,Poor Experience,Notion,90
14612,26291,2025-04-01,Poor Experience,Slack,86
14613,44474,2023-07-01,Switched Competitor,Monday.com,83
14614,15729,2022-05-25,Switched Competitor,Notion,94
14615,23972,2022-01-18,Poor Experience,ClickUp,67
14616,6034,2022-11-02,High Pricing,Asana,31
14617,38496,2022-02-28,Missing Features,ClickUp,104
14618,37333,2023-06-22,Switched Competitor,Asana,67
14619,16353,2023-03-05,Low Usage,Asana,86
14620,13593,2024-12-08,Poor Experience,Monday.com,91
14621,35933,2023-08-04,Switched Competitor,Notion,82
14622,13333,2024-11-10,Poor Experience,Monday.com,31
14623,8616,2022-05-04,Switched Competitor,Monday.com,22
14624,9255,2022-07-06,High Pricing,Asana,20
14625,42947,2023-12-25,Missing Features,Notion,42
14626,44758,2023-01-20,Missing Features,Asana,53
14627,39182,2022-12-03,Switched Competitor,ClickUp,34
14628,3771,2024-06-12,High Pricing,Slack,52
14629,33219,2023-11-18,Low Usage,Slack,117
14630,20429,2024-11-11,Technical Issues,Monday.com,92
14631,37540,2023-02-26,Missing Features,ClickUp,110
14632,19415,2024-10-24,Technical Issues,Asana,10
14633,14080,2024-08-09,Missing Features,Monday.com,44
14634,3890,2023-03-30,Poor Experience,Asana,34
14635,9994,2022-02-21,High Pricing,Asana,46
14636,10399,2022-06-11,Technical Issues,ClickUp,75
14637,27881,2022-07-24,Poor Experience,Notion,9
14638,3781,2024-06-27,Switched Competitor,Notion,6
14639,25003,2024-07-02,Low Usage,ClickUp,19
14640,37075,2023-10-01,Poor Experience,ClickUp,15
14641,27961,2023-04-21,Poor Experience,Slack,98
14642,42047,2022-08-08,Technical Issues,Slack,116
14643,27017,2024-03-27,Poor Experience,Slack,70
14644,47515,2025-02-03,Switched Competitor,ClickUp,105
14645,16359,2025-01-17,High Pricing,Notion,12
14646,17620,2024-04-22,Poor Experience,ClickUp,35
14647,43339,2023-03-09,Poor Experience,Notion,68
14648,22738,2022-01-02,Missing Features,Monday.com,50
14649,40017,2022-10-23,Technical Issues,Notion,81
14650,1166,2024-09-18,Poor Experience,Slack,33
14651,39215,2024-05-30,Technical Issues,Monday.com,35
14652,43316,2023-07-06,Missing Features,ClickUp,32
14653,3607,2023-04-18,Switched Competitor,Slack,117
14654,8946,2022-12-09,Poor Experience,Asana,113
14655,47574,2023-01-14,Switched Competitor,ClickUp,13
14656,40440,2024-12-29,Low Usage,Asana,46
14657,41998,2024-02-17,Missing Features,Slack,88
14658,25821,2022-06-15,Low Usage,ClickUp,14
14659,18026,2023-11-25,Switched Competitor,ClickUp,35
14660,12412,2022-11-22,High Pricing,ClickUp,11
14661,34960,2025-01-21,Switched Competitor,Slack,37
14662,47622,2023-06-24,Technical Issues,Asana,43
14663,30904,2022-02-17,High Pricing,ClickUp,102
14664,43476,2023-08-25,Switched Competitor,Asana,45
14665,33655,2024-05-04,Missing Features,Monday.com,55
14666,15152,2024-10-13,Switched Competitor,Monday.com,88
14667,5904,2024-12-21,High Pricing,Slack,101
14668,19784,2022-12-09,Switched Competitor,Notion,79
14669,20798,2023-04-28,Missing Features,Slack,62
14670,12552,2022-07-26,Poor Experience,ClickUp,32
14671,12356,2022-07-18,Technical Issues,Notion,21
14672,21503,2023-05-01,High Pricing,Monday.com,16
14673,27588,2022-09-06,Technical Issues,Asana,90
14674,43053,2023-08-09,Missing Features,ClickUp,2
14675,12839,2023-11-15,Missing Features,ClickUp,87
14676,12036,2022-05-12,Switched Competitor,Asana,100
14677,42381,2023-11-06,Low Usage,Asana,24
14678,22971,2023-09-11,Missing Features,ClickUp,95
14679,5992,2024-06-13,Missing Features,Monday.com,98
14680,45002,2024-09-08,Missing Features,Slack,72
14681,44491,2023-06-03,Poor Experience,ClickUp,49
14682,35840,2024-02-10,Low Usage,Asana,100
14683,35970,2023-12-21,Poor Experience,Monday.com,32
14684,32755,2023-03-30,Technical Issues,ClickUp,11
14685,34445,2025-01-23,Poor Experience,Notion,63
14686,10694,2023-09-15,Low Usage,Notion,28
14687,6962,2022-12-12,Low Usage,ClickUp,118
14688,10430,2022-07-29,Low Usage,Slack,29
14689,7593,2023-02-01,Technical Issues,Asana,106
14690,39500,2022-09-19,High Pricing,Slack,79
14691,1978,2022-07-02,Missing Features,Monday.com,93
14692,3997,2025-02-09,High Pricing,Asana,65
14693,44532,2022-07-20,Switched Competitor,Slack,24
14694,29933,2022-07-30,Switched Competitor,ClickUp,87
14695,49892,2024-01-28,Technical Issues,Monday.com,53
14696,26517,2023-06-08,Switched Competitor,Asana,39
14697,44877,2024-02-25,Technical Issues,Notion,53
14698,5863,2024-05-03,Poor Experience,Slack,62
14699,7982,2024-07-23,Missing Features,Notion,92
14700,10283,2023-08-04,Switched Competitor,Slack,70
14701,4564,2022-03-21,Low Usage,Monday.com,1
14702,26567,2024-03-11,Switched Competitor,ClickUp,62
14703,44444,2023-12-14,Switched Competitor,Notion,94
14704,33290,2025-03-16,High Pricing,Slack,120
14705,12950,2024-05-23,High Pricing,Notion,112
14706,33391,2022-09-21,Missing Features,Slack,20
14707,34284,2025-01-19,Missing Features,Notion,44
14708,47612,2023-04-17,High Pricing,ClickUp,76
14709,30643,2023-05-16,High Pricing,Monday.com,83
14710,32934,2022-01-13,High Pricing,Slack,74
14711,6637,2022-05-22,Switched Competitor,Monday.com,90
14712,17752,2023-02-14,Low Usage,ClickUp,50
14713,32490,2023-01-02,High Pricing,Monday.com,116
14714,19616,2025-01-23,Missing Features,Monday.com,34
14715,499,2024-08-04,Missing Features,Monday.com,85
14716,31238,2025-01-12,Low Usage,Notion,37
14717,37401,2024-07-19,Low Usage,Asana,54
14718,31679,2024-07-05,Switched Competitor,Notion,38
14719,32113,2025-01-15,Technical Issues,Asana,77
14720,38669,2022-11-13,Missing Features,Notion,94
14721,42623,2024-02-03,Missing Features,Asana,41
14722,19916,2024-11-02,High Pricing,Notion,106
14723,4591,2024-02-26,Low Usage,ClickUp,37
14724,43271,2024-05-27,Low Usage,Monday.com,95
14725,26890,2023-02-26,Switched Competitor,Slack,57
14726,35505,2023-04-27,Low Usage,Asana,98
14727,30694,2025-03-08,Low Usage,Slack,39
14728,914,2022-05-21,Low Usage,Notion,6
14729,767,2023-05-18,Poor Experience,Slack,51
14730,17557,2022-04-07,Poor Experience,Slack,70
14731,45012,2023-12-24,Low Usage,Asana,11
14732,13194,2024-12-11,Technical Issues,Monday.com,42
14733,34347,2023-09-03,Low Usage,Monday.com,77
14734,10721,2022-10-19,Poor Experience,Asana,35
14735,33042,2022-05-02,High Pricing,ClickUp,72
14736,21302,2024-11-03,Switched Competitor,Slack,61
14737,44473,2022-02-10,Poor Experience,Asana,25
14738,22068,2024-05-16,Missing Features,Notion,19
14739,2956,2024-10-19,Technical Issues,Notion,77
14740,43421,2024-08-10,Low Usage,Monday.com,104
14741,24332,2022-07-18,High Pricing,ClickUp,2
14742,29604,2024-10-02,Missing Features,Notion,61
14743,8946,2022-09-26,Low Usage,Slack,50
14744,35881,2022-07-19,Technical Issues,Monday.com,87
14745,23156,2022-10-05,Poor Experience,Slack,53
14746,26132,2024-01-26,Technical Issues,Monday.com,51
14747,41532,2024-02-20,Low Usage,Monday.com,91
14748,1639,2023-01-06,Missing Features,Asana,53
14749,34797,2023-11-29,High Pricing,Monday.com,58
14750,22797,2022-02-06,Technical Issues,ClickUp,112
14751,6742,2022-05-22,Poor Experience,Monday.com,97
14752,25742,2022-06-11,Poor Experience,Slack,32
14753,15225,2025-01-30,Switched Competitor,Monday.com,63
14754,307,2024-10-28,Low Usage,ClickUp,120
14755,19066,2024-05-18,Poor Experience,ClickUp,105
14756,21946,2025-04-03,Poor Experience,Monday.com,111
14757,201,2025-01-08,Low Usage,Asana,34
14758,4140,2024-12-05,Technical Issues,Slack,88
14759,25071,2025-03-15,High Pricing,Monday.com,21
14760,29321,2024-02-12,High Pricing,Asana,90
14761,1801,2024-03-03,Low Usage,Notion,43
14762,40735,2025-03-09,Low Usage,ClickUp,15
14763,397,2022-06-21,Low Usage,Monday.com,106
14764,32615,2023-09-25,Poor Experience,Asana,46
14765,2330,2023-01-13,Switched Competitor,Monday.com,85
14766,5237,2025-04-15,Switched Competitor,Slack,86
14767,867,2024-08-01,Low Usage,Asana,103
14768,31764,2022-07-11,Missing Features,Asana,4
14769,20802,2024-10-10,Missing Features,ClickUp,81
14770,1520,2024-02-13,Missing Features,Asana,53
14771,12369,2025-02-20,Technical Issues,Slack,107
14772,28634,2024-04-29,Missing Features,Slack,62
14773,44647,2022-09-13,Poor Experience,Notion,49
14774,28926,2023-01-12,Low Usage,Notion,73
14775,16348,2024-07-23,Switched Competitor,ClickUp,54
14776,4304,2023-11-07,Low Usage,ClickUp,82
14777,22895,2024-07-01,Switched Competitor,Monday.com,59
14778,15049,2023-11-23,Switched Competitor,Asana,13
14779,33446,2022-10-15,Missing Features,Notion,82
14780,42633,2023-05-03,Missing Features,Asana,99
14781,45495,2022-09-07,Technical Issues,Notion,117
14782,40137,2022-06-10,High Pricing,Notion,101
14783,25063,2024-11-02,Low Usage,Slack,28
14784,14088,2022-03-21,Switched Competitor,Monday.com,61
14785,40666,2024-08-06,High Pricing,Monday.com,37
14786,32455,2022-07-11,Switched Competitor,Asana,3
14787,32549,2024-12-14,Missing Features,Notion,115
14788,34007,2023-08-21,Poor Experience,Notion,76
14789,1348,2023-06-19,Switched Competitor,Monday.com,8
14790,3886,2023-03-06,Low Usage,Notion,76
14791,28482,2024-04-17,Switched Competitor,Asana,74
14792,17320,2023-04-17,High Pricing,Notion,40
14793,41390,2025-02-16,Technical Issues,ClickUp,71
14794,6357,2023-02-17,Switched Competitor,Slack,61
14795,2373,2024-10-30,High Pricing,Slack,118
14796,10576,2023-12-28,High Pricing,ClickUp,73
14797,4579,2024-04-02,Poor Experience,Slack,96
14798,37267,2022-10-13,Poor Experience,Asana,118
14799,35453,2024-03-07,High Pricing,Notion,39
14800,20506,2023-01-29,Missing Features,Monday.com,108
14801,35093,2023-06-23,Technical Issues,Monday.com,27
14802,28771,2022-09-10,High Pricing,ClickUp,103
14803,25393,2023-11-11,Poor Experience,Notion,119
14804,19399,2024-11-02,Switched Competitor,Monday.com,5
14805,30161,2024-09-18,Low Usage,Slack,61
14806,29318,2022-06-12,Missing Features,Asana,120
14807,24234,2023-04-27,Switched Competitor,ClickUp,63
14808,6208,2023-08-23,Technical Issues,Asana,52
14809,44750,2025-01-28,Technical Issues,Slack,46
14810,4766,2025-04-13,Technical Issues,Notion,14
14811,8582,2022-06-25,Switched Competitor,ClickUp,3
14812,22224,2023-09-29,Technical Issues,Asana,44
14813,8813,2023-07-01,Missing Features,Notion,78
14814,13079,2023-01-06,Technical Issues,Monday.com,56
14815,10744,2022-05-27,High Pricing,Asana,64
14816,42082,2024-07-06,Technical Issues,Slack,39
14817,8898,2024-12-24,Technical Issues,Slack,96
14818,33065,2022-06-06,High Pricing,Slack,78
14819,47258,2024-07-21,Low Usage,Notion,55
14820,146,2023-04-29,High Pricing,Asana,24
14821,12555,2022-12-15,Poor Experience,Asana,19
14822,49356,2023-06-04,Missing Features,Monday.com,120
14823,28149,2022-02-14,Technical Issues,Monday.com,47
14824,27103,2024-07-02,Low Usage,Slack,55
14825,30401,2024-11-30,High Pricing,Slack,70
14826,20229,2023-11-24,Poor Experience,Notion,35
14827,2169,2024-11-04,Technical Issues,Asana,18
14828,7146,2023-05-13,Technical Issues,Monday.com,39
14829,11621,2024-12-05,Missing Features,ClickUp,2
14830,15877,2024-09-08,High Pricing,Notion,114
14831,6184,2023-11-24,Switched Competitor,Slack,66
14832,1171,2023-07-17,High Pricing,ClickUp,55
14833,29249,2023-04-24,Low Usage,Notion,11
14834,33736,2022-04-22,Switched Competitor,Monday.com,113
14835,1042,2023-12-18,Low Usage,Monday.com,8
14836,22394,2023-12-06,Low Usage,Monday.com,95
14837,35402,2023-02-13,Low Usage,Asana,77
14838,44527,2024-12-10,Switched Competitor,Notion,46
14839,45905,2023-07-22,Low Usage,Asana,68
14840,48173,2022-03-22,High Pricing,ClickUp,37
14841,8854,2024-01-24,Technical Issues,Asana,71
14842,15992,2022-05-23,Switched Competitor,Asana,45
14843,30656,2023-12-19,Poor Experience,Asana,91
14844,32817,2022-10-06,Missing Features,Monday.com,77
14845,40930,2025-02-13,Switched Competitor,Monday.com,53
14846,4839,2024-03-03,Poor Experience,Slack,43
14847,11974,2023-06-24,Technical Issues,Notion,8
14848,45373,2022-02-28,Poor Experience,ClickUp,113
14849,38875,2022-03-03,Missing Features,Asana,112
14850,2195,2024-12-22,Poor Experience,Slack,76
14851,30416,2023-05-28,Poor Experience,ClickUp,92
14852,13793,2023-09-26,High Pricing,ClickUp,62
14853,6694,2025-04-15,Switched Competitor,Slack,42
14854,7614,2025-02-16,Poor Experience,Slack,79
14855,40980,2022-06-12,Low Usage,Asana,102
14856,11566,2024-06-06,Missing Features,Slack,54
14857,26399,2024-12-03,Technical Issues,Notion,16
14858,9876,2023-03-16,High Pricing,Notion,98
14859,44210,2024-08-30,Poor Experience,Asana,67
14860,34091,2024-11-29,Technical Issues,ClickUp,98
14861,13219,2024-07-26,Missing Features,Notion,44
14862,26057,2022-12-03,Technical Issues,Asana,44
14863,18568,2023-09-11,Missing Features,ClickUp,10
14864,38156,2022-12-04,Low Usage,Notion,81
14865,1138,2025-04-05,Missing Features,Monday.com,88
14866,38937,2023-10-21,Low Usage,ClickUp,27
14867,36783,2022-07-19,High Pricing,Asana,84
14868,43210,2024-01-03,Switched Competitor,Slack,111
14869,17360,2024-10-11,Poor Experience,Notion,1
14870,8801,2025-03-22,Switched Competitor,Asana,102
14871,34463,2022-02-04,Technical Issues,Monday.com,66
14872,5395,2023-09-13,Missing Features,Notion,68
14873,854,2024-08-23,Technical Issues,Notion,109
14874,10724,2022-03-10,Poor Experience,Slack,101
14875,17581,2023-07-08,Poor Experience,Monday.com,29
14876,36910,2024-07-01,Low Usage,Notion,113
14877,41837,2022-03-09,Missing Features,Slack,76
14878,1760,2023-12-18,Low Usage,Monday.com,89
14879,10187,2023-10-12,High Pricing,Slack,93
14880,49421,2022-12-21,Missing Features,ClickUp,79
14881,36590,2022-09-07,Switched Competitor,ClickUp,97
14882,40147,2023-09-01,Technical Issues,Notion,20
14883,29092,2024-01-28,Technical Issues,Asana,114
14884,10494,2023-12-30,Poor Experience,ClickUp,1
14885,20803,2023-05-28,Technical Issues,Asana,81
14886,47450,2023-02-02,Missing Features,Asana,56
14887,29903,2023-09-07,Switched Competitor,Notion,17
14888,27738,2023-08-16,Poor Experience,ClickUp,58
14889,5818,2024-12-21,Switched Competitor,Monday.com,116
14890,45959,2022-04-03,Poor Experience,Asana,2
14891,26721,2022-09-05,Low Usage,Asana,32
14892,22070,2023-03-25,Poor Experience,ClickUp,40
14893,13787,2024-06-21,Poor Experience,Asana,55
14894,39836,2024-09-03,High Pricing,Asana,22
14895,3552,2023-03-30,Technical Issues,Slack,111
14896,49621,2022-01-27,Missing Features,Monday.com,7
14897,29437,2022-10-08,Technical Issues,Slack,66
14898,34892,2024-09-01,High Pricing,Asana,68
14899,5194,2023-03-05,Switched Competitor,Monday.com,89
14900,1408,2023-07-25,Switched Competitor,Slack,28
14901,25928,2024-11-07,Poor Experience,ClickUp,79
14902,5153,2024-10-31,Low Usage,Slack,30
14903,49876,2024-11-11,High Pricing,Notion,37
14904,45941,2023-11-11,Low Usage,Slack,7
14905,1211,2025-01-16,Technical Issues,Asana,96
14906,42060,2023-10-03,Missing Features,Monday.com,64
14907,43956,2023-11-25,High Pricing,ClickUp,63
14908,43286,2024-04-03,Low Usage,Notion,116
14909,3894,2023-05-09,Poor Experience,Slack,28
14910,32297,2023-05-19,Poor Experience,Monday.com,12
14911,43424,2024-04-30,Switched Competitor,Monday.com,44
14912,14579,2023-11-14,Poor Experience,Asana,66
14913,18103,2023-10-17,Missing Features,ClickUp,110
14914,27473,2024-02-27,Low Usage,Monday.com,90
14915,36638,2024-05-21,Low Usage,Notion,109
14916,33521,2022-05-13,Switched Competitor,ClickUp,10
14917,16765,2024-02-16,Switched Competitor,Asana,100
14918,25152,2023-12-10,Low Usage,Monday.com,56
14919,19864,2024-04-15,High Pricing,ClickUp,84
14920,45146,2022-07-07,Technical Issues,Monday.com,22
14921,19878,2022-12-28,Low Usage,Slack,114
14922,9936,2024-06-13,Switched Competitor,Monday.com,80
14923,25333,2022-08-01,Missing Features,ClickUp,105
14924,36195,2023-03-05,Poor Experience,Notion,2
14925,21047,2023-02-25,High Pricing,Notion,110
14926,21146,2023-02-20,Low Usage,Slack,45
14927,36049,2024-01-30,Switched Competitor,Notion,9
14928,3745,2025-02-17,Missing Features,Asana,38
14929,15287,2022-12-02,Missing Features,ClickUp,97
14930,5175,2023-01-07,High Pricing,ClickUp,76
14931,17775,2022-10-11,Missing Features,ClickUp,59
14932,46820,2023-05-16,Missing Features,Slack,30
14933,7169,2024-09-04,Switched Competitor,Asana,12
14934,36482,2022-10-15,High Pricing,Notion,92
14935,18165,2024-01-04,Low Usage,Asana,114
14936,24240,2023-04-08,Switched Competitor,ClickUp,77
14937,13807,2022-12-26,High Pricing,Slack,112
14938,15609,2024-03-05,Technical Issues,Monday.com,80
14939,12579,2022-11-26,Poor Experience,Notion,46
14940,17730,2023-08-27,Poor Experience,Monday.com,7
14941,28877,2022-05-20,Low Usage,Notion,14
14942,25101,2022-03-24,High Pricing,Monday.com,91
14943,28590,2024-12-10,Low Usage,ClickUp,106
14944,20737,2023-12-25,Technical Issues,Monday.com,107
14945,46503,2022-01-28,Switched Competitor,Monday.com,25
14946,29219,2024-06-29,Poor Experience,Slack,56
14947,15365,2024-09-24,High Pricing,ClickUp,57
14948,18618,2024-05-08,Switched Competitor,Monday.com,19
14949,46530,2025-03-14,Poor Experience,Asana,56
14950,37143,2024-05-28,Poor Experience,Notion,59
14951,9136,2022-12-28,Low Usage,Slack,27
14952,33285,2024-01-08,Switched Competitor,ClickUp,44
14953,1115,2023-10-01,Switched Competitor,Notion,109
14954,7388,2025-02-16,Missing Features,Monday.com,103
14955,22052,2023-09-07,Missing Features,Slack,104
14956,36909,2024-12-30,Missing Features,Notion,89
14957,44438,2025-03-09,Poor Experience,Monday.com,109
14958,48090,2024-08-10,Technical Issues,Slack,13
14959,48402,2024-10-09,Low Usage,Notion,82
14960,25571,2023-07-29,Missing Features,Slack,37
14961,14191,2022-04-23,Switched Competitor,Monday.com,11
14962,6267,2022-05-28,High Pricing,Monday.com,108
14963,40545,2023-11-17,Low Usage,Asana,47
14964,33981,2022-12-13,Technical Issues,Slack,58
14965,35335,2022-01-17,High Pricing,ClickUp,112
14966,6219,2023-11-19,Missing Features,Asana,58
14967,46700,2022-10-15,Technical Issues,Asana,110
14968,42592,2022-09-15,Low Usage,Asana,92
14969,7458,2024-11-20,Switched Competitor,Monday.com,61
14970,42244,2023-05-14,High Pricing,ClickUp,34
14971,32094,2022-12-26,High Pricing,Monday.com,108
14972,47366,2022-12-05,Low Usage,Slack,71
14973,11770,2025-04-14,Poor Experience,Slack,114
14974,28287,2025-01-05,High Pricing,Slack,2
14975,9239,2023-03-02,High Pricing,Notion,80
14976,42650,2025-02-03,Switched Competitor,Notion,10
14977,10604,2023-06-08,Technical Issues,Asana,81
14978,26762,2024-12-06,Switched Competitor,ClickUp,100
14979,33332,2023-08-29,Missing Features,Monday.com,2
14980,47255,2022-04-08,Poor Experience,Monday.com,13
14981,39052,2022-10-20,Low Usage,Slack,40
14982,13749,2024-04-25,Poor Experience,Slack,117
14983,46688,2024-10-03,Switched Competitor,Slack,1
14984,34120,2022-04-22,High Pricing,Notion,58
14985,8611,2024-05-01,High Pricing,Slack,72
14986,42207,2022-12-23,Missing Features,Notion,5
14987,39130,2023-02-23,Switched Competitor,Notion,35
14988,20457,2023-06-02,Low Usage,Slack,10
14989,17587,2023-07-06,Poor Experience,Asana,66
14990,38388,2024-12-20,Low Usage,Notion,16
14991,15757,2023-04-23,Technical Issues,Monday.com,58
14992,27922,2022-02-05,Poor Experience,ClickUp,88
14993,28777,2022-04-17,Switched Competitor,Notion,68
14994,11297,2022-03-10,Technical Issues,Monday.com,16
14995,33336,2023-10-14,Switched Competitor,Asana,110
14996,7296,2023-02-27,Technical Issues,ClickUp,49
14997,2924,2022-06-05,Technical Issues,Monday.com,120
14998,49843,2024-05-29,Switched Competitor,Slack,104
14999,28451,2023-09-17,Technical Issues,Slack,16
15000,31852,2023-07-07,Poor Experience,Monday.com,14
