campaign_id,customer_id,acquisition_channel,campaign_name,campaign_cost,conversion_status
1,40836,Google Ads,Face-to-face bottom-line algorithm,157.03,Not Converted
2,23204,Referral,Business-focused stable Internet solution,1824.38,Converted
3,12141,LinkedIn Ads,Reverse-engineered interactive definition,2455.58,Not Converted
4,48704,Instagram Ads,Future-proofed maximized projection,283.49,Not Converted
5,26972,YouTube Ads,Profit-focused intangible standardization,1042.62,Not Converted
6,16475,Referral,Polarized multi-tasking access,4530.04,Converted
7,37139,Google Ads,Versatile transitional model,190.77,Converted
8,18681,Google Ads,Streamlined didactic support,2050.9,Not Converted
9,4146,Organic Search,Customer-focused bottom-line solution,2275.58,Converted
10,13667,Instagram Ads,Multi-layered heuristic info-mediaries,3001.2,Converted
11,21084,YouTube Ads,Team-oriented heuristic circuit,1383.92,Converted
12,19984,Instagram Ads,Fully-configurable logistical success,2314.19,Not Converted
13,32939,Referral,Seamless uniform projection,2702.4,Converted
14,17319,Referral,Virtual grid-enabled matrices,2888.81,Converted
15,14039,Referral,Cross-platform multi-tasking policy,528.51,Converted
16,12507,YouTube Ads,Self-enabling asynchronous application,847.19,Converted
17,9136,Google Ads,Persevering value-added hub,97.87,Converted
18,4379,YouTube Ads,User-centric systemic info-mediaries,541.48,Converted
19,16582,Instagram Ads,Cloned stable ability,1777.26,Not Converted
20,31744,LinkedIn Ads,Open-source 24hour open architecture,3947.19,Converted
21,39400,YouTube Ads,Mandatory non-volatile firmware,724.71,Not Converted
22,44333,Referral,Function-based bi-directional architecture,1587.47,Converted
23,41651,YouTube Ads,Sharable methodical budgetary management,3366.07,Converted
24,33311,Instagram Ads,Assimilated multi-tasking paradigm,339.77,Not Converted
25,11604,LinkedIn Ads,Virtual upward-trending circuit,581.78,Not Converted
26,43076,Organic Search,Assimilated coherent software,4459.79,Not Converted
27,3035,Google Ads,Profound systematic core,4078.54,Not Converted
28,3664,Organic Search,Programmable tangible monitoring,1644.0,Converted
29,37476,Referral,Object-based uniform customer loyalty,2154.4,Not Converted
30,36834,YouTube Ads,Digitized composite contingency,2165.95,Converted
31,5994,Instagram Ads,Distributed bi-directional collaboration,1498.46,Not Converted
32,46322,Google Ads,Cross-group even-keeled knowledgebase,2501.52,Converted
33,46875,Organic Search,Intuitive global success,129.12,Not Converted
34,35889,LinkedIn Ads,Ameliorated composite implementation,225.23,Converted
35,49316,LinkedIn Ads,Decentralized explicit challenge,4810.96,Converted
36,31988,YouTube Ads,Exclusive regional support,2119.83,Converted
37,32029,LinkedIn Ads,Automated 4thgeneration definition,4197.11,Not Converted
38,4345,Referral,Down-sized non-volatile contingency,3435.89,Not Converted
39,10555,Google Ads,Ergonomic intermediate challenge,3820.6,Converted
40,18477,LinkedIn Ads,Vision-oriented asynchronous open architecture,2580.28,Converted
41,30502,Referral,Profit-focused radical Graphical User Interface,1449.85,Converted
42,18765,Google Ads,Cloned optimizing hub,4094.97,Converted
43,22726,Referral,Persevering national process improvement,3382.87,Converted
44,45373,Referral,Monitored human-resource open system,4659.9,Converted
45,25922,Google Ads,Versatile systemic toolset,2904.44,Converted
46,9276,Referral,Multi-channeled modular access,2771.78,Not Converted
47,32684,YouTube Ads,Total object-oriented policy,397.61,Converted
48,26325,Google Ads,Enterprise-wide high-level groupware,2416.81,Not Converted
49,34750,Google Ads,Synchronized static focus group,3355.46,Not Converted
50,36304,Referral,Grass-roots high-level interface,2408.46,Not Converted
51,33981,Instagram Ads,Programmable intangible projection,1977.73,Not Converted
52,42789,LinkedIn Ads,Versatile clear-thinking implementation,4055.9,Not Converted
53,4982,Referral,Optional empowering data-warehouse,3253.96,Converted
54,37239,LinkedIn Ads,Virtual non-volatile matrix,3826.73,Converted
55,9508,Organic Search,Seamless zero-defect migration,4025.84,Not Converted
56,10071,Instagram Ads,Ameliorated client-server core,1564.82,Converted
57,159,LinkedIn Ads,Reactive explicit knowledgebase,682.48,Converted
58,8633,YouTube Ads,Mandatory solution-oriented implementation,430.35,Not Converted
59,44288,LinkedIn Ads,Re-engineered disintermediate access,1632.82,Converted
60,21454,Instagram Ads,Up-sized client-driven neural-net,3745.88,Not Converted
61,1900,LinkedIn Ads,Configurable next generation infrastructure,1460.09,Not Converted
62,10546,LinkedIn Ads,Triple-buffered explicit encryption,2746.65,Converted
63,1904,Organic Search,Triple-buffered global emulation,829.07,Not Converted
64,36602,Organic Search,Quality-focused asynchronous orchestration,2241.77,Converted
65,12852,Instagram Ads,Ameliorated holistic frame,2006.18,Not Converted
66,39685,Referral,Distributed user-facing extranet,2634.09,Not Converted
67,16278,Referral,Mandatory client-server matrices,1639.67,Not Converted
68,46208,Instagram Ads,Implemented incremental firmware,2002.39,Converted
69,3204,LinkedIn Ads,Optimized empowering forecast,2559.08,Converted
70,25833,LinkedIn Ads,Switchable background complexity,263.11,Converted
71,47662,LinkedIn Ads,Mandatory clear-thinking archive,838.38,Not Converted
72,9930,LinkedIn Ads,Down-sized analyzing secured line,2649.8,Converted
73,25789,Organic Search,Synergized heuristic focus group,100.83,Converted
74,9367,Instagram Ads,Re-contextualized cohesive functionalities,1926.08,Not Converted
75,22165,YouTube Ads,User-friendly heuristic framework,1130.25,Converted
76,26034,Google Ads,Diverse mobile pricing structure,1209.62,Converted
77,24138,YouTube Ads,Managed actuating hardware,4796.21,Converted
78,20436,LinkedIn Ads,Profound fault-tolerant secured line,1243.93,Not Converted
79,38744,Organic Search,Extended explicit neural-net,1610.56,Converted
80,24262,Referral,Persevering leadingedge initiative,3685.66,Not Converted
81,46389,Instagram Ads,Persevering national groupware,3948.89,Not Converted
82,46560,YouTube Ads,Digitized systematic functionalities,3474.02,Converted
83,44942,LinkedIn Ads,Robust reciprocal portal,3633.57,Not Converted
84,47264,Referral,Self-enabling user-facing frame,4844.5,Converted
85,16240,Organic Search,Compatible well-modulated solution,1217.61,Converted
86,42435,Google Ads,Stand-alone context-sensitive neural-net,2095.5,Not Converted
87,8953,LinkedIn Ads,Mandatory 3rdgeneration leverage,4031.7,Converted
88,21618,YouTube Ads,Innovative object-oriented function,3244.24,Converted
89,19905,Google Ads,Visionary mobile challenge,4701.52,Converted
90,49106,Organic Search,Self-enabling client-server frame,3338.03,Converted
91,5514,YouTube Ads,Function-based intangible benchmark,2517.69,Converted
92,8067,Google Ads,Streamlined context-sensitive strategy,1680.05,Converted
93,5737,Organic Search,Networked attitude-oriented analyzer,2035.74,Not Converted
94,26150,Referral,Digitized tertiary emulation,2559.38,Converted
95,6123,Referral,Cross-platform hybrid complexity,946.12,Converted
96,24613,Instagram Ads,Business-focused contextually-based concept,1545.34,Converted
97,14289,Organic Search,User-friendly explicit Graphic Interface,1680.58,Converted
98,19055,Google Ads,Re-contextualized fault-tolerant open system,3954.61,Converted
99,18754,LinkedIn Ads,Reduced uniform application,2570.62,Converted
100,19676,Organic Search,Persistent dynamic superstructure,2393.31,Not Converted
101,43960,Google Ads,Open-source context-sensitive application,123.63,Converted
102,45286,Google Ads,Open-architected 3rdgeneration functionalities,1649.37,Converted
103,21898,Organic Search,Re-contextualized eco-centric open system,2315.55,Converted
104,36730,YouTube Ads,Grass-roots attitude-oriented website,4913.85,Converted
105,29520,Referral,Visionary non-volatile protocol,2903.08,Not Converted
106,37985,Organic Search,Function-based client-server core,398.42,Converted
107,23236,Instagram Ads,Quality-focused homogeneous moderator,653.85,Converted
108,33442,Instagram Ads,Versatile modular emulation,517.88,Not Converted
109,21386,LinkedIn Ads,Function-based zero administration superstructure,2808.67,Not Converted
110,15305,YouTube Ads,Focused bi-directional contingency,3904.8,Converted
111,34962,YouTube Ads,Seamless even-keeled help-desk,4258.7,Converted
112,19776,Instagram Ads,Programmable web-enabled knowledgebase,3508.95,Not Converted
113,11568,Organic Search,Phased static groupware,2985.22,Converted
114,3804,YouTube Ads,Synergistic zero tolerance frame,196.75,Not Converted
115,25993,LinkedIn Ads,Fully-configurable bottom-line algorithm,1218.49,Not Converted
116,43204,Referral,Business-focused fault-tolerant access,1456.03,Converted
117,16485,Google Ads,Enhanced interactive analyzer,2235.16,Converted
118,36392,Google Ads,Re-engineered 4thgeneration encoding,4241.11,Converted
119,23878,Referral,Devolved full-range function,594.07,Converted
120,8925,Google Ads,Multi-lateral didactic customer loyalty,3580.66,Converted
121,46048,Organic Search,Function-based methodical installation,3473.72,Not Converted
122,26970,Organic Search,Realigned dynamic workforce,3657.29,Not Converted
123,36122,Instagram Ads,Vision-oriented 4thgeneration hardware,2648.16,Not Converted
124,31348,Referral,De-engineered attitude-oriented website,2894.73,Not Converted
125,31519,Referral,Cross-platform high-level secured line,2103.0,Converted
126,46623,YouTube Ads,Seamless human-resource strategy,3208.72,Not Converted
127,20260,YouTube Ads,Proactive zero tolerance migration,743.41,Converted
128,21858,LinkedIn Ads,Up-sized exuding hardware,957.99,Converted
129,21099,Instagram Ads,Persistent 3rdgeneration contingency,675.33,Not Converted
130,3328,LinkedIn Ads,Self-enabling object-oriented intranet,4927.3,Converted
131,28527,Organic Search,Decentralized asymmetric service-desk,3921.23,Not Converted
132,14399,Organic Search,Triple-buffered asynchronous matrix,3483.23,Not Converted
133,28065,Referral,Distributed secondary archive,813.5,Converted
134,30466,Organic Search,Realigned dedicated knowledgebase,2716.91,Converted
135,39790,Referral,Optional next generation process improvement,654.13,Not Converted
136,31996,LinkedIn Ads,Team-oriented object-oriented toolset,3961.06,Converted
137,7279,YouTube Ads,Configurable explicit access,3943.38,Converted
138,15053,Referral,Fully-configurable 5thgeneration encoding,2599.86,Not Converted
139,6407,Instagram Ads,Vision-oriented hybrid hardware,590.22,Not Converted
140,26393,LinkedIn Ads,Horizontal explicit knowledgebase,2547.99,Not Converted
141,20784,LinkedIn Ads,Re-engineered multimedia model,3409.69,Not Converted
142,27086,LinkedIn Ads,Phased intermediate productivity,2475.41,Not Converted
143,45957,Organic Search,Persevering bottom-line archive,4010.84,Converted
144,1772,YouTube Ads,Multi-layered analyzing leverage,1770.9,Converted
145,4233,Organic Search,Enhanced systematic forecast,2688.06,Not Converted
146,10909,Google Ads,Fully-configurable methodical knowledgebase,3623.91,Converted
147,7209,Google Ads,Down-sized client-server product,4496.56,Not Converted
148,2020,YouTube Ads,Organized hybrid archive,4414.43,Not Converted
149,9093,LinkedIn Ads,Balanced impactful throughput,3280.3,Converted
150,31618,Google Ads,Synergized multi-tasking Graphic Interface,1634.49,Converted
151,1638,Google Ads,Face-to-face leadingedge middleware,1729.5,Not Converted
152,48205,Organic Search,Ergonomic encompassing moderator,300.23,Converted
153,23314,Organic Search,Fully-configurable needs-based software,147.99,Not Converted
154,558,LinkedIn Ads,Innovative static time-frame,3926.73,Converted
155,43730,Google Ads,Pre-emptive mobile matrices,399.26,Not Converted
156,3732,Organic Search,Ameliorated encompassing access,1425.44,Not Converted
157,23934,Referral,Down-sized full-range Local Area Network,4097.16,Not Converted
158,10040,LinkedIn Ads,Optimized bifurcated software,2036.09,Not Converted
159,15310,Google Ads,Fundamental contextually-based matrix,2500.34,Converted
160,3481,Organic Search,Cross-platform analyzing core,2904.01,Not Converted
161,36879,Referral,Total modular monitoring,4725.23,Not Converted
162,16891,YouTube Ads,Synchronized content-based parallelism,2537.07,Converted
163,28912,Referral,Secured upward-trending Internet solution,2940.59,Not Converted
164,27352,Instagram Ads,Persistent coherent collaboration,3000.56,Converted
165,22678,LinkedIn Ads,Optimized grid-enabled function,2339.66,Converted
166,8169,LinkedIn Ads,Implemented asynchronous capability,956.33,Converted
167,16694,Instagram Ads,Devolved client-server hierarchy,1417.44,Not Converted
168,38756,Instagram Ads,Expanded web-enabled process improvement,2859.66,Converted
169,220,Referral,Enhanced global approach,2937.98,Not Converted
170,16341,Google Ads,Proactive 4thgeneration support,4258.18,Converted
171,1812,YouTube Ads,Self-enabling secondary Local Area Network,3552.13,Converted
172,2988,LinkedIn Ads,Face-to-face modular Internet solution,2088.41,Not Converted
173,14105,Referral,Total optimizing analyzer,1760.23,Converted
174,13701,Organic Search,Adaptive 24/7 knowledge user,4297.45,Not Converted
175,2034,Organic Search,Phased radical portal,3307.39,Not Converted
176,31065,Instagram Ads,Networked fresh-thinking website,442.05,Not Converted
177,28833,Google Ads,Future-proofed eco-centric neural-net,1495.7,Converted
178,8109,Instagram Ads,Synergized local alliance,2169.36,Not Converted
179,12335,Google Ads,Adaptive exuding task-force,2231.6,Not Converted
180,877,LinkedIn Ads,Object-based 24hour emulation,4716.38,Not Converted
181,42984,Referral,Triple-buffered national approach,4271.86,Converted
182,7708,Referral,Proactive multi-state methodology,4278.51,Not Converted
183,9993,Instagram Ads,Implemented didactic strategy,459.82,Not Converted
184,19448,Organic Search,Fundamental mobile capacity,982.59,Not Converted
185,40823,Organic Search,Focused cohesive analyzer,4186.44,Converted
186,48231,LinkedIn Ads,Proactive leadingedge parallelism,3587.14,Not Converted
187,39337,YouTube Ads,Managed zero tolerance superstructure,338.17,Converted
188,38801,LinkedIn Ads,Adaptive fresh-thinking hierarchy,302.78,Converted
189,12349,Referral,Open-source next generation standardization,4515.65,Not Converted
190,43821,Referral,Reactive foreground Graphic Interface,3914.91,Converted
191,39569,Referral,Configurable dedicated attitude,685.14,Not Converted
192,40649,Organic Search,Synergized actuating analyzer,3038.55,Not Converted
193,17126,YouTube Ads,Exclusive impactful projection,3675.22,Not Converted
194,25098,YouTube Ads,Expanded optimal success,1799.01,Not Converted
195,41438,Instagram Ads,Fundamental methodical leverage,316.66,Converted
196,48199,Organic Search,Operative zero-defect protocol,4086.61,Converted
197,27969,Google Ads,Proactive next generation knowledge user,1811.03,Converted
198,34216,Instagram Ads,Re-contextualized multimedia archive,633.6,Converted
199,9325,Organic Search,Synergistic human-resource superstructure,715.89,Converted
200,1140,Google Ads,Team-oriented static superstructure,1726.73,Not Converted
201,31364,LinkedIn Ads,Innovative grid-enabled hierarchy,2396.37,Converted
202,37705,Instagram Ads,Optional motivating neural-net,2566.41,Converted
203,38907,Organic Search,Assimilated asymmetric installation,1545.44,Converted
204,44080,Instagram Ads,Customizable bi-directional task-force,2673.72,Not Converted
205,24051,Organic Search,Decentralized 5thgeneration info-mediaries,863.91,Converted
206,45134,LinkedIn Ads,Streamlined intangible secured line,1934.23,Not Converted
207,1075,YouTube Ads,Open-source asymmetric access,2394.61,Converted
208,44641,YouTube Ads,Persistent zero administration process improvement,3671.1,Not Converted
209,44960,Instagram Ads,Integrated contextually-based database,3104.8,Not Converted
210,21566,Instagram Ads,Ameliorated dynamic protocol,2576.85,Converted
211,31103,Google Ads,Seamless upward-trending adapter,2447.7,Converted
212,42707,Referral,Self-enabling dynamic methodology,156.97,Converted
213,16156,Organic Search,Optional multi-tasking neural-net,2812.78,Not Converted
214,6027,Instagram Ads,Future-proofed dynamic capability,4672.12,Converted
215,44869,YouTube Ads,Secured mission-critical methodology,1952.39,Not Converted
216,13055,Google Ads,User-friendly maximized hardware,4228.56,Converted
217,49742,LinkedIn Ads,Adaptive fault-tolerant framework,4462.32,Not Converted
218,21753,Instagram Ads,Optimized global portal,1883.68,Converted
219,28326,Organic Search,Seamless grid-enabled methodology,4862.79,Converted
220,44765,Referral,Programmable even-keeled flexibility,1470.08,Not Converted
221,1015,Google Ads,Multi-layered human-resource firmware,3931.28,Converted
222,8845,Google Ads,Team-oriented tertiary architecture,4355.26,Converted
223,24166,YouTube Ads,Fully-configurable systemic initiative,4370.25,Not Converted
224,17244,YouTube Ads,Multi-tiered 4thgeneration forecast,985.88,Not Converted
225,24458,LinkedIn Ads,Monitored human-resource moderator,257.21,Converted
226,29251,Google Ads,Intuitive demand-driven frame,741.38,Not Converted
227,7971,Google Ads,Adaptive cohesive service-desk,2818.18,Converted
228,26605,YouTube Ads,Cloned grid-enabled workforce,4562.34,Converted
229,12956,LinkedIn Ads,Extended reciprocal strategy,336.39,Converted
230,14834,Organic Search,Visionary methodical moratorium,559.29,Not Converted
231,20767,Google Ads,Stand-alone tertiary artificial intelligence,540.56,Converted
232,44856,Referral,Realigned contextually-based strategy,3508.64,Not Converted
233,15436,LinkedIn Ads,Exclusive local function,4846.14,Not Converted
234,38951,Referral,Total scalable success,4571.33,Converted
235,8296,Instagram Ads,Reduced neutral encryption,4895.85,Converted
236,23033,Google Ads,Open-architected interactive projection,2024.78,Not Converted
237,25924,LinkedIn Ads,Innovative intangible parallelism,3474.31,Converted
238,47283,Instagram Ads,Reactive bifurcated hardware,4060.17,Not Converted
239,9072,Referral,Advanced interactive archive,3128.88,Converted
240,15088,YouTube Ads,Enhanced clear-thinking task-force,1832.97,Not Converted
241,7514,LinkedIn Ads,Operative bifurcated alliance,4330.11,Converted
242,33565,LinkedIn Ads,Front-line reciprocal projection,1102.52,Converted
243,42360,Google Ads,Innovative demand-driven concept,1759.05,Converted
244,11438,LinkedIn Ads,Adaptive composite portal,3341.93,Not Converted
245,7346,Google Ads,Persevering stable orchestration,2876.85,Not Converted
246,23573,LinkedIn Ads,Face-to-face executive access,2876.98,Not Converted
247,33583,LinkedIn Ads,Monitored 6thgeneration capability,992.45,Converted
248,36183,Organic Search,Self-enabling human-resource hub,2023.19,Converted
249,48587,YouTube Ads,Ameliorated incremental knowledge user,2727.7,Converted
250,9389,Referral,Persistent bottom-line structure,2977.21,Not Converted
251,11800,LinkedIn Ads,Focused tertiary database,436.68,Converted
252,44977,LinkedIn Ads,Right-sized zero administration infrastructure,3869.02,Converted
253,7200,YouTube Ads,Multi-tiered foreground strategy,107.86,Not Converted
254,10077,LinkedIn Ads,Public-key local structure,2849.01,Not Converted
255,41951,YouTube Ads,Grass-roots fault-tolerant frame,3197.0,Not Converted
256,25462,Google Ads,Multi-lateral human-resource capability,3014.02,Not Converted
257,19409,YouTube Ads,Cross-group non-volatile approach,3064.1,Converted
258,8532,LinkedIn Ads,Adaptive multi-tasking initiative,2685.15,Not Converted
259,7248,Organic Search,Synergistic logistical toolset,1355.42,Converted
260,30916,Referral,Implemented disintermediate superstructure,418.35,Converted
261,32242,Instagram Ads,Polarized content-based software,1334.21,Converted
262,2584,LinkedIn Ads,Multi-tiered non-volatile Graphical User Interface,262.14,Converted
263,30191,Referral,Phased radical task-force,2714.15,Not Converted
264,49191,Instagram Ads,Polarized regional Graphical User Interface,3227.29,Converted
265,10842,Instagram Ads,Front-line logistical customer loyalty,1612.49,Converted
266,41193,LinkedIn Ads,Operative demand-driven analyzer,608.38,Not Converted
267,24519,Google Ads,Self-enabling bifurcated encryption,2279.51,Not Converted
268,26851,Instagram Ads,Persevering context-sensitive algorithm,1905.03,Converted
269,35915,Google Ads,Virtual radical website,4294.6,Not Converted
270,33679,Instagram Ads,Streamlined needs-based productivity,2575.02,Converted
271,35691,YouTube Ads,Progressive reciprocal task-force,3319.6,Not Converted
272,33363,Referral,Cross-group 3rdgeneration moratorium,4795.97,Not Converted
273,29471,Organic Search,Stand-alone eco-centric time-frame,764.53,Not Converted
274,36365,Referral,Horizontal asynchronous groupware,753.16,Converted
275,5315,Google Ads,Synergistic zero-defect concept,790.22,Not Converted
276,2623,Referral,Customizable didactic focus group,2487.66,Converted
277,36809,Instagram Ads,Public-key bifurcated throughput,2771.29,Converted
278,259,Referral,Multi-lateral intangible frame,2759.78,Not Converted
279,37824,Referral,Grass-roots optimizing Graphic Interface,804.23,Not Converted
280,18946,Referral,Mandatory motivating model,2964.04,Not Converted
281,22752,YouTube Ads,Function-based regional focus group,884.06,Converted
282,25247,Referral,Customizable directional Internet solution,4128.91,Not Converted
283,26719,Referral,Seamless clear-thinking capacity,605.41,Not Converted
284,15655,Google Ads,De-engineered background hub,259.37,Converted
285,5716,YouTube Ads,Multi-channeled well-modulated analyzer,4321.25,Converted
286,2728,LinkedIn Ads,Sharable fault-tolerant customer loyalty,3919.57,Converted
287,26850,Instagram Ads,Fundamental mobile customer loyalty,3648.77,Converted
288,31937,Organic Search,Visionary user-facing help-desk,3865.99,Not Converted
289,10556,Google Ads,Up-sized grid-enabled instruction set,1237.98,Not Converted
290,35898,Google Ads,Quality-focused 6thgeneration product,4191.11,Converted
291,46634,YouTube Ads,Automated cohesive hierarchy,4726.22,Not Converted
292,22447,Google Ads,Right-sized encompassing data-warehouse,314.98,Converted
293,25141,YouTube Ads,Devolved static core,3880.84,Converted
294,13048,Instagram Ads,Streamlined bi-directional collaboration,4359.78,Converted
295,25768,Referral,Triple-buffered actuating secured line,4624.96,Converted
296,20170,LinkedIn Ads,Synchronized object-oriented secured line,4722.5,Not Converted
297,48271,Instagram Ads,Re-engineered eco-centric project,4066.79,Not Converted
298,32651,Instagram Ads,Enhanced local budgetary management,332.97,Not Converted
299,47960,Google Ads,Reverse-engineered dynamic hierarchy,3899.21,Not Converted
300,33898,Referral,Compatible even-keeled capability,4251.44,Converted
301,22140,Instagram Ads,Open-source bi-directional database,1433.73,Not Converted
302,5957,Instagram Ads,Face-to-face systemic strategy,3968.33,Converted
303,49356,Google Ads,Public-key system-worthy challenge,1174.04,Converted
304,21545,Organic Search,Up-sized executive Internet solution,1819.9,Not Converted
305,11688,Google Ads,Advanced contextually-based capability,3751.91,Not Converted
306,26605,Google Ads,Multi-channeled needs-based hub,4066.65,Not Converted
307,20236,YouTube Ads,Decentralized static protocol,1431.49,Not Converted
308,8606,LinkedIn Ads,Decentralized value-added definition,225.83,Converted
309,39800,LinkedIn Ads,Function-based context-sensitive leverage,2581.94,Not Converted
310,19617,YouTube Ads,Exclusive needs-based conglomeration,4142.3,Converted
311,26883,Referral,Intuitive local monitoring,1513.84,Converted
312,6031,Organic Search,Enterprise-wide stable migration,4526.58,Not Converted
313,41080,Organic Search,Balanced dynamic extranet,2709.37,Converted
314,20592,Instagram Ads,Grass-roots systemic portal,2086.84,Converted
315,41060,YouTube Ads,Ameliorated background time-frame,2823.41,Converted
316,25540,Instagram Ads,Progressive zero administration model,3289.2,Not Converted
317,47406,YouTube Ads,Object-based contextually-based success,3590.56,Converted
318,41370,LinkedIn Ads,Robust motivating leverage,3715.19,Converted
319,37142,Instagram Ads,Assimilated global neural-net,1980.03,Converted
320,45954,Instagram Ads,Synergized non-volatile artificial intelligence,4949.17,Not Converted
321,23284,Google Ads,Configurable mission-critical toolset,4135.09,Converted
322,16336,YouTube Ads,Distributed interactive orchestration,3365.57,Not Converted
323,38886,Organic Search,Cloned object-oriented functionalities,1913.66,Not Converted
324,5708,YouTube Ads,Monitored real-time core,4454.28,Not Converted
325,15394,YouTube Ads,Proactive encompassing groupware,69.37,Converted
326,45346,YouTube Ads,Compatible directional capability,485.27,Converted
327,32765,Organic Search,Progressive logistical Internet solution,165.25,Not Converted
328,19825,Referral,Multi-lateral interactive methodology,419.75,Converted
329,2497,Google Ads,Centralized 5thgeneration collaboration,4362.78,Not Converted
330,41005,Referral,Grass-roots system-worthy productivity,1411.98,Converted
331,18722,Google Ads,Self-enabling national frame,3005.86,Converted
332,3741,Instagram Ads,Secured actuating architecture,4125.38,Converted
333,15143,Google Ads,Virtual reciprocal implementation,773.01,Not Converted
334,18455,Instagram Ads,Persistent tertiary analyzer,3314.88,Converted
335,7498,Google Ads,Customer-focused grid-enabled interface,4205.02,Not Converted
336,25763,YouTube Ads,Diverse 5thgeneration flexibility,137.42,Not Converted
337,5099,Referral,Fully-configurable client-server matrix,4318.87,Converted
338,11742,YouTube Ads,Automated real-time hardware,2352.76,Not Converted
339,39209,Instagram Ads,Vision-oriented local strategy,333.98,Converted
340,43264,Organic Search,Horizontal motivating workforce,2728.09,Converted
341,45090,Organic Search,Business-focused background definition,4945.67,Converted
342,11331,Google Ads,Synergistic eco-centric archive,1853.82,Not Converted
343,4996,YouTube Ads,Multi-lateral logistical matrix,4481.57,Converted
344,39737,Instagram Ads,Balanced tangible forecast,3773.87,Converted
345,9819,YouTube Ads,Vision-oriented actuating analyzer,885.6,Converted
346,26448,Organic Search,Total 24/7 implementation,3403.88,Not Converted
347,12470,Organic Search,Public-key systematic intranet,2996.88,Converted
348,5155,YouTube Ads,Triple-buffered discrete groupware,952.95,Converted
349,34383,Referral,Automated holistic knowledge user,3424.18,Converted
350,48499,Google Ads,Robust even-keeled encoding,1109.56,Not Converted
351,49870,YouTube Ads,Cloned real-time ability,4775.4,Not Converted
352,34508,Google Ads,Universal logistical application,2970.26,Converted
353,5448,Instagram Ads,Multi-tiered attitude-oriented firmware,3753.87,Not Converted
354,40735,LinkedIn Ads,Up-sized optimizing solution,4962.49,Converted
355,7914,Organic Search,Assimilated upward-trending core,1228.32,Not Converted
356,14440,Referral,Open-source systematic neural-net,2097.31,Not Converted
357,34799,Instagram Ads,Reverse-engineered system-worthy product,3427.94,Converted
358,19686,Instagram Ads,Diverse stable hardware,2611.96,Converted
359,9505,YouTube Ads,Polarized bottom-line customer loyalty,567.51,Converted
360,9014,YouTube Ads,Streamlined static productivity,4916.78,Converted
361,18139,Organic Search,Cross-platform 5thgeneration installation,1987.57,Converted
362,22983,YouTube Ads,Multi-tiered directional product,2920.76,Not Converted
363,16920,YouTube Ads,Fully-configurable exuding system engine,3944.87,Converted
364,37404,Google Ads,Cloned explicit instruction set,4623.64,Converted
365,28914,Organic Search,Focused contextually-based ability,3285.79,Converted
366,3516,YouTube Ads,Focused reciprocal moratorium,4351.13,Not Converted
367,41671,YouTube Ads,Fundamental heuristic customer loyalty,1515.6,Converted
368,39917,LinkedIn Ads,Open-architected holistic adapter,224.79,Not Converted
369,24210,YouTube Ads,Reduced asymmetric middleware,2922.39,Not Converted
370,17764,Organic Search,Enterprise-wide optimal circuit,2339.57,Not Converted
371,2051,Organic Search,Organized static framework,626.93,Converted
372,31409,Referral,Advanced content-based application,3570.64,Converted
373,49431,YouTube Ads,Versatile coherent structure,4422.16,Not Converted
374,16032,Referral,Reduced neutral capacity,2955.23,Not Converted
375,20853,Referral,Multi-lateral motivating knowledge user,4716.24,Converted
376,24421,Organic Search,Ameliorated real-time product,3359.17,Converted
377,49671,Google Ads,Team-oriented intangible utilization,3884.04,Converted
378,41196,Referral,Cross-group 24hour instruction set,51.78,Not Converted
379,3876,YouTube Ads,Cloned global capability,1196.35,Converted
380,44068,LinkedIn Ads,Persistent bandwidth-monitored frame,3620.45,Converted
381,28478,LinkedIn Ads,Sharable intermediate circuit,55.9,Not Converted
382,33632,Organic Search,Down-sized national definition,3416.19,Converted
383,31146,Google Ads,Reverse-engineered cohesive protocol,4792.38,Not Converted
384,34315,Organic Search,Multi-tiered interactive info-mediaries,916.54,Converted
385,14656,YouTube Ads,Enhanced dedicated initiative,2502.5,Not Converted
386,2165,Google Ads,Future-proofed exuding projection,3452.15,Converted
387,42163,Instagram Ads,Reverse-engineered attitude-oriented alliance,3022.91,Converted
388,45501,Google Ads,Right-sized clear-thinking throughput,4205.56,Converted
389,1828,Instagram Ads,Integrated multi-tasking contingency,124.53,Converted
390,20882,Organic Search,Ameliorated needs-based archive,4912.38,Not Converted
391,14824,Instagram Ads,Self-enabling human-resource conglomeration,1272.45,Converted
392,23415,Google Ads,Ergonomic zero administration frame,2453.22,Not Converted
393,34197,LinkedIn Ads,Synergized uniform algorithm,652.12,Converted
394,8537,Instagram Ads,Polarized modular hardware,3839.54,Not Converted
395,6797,YouTube Ads,Universal systemic budgetary management,3355.91,Converted
396,28475,Organic Search,Customer-focused directional database,3329.87,Not Converted
397,34394,LinkedIn Ads,Realigned demand-driven methodology,4936.77,Not Converted
398,39004,YouTube Ads,Expanded systematic support,3329.41,Not Converted
399,23162,Instagram Ads,Centralized even-keeled secured line,1420.52,Converted
400,11585,LinkedIn Ads,Organized homogeneous website,4513.08,Converted
401,12144,Referral,Realigned solution-oriented knowledge user,1529.25,Not Converted
402,42134,Instagram Ads,Self-enabling stable Internet solution,2486.95,Not Converted
403,30570,Referral,Fully-configurable intermediate monitoring,3749.98,Converted
404,1705,LinkedIn Ads,Polarized homogeneous framework,891.18,Converted
405,25976,Organic Search,Public-key empowering functionalities,3254.01,Converted
406,6886,Organic Search,Fully-configurable global support,1148.35,Not Converted
407,42675,Google Ads,Enhanced leadingedge protocol,4443.49,Not Converted
408,16587,LinkedIn Ads,Ameliorated actuating approach,98.99,Converted
409,4605,LinkedIn Ads,Open-architected bifurcated matrices,2977.4,Not Converted
410,792,Organic Search,Digitized fresh-thinking instruction set,890.12,Not Converted
411,41431,Google Ads,Configurable dedicated conglomeration,891.59,Converted
412,18920,Referral,Up-sized exuding hub,448.43,Not Converted
413,25299,Organic Search,Decentralized stable attitude,792.17,Not Converted
414,16009,Google Ads,Reactive user-facing ability,4468.6,Not Converted
415,18187,YouTube Ads,Upgradable eco-centric function,899.24,Converted
416,47235,Referral,Exclusive fresh-thinking conglomeration,2632.86,Not Converted
417,44374,YouTube Ads,Seamless motivating workforce,1017.08,Not Converted
418,23403,Referral,Horizontal disintermediate productivity,4471.86,Converted
419,40406,Instagram Ads,Future-proofed web-enabled adapter,4905.07,Converted
420,37078,Instagram Ads,Focused context-sensitive Graphical User Interface,4631.97,Not Converted
421,15393,Google Ads,Networked needs-based application,2163.95,Converted
422,4979,Instagram Ads,Persevering bifurcated solution,730.21,Converted
423,29400,Referral,Future-proofed contextually-based service-desk,3587.35,Converted
424,24188,YouTube Ads,Total client-server infrastructure,2999.06,Converted
425,7863,Instagram Ads,Front-line high-level extranet,3356.75,Converted
426,44362,YouTube Ads,Self-enabling local knowledgebase,1176.67,Not Converted
427,6198,Instagram Ads,Expanded demand-driven extranet,4428.14,Converted
428,45514,YouTube Ads,Implemented contextually-based project,976.71,Not Converted
429,42277,YouTube Ads,Extended context-sensitive structure,2012.83,Converted
430,43408,YouTube Ads,Up-sized even-keeled knowledge user,3705.47,Converted
431,1125,YouTube Ads,Reduced value-added Internet solution,2645.87,Converted
432,2588,Referral,Enhanced interactive task-force,2468.28,Not Converted
433,49016,Instagram Ads,Up-sized human-resource system engine,3680.48,Not Converted
434,24788,Instagram Ads,Progressive composite knowledgebase,1629.64,Converted
435,48641,YouTube Ads,Implemented reciprocal projection,3826.76,Not Converted
436,10393,Referral,Secured intangible success,3914.07,Not Converted
437,10995,Instagram Ads,Self-enabling tertiary time-frame,3863.17,Not Converted
438,47791,Referral,Cross-group value-added Local Area Network,818.58,Converted
439,32183,YouTube Ads,Up-sized zero tolerance paradigm,4392.6,Not Converted
440,13684,Organic Search,Pre-emptive scalable project,147.57,Not Converted
441,36106,Instagram Ads,Reactive homogeneous matrices,2553.52,Converted
442,8236,Google Ads,Synchronized upward-trending initiative,1592.71,Converted
443,33089,Instagram Ads,Intuitive encompassing knowledgebase,965.27,Not Converted
444,5934,Google Ads,Organic heuristic software,769.47,Converted
445,8671,Google Ads,User-centric tangible project,430.03,Converted
446,22224,LinkedIn Ads,Exclusive static interface,485.48,Converted
447,23162,Instagram Ads,Organized real-time database,497.62,Converted
448,4940,Instagram Ads,Open-architected value-added paradigm,1316.01,Converted
449,32489,YouTube Ads,Cross-group radical focus group,4611.47,Not Converted
450,29696,Google Ads,Universal optimal installation,2531.68,Not Converted
451,18240,YouTube Ads,Persevering 24/7 initiative,2147.69,Not Converted
452,21150,Organic Search,Universal encompassing moderator,1353.36,Converted
453,43235,Organic Search,Multi-tiered 6thgeneration portal,4825.61,Converted
454,17545,Referral,Function-based bottom-line contingency,3400.31,Not Converted
455,27687,LinkedIn Ads,Programmable mission-critical groupware,1835.08,Converted
456,12475,Instagram Ads,Extended 4thgeneration pricing structure,3418.46,Not Converted
457,24022,Referral,Open-source context-sensitive portal,1031.37,Not Converted
458,19210,Google Ads,Fundamental 6thgeneration workforce,305.77,Converted
459,17160,Organic Search,Implemented discrete encoding,3469.95,Not Converted
460,16662,Organic Search,Programmable directional function,1926.04,Not Converted
461,14487,Referral,Right-sized uniform concept,1704.0,Not Converted
462,42018,Referral,Re-engineered upward-trending support,1986.97,Converted
463,1947,Google Ads,Virtual next generation complexity,4197.9,Not Converted
464,28221,YouTube Ads,Managed attitude-oriented encoding,3236.72,Converted
465,26204,Instagram Ads,Organized incremental orchestration,2216.33,Not Converted
466,19097,Organic Search,Self-enabling encompassing synergy,774.37,Converted
467,46854,YouTube Ads,De-engineered fault-tolerant time-frame,4094.34,Converted
468,48836,YouTube Ads,Multi-layered incremental function,280.36,Not Converted
469,32415,LinkedIn Ads,Stand-alone mobile website,2866.87,Not Converted
470,49785,LinkedIn Ads,Multi-tiered holistic instruction set,715.44,Converted
471,38854,Google Ads,Self-enabling attitude-oriented artificial intelligence,2464.74,Converted
472,38377,Instagram Ads,User-centric mission-critical customer loyalty,2431.47,Not Converted
473,46637,Referral,Inverse heuristic pricing structure,2934.68,Converted
474,2629,Google Ads,Multi-channeled background task-force,3017.46,Converted
475,43808,Google Ads,Multi-lateral real-time throughput,3906.69,Converted
476,41194,Organic Search,Polarized exuding moratorium,1227.28,Not Converted
477,29578,Instagram Ads,Up-sized value-added leverage,3862.4,Converted
478,1289,Instagram Ads,Enhanced demand-driven circuit,4752.58,Not Converted
479,42871,LinkedIn Ads,Mandatory intangible migration,2573.95,Not Converted
480,3078,Organic Search,Down-sized eco-centric open architecture,1079.66,Converted
481,30414,Google Ads,Persevering methodical encryption,3495.35,Not Converted
482,28377,LinkedIn Ads,Persevering empowering synergy,809.84,Converted
483,49138,LinkedIn Ads,Devolved value-added parallelism,717.06,Not Converted
484,30606,Google Ads,Monitored 5thgeneration synergy,1003.46,Converted
485,47930,Organic Search,Advanced executive analyzer,3480.27,Not Converted
486,12935,Instagram Ads,Implemented transitional collaboration,4660.35,Converted
487,13757,Organic Search,User-centric tangible hardware,1921.46,Converted
488,12610,LinkedIn Ads,Public-key dynamic structure,852.73,Converted
489,27015,Referral,Multi-channeled coherent projection,107.46,Converted
490,14681,Instagram Ads,Vision-oriented user-facing solution,1882.84,Not Converted
491,46502,Instagram Ads,Function-based hybrid framework,3042.77,Not Converted
492,39016,Google Ads,Balanced object-oriented process improvement,4951.57,Not Converted
493,17507,Organic Search,Programmable interactive algorithm,2999.82,Converted
494,9426,Organic Search,Seamless disintermediate protocol,3430.97,Converted
495,33164,Referral,Robust zero tolerance framework,1642.38,Converted
496,14415,YouTube Ads,Programmable full-range flexibility,2634.53,Not Converted
497,38192,Organic Search,Reduced user-facing open system,4696.2,Converted
498,28784,Instagram Ads,Secured disintermediate matrix,4806.08,Converted
499,45036,Organic Search,Virtual upward-trending focus group,2662.49,Not Converted
500,48074,Organic Search,Intuitive neutral productivity,1723.7,Not Converted
501,27903,Organic Search,Reverse-engineered 3rdgeneration middleware,3807.02,Converted
502,15597,Instagram Ads,Adaptive logistical core,2059.74,Converted
503,27130,Google Ads,Re-contextualized leadingedge software,3430.31,Converted
504,19905,Google Ads,Ergonomic fault-tolerant hub,1596.58,Not Converted
505,36895,YouTube Ads,Progressive secondary flexibility,747.76,Not Converted
506,27442,Organic Search,Reduced dynamic access,754.61,Converted
507,18822,Organic Search,Vision-oriented fault-tolerant solution,3136.48,Converted
508,24084,Instagram Ads,Team-oriented fresh-thinking instruction set,473.95,Not Converted
509,676,Google Ads,Face-to-face static artificial intelligence,4776.19,Converted
510,29300,Organic Search,Virtual responsive archive,3682.63,Converted
511,25645,YouTube Ads,Reverse-engineered transitional product,2141.58,Not Converted
512,8431,Organic Search,Distributed well-modulated complexity,1008.11,Not Converted
513,27082,LinkedIn Ads,Persistent maximized task-force,1055.23,Converted
514,35005,Referral,Profound foreground implementation,2958.84,Not Converted
515,17833,Referral,Exclusive impactful projection,3996.26,Not Converted
516,43710,Google Ads,Ameliorated full-range orchestration,3207.56,Not Converted
517,12426,Google Ads,Optional human-resource architecture,2976.29,Not Converted
518,24279,Google Ads,Face-to-face local monitoring,1952.95,Converted
519,12731,Instagram Ads,Upgradable foreground hardware,1773.48,Not Converted
520,49428,Google Ads,Triple-buffered transitional throughput,379.26,Converted
521,45871,Organic Search,Streamlined 4thgeneration flexibility,3408.3,Not Converted
522,27827,YouTube Ads,Adaptive intangible encoding,2576.23,Not Converted
523,30797,Instagram Ads,Self-enabling content-based project,2232.33,Not Converted
524,14385,Organic Search,Decentralized dedicated conglomeration,1724.19,Not Converted
525,14324,Google Ads,Extended encompassing ability,1597.64,Not Converted
526,38078,Referral,Total methodical forecast,1721.59,Not Converted
527,8207,LinkedIn Ads,Multi-tiered intangible policy,260.59,Converted
528,36501,Instagram Ads,Focused object-oriented matrix,3070.33,Converted
529,18817,YouTube Ads,Optimized intangible knowledge user,4230.61,Not Converted
530,7510,Referral,Cross-platform user-facing ability,566.02,Converted
531,45568,Referral,Profound uniform archive,2195.92,Converted
532,27773,Google Ads,Polarized background orchestration,1993.18,Not Converted
533,25285,Google Ads,Function-based national budgetary management,71.62,Converted
534,2169,LinkedIn Ads,Persevering executive hub,1705.17,Converted
535,45079,Organic Search,Configurable stable time-frame,4663.53,Not Converted
536,3179,LinkedIn Ads,Realigned fault-tolerant solution,4572.06,Converted
537,30351,Google Ads,Optional motivating neural-net,4769.21,Not Converted
538,42656,Google Ads,Visionary high-level parallelism,2619.87,Not Converted
539,18205,Organic Search,Customizable next generation moderator,4483.15,Converted
540,41067,Instagram Ads,Optional uniform data-warehouse,1132.69,Not Converted
541,34272,YouTube Ads,Integrated leadingedge portal,2239.85,Converted
542,42812,LinkedIn Ads,Business-focused next generation orchestration,2651.1,Not Converted
543,7396,Organic Search,Optimized client-server project,3494.2,Not Converted
544,27443,Referral,Polarized contextually-based pricing structure,3981.01,Not Converted
545,7162,Organic Search,Multi-tiered holistic instruction set,1992.39,Converted
546,20426,Referral,Customer-focused optimizing moderator,3988.79,Not Converted
547,12893,Instagram Ads,Ameliorated asymmetric portal,2710.69,Not Converted
548,39317,Google Ads,Digitized bifurcated contingency,4953.0,Converted
549,32403,Instagram Ads,Team-oriented methodical implementation,204.02,Converted
550,35622,Google Ads,Devolved 6thgeneration product,1527.63,Converted
551,37296,Instagram Ads,Synergized mission-critical challenge,2943.14,Not Converted
552,46792,Organic Search,Seamless directional instruction set,4331.23,Not Converted
553,6466,LinkedIn Ads,Ameliorated multimedia concept,3857.81,Not Converted
554,2476,Google Ads,Centralized holistic solution,701.1,Converted
555,34796,Google Ads,Exclusive background standardization,3979.78,Converted
556,44433,Google Ads,Horizontal leadingedge contingency,581.62,Converted
557,45796,YouTube Ads,Exclusive neutral strategy,3557.58,Not Converted
558,31662,LinkedIn Ads,Customer-focused intangible flexibility,852.3,Converted
559,36105,LinkedIn Ads,Diverse hybrid pricing structure,947.57,Not Converted
560,36964,YouTube Ads,Visionary modular synergy,3055.39,Not Converted
561,29927,Google Ads,Centralized 24/7 function,4937.49,Not Converted
562,11737,LinkedIn Ads,Open-architected 4thgeneration conglomeration,3856.97,Not Converted
563,6770,Instagram Ads,Implemented modular access,2094.8,Converted
564,46167,Instagram Ads,Synchronized solution-oriented concept,2044.27,Converted
565,5340,YouTube Ads,User-centric 4thgeneration throughput,177.99,Not Converted
566,20909,YouTube Ads,Profit-focused mission-critical policy,3831.12,Not Converted
567,12129,Google Ads,Managed reciprocal groupware,93.93,Converted
568,7630,Organic Search,Persistent impactful superstructure,1768.7,Not Converted
569,48268,Referral,Sharable transitional software,1080.63,Not Converted
570,43113,Organic Search,Down-sized bandwidth-monitored functionalities,4667.61,Not Converted
571,16460,LinkedIn Ads,Exclusive needs-based application,684.63,Not Converted
572,36177,YouTube Ads,Optional global application,112.4,Converted
573,41195,Google Ads,Progressive grid-enabled matrix,711.77,Converted
574,41790,Google Ads,Expanded 3rdgeneration secured line,823.54,Not Converted
575,40107,YouTube Ads,Secured uniform alliance,2341.31,Not Converted
576,28392,Referral,Triple-buffered value-added interface,2783.34,Converted
577,32967,YouTube Ads,Decentralized 5thgeneration algorithm,4949.06,Converted
578,8820,Organic Search,Optional regional superstructure,2605.1,Not Converted
579,39821,Instagram Ads,Fully-configurable solution-oriented frame,1575.76,Converted
580,8737,YouTube Ads,Upgradable demand-driven algorithm,1013.75,Converted
581,39983,Google Ads,Implemented background budgetary management,2354.9,Not Converted
582,131,Instagram Ads,Cross-group interactive projection,426.84,Not Converted
583,15336,LinkedIn Ads,Open-source radical function,803.55,Not Converted
584,33649,Organic Search,Business-focused zero-defect neural-net,1410.27,Not Converted
585,15623,Organic Search,Inverse background contingency,3310.49,Converted
586,6783,Organic Search,Networked empowering migration,1034.95,Converted
587,40262,YouTube Ads,Enterprise-wide system-worthy paradigm,4545.09,Not Converted
588,17012,YouTube Ads,Object-based hybrid interface,3349.06,Converted
589,29897,Instagram Ads,Face-to-face 24hour instruction set,4173.6,Not Converted
590,20587,Google Ads,Fully-configurable secondary initiative,3762.31,Converted
591,32855,Google Ads,Business-focused cohesive migration,3069.81,Converted
592,34988,Instagram Ads,Multi-channeled cohesive synergy,2210.44,Not Converted
593,18904,Google Ads,Multi-tiered 6thgeneration frame,2596.48,Not Converted
594,5023,Referral,Switchable systemic focus group,694.86,Not Converted
595,41451,Google Ads,Configurable value-added complexity,996.18,Converted
596,41003,LinkedIn Ads,Up-sized disintermediate capability,1071.65,Not Converted
597,10373,Organic Search,Re-contextualized client-server methodology,2193.69,Not Converted
598,34624,Referral,Profound contextually-based paradigm,4467.07,Not Converted
599,6422,Instagram Ads,Centralized fresh-thinking benchmark,4532.03,Not Converted
600,14708,Google Ads,Horizontal actuating budgetary management,4542.47,Converted
601,45367,Google Ads,Stand-alone needs-based portal,202.58,Converted
602,5525,Organic Search,Synergistic local system engine,1386.31,Not Converted
603,4316,LinkedIn Ads,Team-oriented dedicated data-warehouse,2403.79,Not Converted
604,11927,Referral,Multi-tiered 4thgeneration implementation,2307.63,Not Converted
605,21298,LinkedIn Ads,Devolved uniform archive,1738.76,Not Converted
606,30370,YouTube Ads,Open-architected didactic artificial intelligence,4316.26,Not Converted
607,38078,LinkedIn Ads,Cross-group multi-state capacity,3127.45,Not Converted
608,35337,YouTube Ads,Ergonomic context-sensitive artificial intelligence,1568.5,Not Converted
609,27848,Referral,Seamless well-modulated ability,4846.44,Not Converted
610,1138,Instagram Ads,Centralized local flexibility,4585.95,Converted
611,23544,Instagram Ads,Inverse coherent instruction set,1111.2,Converted
612,20487,Organic Search,Devolved directional encoding,4871.17,Converted
613,38311,Instagram Ads,Reactive tertiary challenge,3048.17,Converted
614,18921,YouTube Ads,Diverse 24/7 productivity,3575.85,Not Converted
615,16772,Referral,Triple-buffered bandwidth-monitored algorithm,317.05,Not Converted
616,14395,Instagram Ads,Innovative radical system engine,2838.0,Converted
617,31679,LinkedIn Ads,Face-to-face transitional protocol,1925.93,Converted
618,35236,LinkedIn Ads,Public-key zero-defect matrices,3174.38,Converted
619,35819,LinkedIn Ads,Re-engineered mission-critical projection,1351.86,Not Converted
620,47643,Instagram Ads,Grass-roots heuristic policy,4332.86,Not Converted
621,37657,Instagram Ads,User-friendly disintermediate framework,3917.26,Not Converted
622,12579,Referral,Extended didactic circuit,230.75,Converted
623,44317,Google Ads,Pre-emptive encompassing strategy,3021.16,Not Converted
624,30691,Referral,Enterprise-wide encompassing middleware,939.3,Converted
625,22188,Google Ads,Open-source 5thgeneration function,3957.11,Not Converted
626,4761,LinkedIn Ads,Fully-configurable object-oriented Local Area Network,1187.61,Converted
627,30860,Google Ads,Enterprise-wide analyzing website,901.48,Not Converted
628,1886,Referral,Vision-oriented clear-thinking firmware,4841.79,Converted
629,22415,Google Ads,Down-sized interactive projection,887.53,Not Converted
630,39510,LinkedIn Ads,Intuitive hybrid system engine,2890.35,Not Converted
631,34114,YouTube Ads,Diverse 24hour array,64.75,Converted
632,48876,Referral,Focused 24/7 pricing structure,4538.79,Converted
633,34549,Instagram Ads,Centralized multimedia contingency,2744.68,Not Converted
634,47369,Organic Search,Monitored intangible forecast,975.18,Not Converted
635,32675,LinkedIn Ads,Virtual 24hour initiative,4216.71,Converted
636,22237,LinkedIn Ads,Multi-channeled web-enabled orchestration,427.16,Converted
637,5842,Google Ads,Profit-focused reciprocal customer loyalty,2815.45,Not Converted
638,41374,Instagram Ads,Universal attitude-oriented neural-net,1157.92,Converted
639,19897,Instagram Ads,Compatible context-sensitive archive,994.29,Not Converted
640,43676,Instagram Ads,Expanded exuding leverage,428.87,Converted
641,28338,Google Ads,Secured optimizing parallelism,4176.66,Converted
642,15056,YouTube Ads,Multi-lateral logistical portal,3596.86,Converted
643,19153,Instagram Ads,Reverse-engineered actuating flexibility,3280.86,Not Converted
644,38357,LinkedIn Ads,Horizontal contextually-based adapter,499.86,Not Converted
645,34921,LinkedIn Ads,Inverse uniform contingency,3095.97,Converted
646,43554,Referral,Decentralized regional moratorium,443.21,Converted
647,9065,YouTube Ads,Function-based 4thgeneration data-warehouse,4399.38,Converted
648,28016,Instagram Ads,Versatile contextually-based architecture,3965.33,Converted
649,37875,Organic Search,Cloned heuristic function,2385.33,Not Converted
650,48706,Instagram Ads,Extended logistical time-frame,2246.45,Not Converted
651,38861,Instagram Ads,Face-to-face multi-state definition,2473.5,Not Converted
652,33590,Organic Search,Multi-lateral tangible parallelism,485.89,Converted
653,47387,Instagram Ads,Reactive web-enabled capacity,4939.41,Not Converted
654,42732,Instagram Ads,Proactive grid-enabled productivity,4976.34,Not Converted
655,1829,Organic Search,Right-sized interactive groupware,1736.24,Converted
656,12361,Instagram Ads,Cross-platform upward-trending migration,1734.68,Not Converted
657,35151,YouTube Ads,User-centric scalable application,2133.07,Not Converted
658,17701,Organic Search,Persistent asymmetric capability,2062.54,Not Converted
659,3872,LinkedIn Ads,Reduced content-based Graphic Interface,440.97,Converted
660,39566,Organic Search,Horizontal mission-critical alliance,3863.19,Converted
661,3272,LinkedIn Ads,Visionary full-range software,1239.91,Converted
662,48149,YouTube Ads,Diverse real-time open architecture,3700.58,Not Converted
663,48935,Google Ads,Customer-focused fresh-thinking support,3751.92,Converted
664,18733,Google Ads,Realigned zero tolerance customer loyalty,4502.32,Converted
665,49208,LinkedIn Ads,Future-proofed leadingedge hub,2710.3,Not Converted
666,29034,Google Ads,Visionary composite conglomeration,2619.99,Converted
667,23767,Google Ads,Automated real-time hierarchy,3569.86,Not Converted
668,10264,LinkedIn Ads,Innovative grid-enabled challenge,3291.81,Not Converted
669,42545,YouTube Ads,Fully-configurable 5thgeneration process improvement,2815.0,Not Converted
670,8804,Referral,Phased 3rdgeneration architecture,4492.79,Converted
671,25214,LinkedIn Ads,Profound well-modulated ability,3645.44,Not Converted
672,13353,Instagram Ads,Synergistic disintermediate concept,3624.57,Converted
673,37030,Google Ads,Triple-buffered web-enabled instruction set,682.28,Not Converted
674,17085,Instagram Ads,Devolved optimizing project,3334.99,Not Converted
675,35291,Referral,Customizable zero-defect portal,1551.56,Not Converted
676,3635,Organic Search,Implemented bandwidth-monitored open architecture,1194.09,Converted
677,49625,LinkedIn Ads,Configurable full-range knowledge user,3527.73,Not Converted
678,5951,Google Ads,Fully-configurable grid-enabled attitude,2334.67,Converted
679,38259,Referral,Open-architected responsive application,3360.27,Converted
680,10186,Instagram Ads,Customer-focused content-based synergy,3643.37,Not Converted
681,47491,Google Ads,Realigned explicit algorithm,3689.45,Converted
682,47674,LinkedIn Ads,Integrated radical extranet,382.53,Converted
683,36539,Organic Search,Vision-oriented 4thgeneration process improvement,3491.23,Converted
684,14166,Referral,Synergized multi-state neural-net,2229.39,Converted
685,24699,Instagram Ads,Horizontal directional contingency,90.38,Not Converted
686,23455,LinkedIn Ads,Polarized disintermediate alliance,4419.37,Not Converted
687,44975,YouTube Ads,Function-based foreground superstructure,1128.47,Not Converted
688,44666,Referral,Enhanced background functionalities,3036.47,Converted
689,8136,LinkedIn Ads,Cross-platform responsive encoding,1582.24,Converted
690,16450,Instagram Ads,Vision-oriented directional emulation,3505.76,Converted
691,37322,Instagram Ads,Phased bi-directional conglomeration,4028.31,Not Converted
692,1214,LinkedIn Ads,Grass-roots next generation contingency,662.79,Converted
693,49321,Instagram Ads,Exclusive multimedia data-warehouse,489.1,Not Converted
694,32150,Google Ads,Enhanced system-worthy projection,4519.15,Converted
695,24550,Instagram Ads,Networked next generation function,370.22,Converted
696,1890,LinkedIn Ads,Progressive background concept,2120.16,Not Converted
697,2789,Google Ads,Robust full-range structure,2897.54,Not Converted
698,35321,LinkedIn Ads,Self-enabling eco-centric data-warehouse,4240.94,Not Converted
699,7567,Google Ads,Re-contextualized motivating capability,3528.93,Not Converted
700,1133,Organic Search,Multi-tiered object-oriented intranet,500.44,Not Converted
701,10376,Google Ads,Function-based actuating toolset,4704.0,Converted
702,39138,Referral,Fully-configurable optimal alliance,2023.93,Not Converted
703,7487,Referral,Triple-buffered value-added standardization,3437.77,Not Converted
704,33796,LinkedIn Ads,Customizable dynamic conglomeration,4688.4,Converted
705,46616,Referral,Self-enabling bi-directional capacity,3296.39,Not Converted
706,32874,Organic Search,Object-based tertiary budgetary management,3104.25,Not Converted
707,20753,YouTube Ads,Reactive local success,1651.97,Converted
708,42776,Google Ads,Seamless foreground protocol,2673.99,Converted
709,21510,YouTube Ads,Progressive directional pricing structure,1257.07,Not Converted
710,43655,Instagram Ads,Multi-layered coherent middleware,2107.53,Not Converted
711,35911,Instagram Ads,Pre-emptive high-level matrix,1222.51,Not Converted
712,39842,Organic Search,Multi-channeled full-range frame,2068.11,Not Converted
713,37680,Google Ads,Pre-emptive foreground open system,2251.06,Converted
714,44929,Instagram Ads,Configurable bi-directional frame,64.37,Not Converted
715,27021,Instagram Ads,Switchable 24/7 projection,1946.06,Converted
716,4245,Google Ads,Balanced fresh-thinking monitoring,2361.82,Not Converted
717,31877,LinkedIn Ads,Distributed national neural-net,4234.2,Converted
718,19748,Google Ads,Intuitive multi-state core,937.08,Converted
719,48135,Referral,Universal web-enabled infrastructure,1833.46,Not Converted
720,18542,Organic Search,Open-architected needs-based access,228.63,Converted
721,23932,Instagram Ads,Robust hybrid moratorium,4377.37,Not Converted
722,24751,YouTube Ads,Optimized dynamic functionalities,4540.42,Converted
723,28092,Organic Search,Self-enabling interactive software,1089.4,Converted
724,3976,Instagram Ads,Innovative zero tolerance hub,3946.41,Converted
725,28780,LinkedIn Ads,Mandatory bottom-line help-desk,3553.32,Converted
726,26112,Google Ads,Proactive didactic paradigm,4384.12,Not Converted
727,44538,Organic Search,Vision-oriented zero administration Internet solution,293.83,Not Converted
728,6535,Referral,Focused transitional matrices,3264.11,Not Converted
729,42349,Referral,Synchronized neutral focus group,201.14,Converted
730,47368,Instagram Ads,User-friendly systematic service-desk,2464.09,Converted
731,18529,Google Ads,Inverse demand-driven contingency,4019.08,Not Converted
732,21717,Organic Search,Team-oriented local knowledgebase,2538.45,Not Converted
733,3730,YouTube Ads,Realigned solution-oriented installation,2866.91,Converted
734,26520,YouTube Ads,Open-source didactic adapter,4157.27,Not Converted
735,33223,LinkedIn Ads,Switchable transitional productivity,1210.52,Converted
736,14790,Instagram Ads,Versatile motivating flexibility,3320.17,Converted
737,40087,YouTube Ads,Cloned optimal customer loyalty,683.68,Not Converted
738,23290,Google Ads,Progressive directional Local Area Network,2338.56,Not Converted
739,20580,LinkedIn Ads,Up-sized systemic pricing structure,980.85,Converted
740,26926,YouTube Ads,Devolved executive emulation,698.7,Not Converted
741,2761,Google Ads,Upgradable multi-state infrastructure,1639.16,Not Converted
742,29138,YouTube Ads,Devolved attitude-oriented encoding,2348.71,Not Converted
743,37661,YouTube Ads,Customizable 5thgeneration customer loyalty,3899.44,Converted
744,41923,Referral,Organic real-time customer loyalty,145.99,Not Converted
745,43612,Referral,Visionary client-server project,3132.08,Converted
746,48550,Google Ads,Triple-buffered zero tolerance hardware,2451.79,Not Converted
747,38616,Google Ads,Progressive bandwidth-monitored methodology,2529.92,Converted
748,35389,LinkedIn Ads,User-centric explicit capacity,2891.57,Converted
749,16266,YouTube Ads,Synergistic heuristic conglomeration,1519.24,Converted
750,27356,Instagram Ads,Public-key modular standardization,2276.27,Not Converted
751,26701,Instagram Ads,Open-architected encompassing budgetary management,4836.03,Converted
752,31153,Instagram Ads,Virtual local time-frame,3284.14,Converted
753,6882,Organic Search,Cross-group exuding structure,3902.88,Converted
754,14956,YouTube Ads,Vision-oriented radical software,1194.15,Not Converted
755,46371,Referral,Re-engineered next generation service-desk,221.85,Not Converted
756,42104,Organic Search,Proactive cohesive product,2162.04,Converted
757,20645,Referral,Profit-focused fault-tolerant benchmark,4806.44,Converted
758,12964,Organic Search,Integrated global standardization,2043.39,Converted
759,45979,Google Ads,Enhanced client-server productivity,1898.75,Converted
760,9674,YouTube Ads,Innovative cohesive throughput,4812.66,Not Converted
761,21015,Google Ads,Digitized intangible adapter,2745.75,Not Converted
762,10247,Organic Search,Triple-buffered explicit middleware,361.23,Not Converted
763,30650,Organic Search,Horizontal transitional system engine,4488.16,Not Converted
764,36086,Organic Search,Open-architected optimizing Local Area Network,4802.76,Converted
765,12484,Referral,Centralized upward-trending support,2025.55,Converted
766,29178,Instagram Ads,Ameliorated optimal synergy,1600.58,Converted
767,47947,Google Ads,Organic attitude-oriented product,576.15,Converted
768,31188,YouTube Ads,Down-sized static middleware,3313.63,Not Converted
769,45365,Referral,Persistent user-facing initiative,2423.54,Not Converted
770,16174,Instagram Ads,Virtual empowering analyzer,4896.32,Converted
771,1537,LinkedIn Ads,Cross-group user-facing website,1981.96,Converted
772,24242,Referral,Right-sized intangible knowledgebase,3388.62,Converted
773,22588,YouTube Ads,Expanded executive superstructure,3615.31,Not Converted
774,22006,LinkedIn Ads,Ergonomic system-worthy productivity,2823.71,Not Converted
775,31140,Google Ads,Pre-emptive bandwidth-monitored complexity,3206.54,Not Converted
776,47193,YouTube Ads,Face-to-face homogeneous alliance,452.48,Not Converted
777,6358,Organic Search,Triple-buffered reciprocal database,1422.78,Not Converted
778,48395,Referral,Monitored systemic benchmark,1823.21,Converted
779,7263,Referral,Exclusive maximized help-desk,3489.68,Converted
780,40248,Organic Search,Optimized optimal strategy,3011.38,Converted
781,10048,Referral,Enhanced full-range matrix,1642.3,Converted
782,30069,Instagram Ads,Monitored intermediate access,2712.92,Converted
783,9207,Instagram Ads,Extended asymmetric portal,2628.88,Not Converted
784,35635,LinkedIn Ads,Vision-oriented grid-enabled productivity,170.94,Not Converted
785,29869,Referral,Profound well-modulated encoding,2768.14,Not Converted
786,10697,YouTube Ads,Realigned radical definition,3695.89,Not Converted
787,20656,Google Ads,Versatile human-resource utilization,4952.17,Converted
788,28246,LinkedIn Ads,Cloned dedicated secured line,2833.76,Converted
789,11259,YouTube Ads,Reverse-engineered holistic core,2962.41,Converted
790,12494,Organic Search,Re-contextualized interactive matrices,3063.18,Not Converted
791,38773,Organic Search,Open-source radical focus group,837.11,Not Converted
792,47899,Google Ads,Enhanced modular collaboration,3405.52,Converted
793,11106,Referral,Virtual reciprocal monitoring,3703.09,Converted
794,31735,Organic Search,Object-based real-time software,740.55,Not Converted
795,14783,LinkedIn Ads,Ameliorated 24/7 superstructure,1876.09,Converted
796,7034,YouTube Ads,Reverse-engineered coherent database,1855.96,Converted
797,2291,Instagram Ads,Ergonomic analyzing hierarchy,368.69,Converted
798,13517,Organic Search,Extended zero-defect orchestration,3065.8,Converted
799,7048,Referral,Triple-buffered background firmware,3552.54,Converted
800,26233,Instagram Ads,Organized clear-thinking framework,2031.4,Converted
801,15699,Organic Search,Quality-focused interactive structure,4617.4,Not Converted
802,6882,LinkedIn Ads,Enhanced didactic product,3813.27,Not Converted
803,12272,Referral,Streamlined didactic moratorium,3444.47,Converted
804,40738,Google Ads,Centralized tangible attitude,1655.24,Not Converted
805,15529,YouTube Ads,Grass-roots regional hardware,3050.07,Not Converted
806,5935,Google Ads,Networked dedicated customer loyalty,2634.79,Not Converted
807,11408,LinkedIn Ads,Horizontal dynamic policy,3303.31,Not Converted
808,28856,YouTube Ads,Inverse global Local Area Network,608.05,Converted
809,19279,YouTube Ads,Ameliorated global moratorium,1696.71,Converted
810,25155,LinkedIn Ads,Enhanced 6thgeneration knowledge user,1165.99,Not Converted
811,47679,Instagram Ads,Synergized impactful intranet,4155.79,Not Converted
812,19147,LinkedIn Ads,Programmable bandwidth-monitored monitoring,3161.26,Converted
813,41883,Organic Search,Devolved 6thgeneration pricing structure,3234.57,Not Converted
814,19104,Referral,Business-focused explicit standardization,3288.49,Converted
815,17191,YouTube Ads,User-centric asynchronous core,1791.12,Not Converted
816,27923,Referral,Diverse attitude-oriented groupware,3504.56,Not Converted
817,35689,YouTube Ads,Realigned local artificial intelligence,2470.95,Converted
818,14846,Organic Search,Realigned bifurcated paradigm,2155.32,Converted
819,27614,YouTube Ads,Upgradable client-driven leverage,2981.53,Not Converted
820,28198,Instagram Ads,Devolved analyzing open system,3563.41,Not Converted
821,20605,LinkedIn Ads,Synergized value-added project,3511.69,Not Converted
822,10064,YouTube Ads,Vision-oriented zero tolerance website,2011.02,Converted
823,11820,Organic Search,Self-enabling client-server approach,3194.19,Converted
824,34477,Organic Search,Optional mission-critical standardization,1698.46,Not Converted
825,37599,YouTube Ads,Sharable system-worthy attitude,1405.91,Not Converted
826,6483,Referral,Focused asynchronous architecture,4691.16,Not Converted
827,26698,LinkedIn Ads,De-engineered motivating benchmark,4955.18,Not Converted
828,45408,Google Ads,Multi-lateral neutral conglomeration,3799.47,Converted
829,2072,YouTube Ads,Cross-group contextually-based flexibility,2371.59,Converted
830,35493,Google Ads,Progressive upward-trending flexibility,4821.93,Converted
831,40793,Instagram Ads,Open-architected maximized hierarchy,2703.99,Not Converted
832,36304,Organic Search,Focused eco-centric installation,3053.47,Converted
833,21832,YouTube Ads,Vision-oriented encompassing intranet,2178.23,Not Converted
834,2400,Google Ads,Cloned coherent middleware,3470.82,Not Converted
835,31208,Google Ads,Grass-roots eco-centric capability,1525.63,Converted
836,25455,Instagram Ads,Enhanced multi-state alliance,894.9,Not Converted
837,42060,Referral,Cross-platform multimedia approach,2416.97,Not Converted
838,12908,Organic Search,Optional intangible budgetary management,433.43,Not Converted
839,16692,LinkedIn Ads,Reactive tertiary array,3429.04,Not Converted
840,18346,YouTube Ads,Sharable global forecast,3500.95,Converted
841,14734,Google Ads,Total didactic toolset,2136.58,Converted
842,21080,YouTube Ads,Stand-alone systemic database,2299.86,Converted
843,5379,YouTube Ads,Persevering demand-driven model,1243.07,Not Converted
844,39561,Referral,Open-architected logistical methodology,1580.07,Not Converted
845,28952,YouTube Ads,Open-source system-worthy time-frame,3620.78,Converted
846,8407,Organic Search,Extended stable knowledge user,3479.55,Not Converted
847,20991,Organic Search,Monitored regional pricing structure,4308.83,Not Converted
848,26691,LinkedIn Ads,Phased zero tolerance approach,4138.38,Not Converted
849,35665,Organic Search,Compatible 6thgeneration methodology,2307.62,Not Converted
850,20293,LinkedIn Ads,Integrated heuristic customer loyalty,4164.49,Not Converted
851,7073,Instagram Ads,Distributed reciprocal matrices,2875.64,Not Converted
852,22738,Organic Search,Stand-alone executive portal,3264.6,Not Converted
853,25278,Google Ads,Synchronized didactic parallelism,3519.5,Converted
854,37327,Instagram Ads,Open-architected solution-oriented budgetary management,2571.23,Converted
855,26078,LinkedIn Ads,Synergistic foreground utilization,1379.66,Not Converted
856,8990,YouTube Ads,Fully-configurable upward-trending task-force,218.95,Converted
857,9804,Google Ads,Organic didactic Graphic Interface,4271.79,Converted
858,14161,Organic Search,Re-contextualized modular knowledge user,3274.45,Not Converted
859,7336,Organic Search,Reduced encompassing utilization,3042.81,Converted
860,23826,Organic Search,Inverse asynchronous protocol,4882.56,Converted
861,840,Organic Search,Horizontal object-oriented circuit,1836.65,Not Converted
862,16794,Google Ads,Function-based tangible task-force,4804.99,Not Converted
863,555,LinkedIn Ads,Cloned responsive product,668.99,Converted
864,38941,Instagram Ads,Proactive full-range function,1263.64,Converted
865,31819,YouTube Ads,Self-enabling dynamic website,59.95,Converted
866,8045,YouTube Ads,Robust even-keeled flexibility,211.22,Not Converted
867,5989,Referral,Automated systematic frame,1864.19,Not Converted
868,38112,LinkedIn Ads,Exclusive grid-enabled neural-net,4011.85,Converted
869,6857,Referral,Fully-configurable zero tolerance service-desk,4172.07,Not Converted
870,28082,LinkedIn Ads,Open-architected directional customer loyalty,2156.71,Not Converted
871,7966,Organic Search,Fundamental didactic functionalities,2162.57,Not Converted
872,42418,Referral,Multi-layered national task-force,1380.63,Not Converted
873,13349,YouTube Ads,Self-enabling modular protocol,4654.65,Converted
874,30176,Instagram Ads,Cloned 24/7 help-desk,2906.01,Converted
875,36645,Organic Search,Automated scalable budgetary management,2413.84,Not Converted
876,14198,Organic Search,Distributed client-server array,753.23,Converted
877,33728,Organic Search,Devolved 5thgeneration approach,4429.12,Not Converted
878,39950,Referral,Multi-lateral directional structure,4869.08,Converted
879,34572,LinkedIn Ads,Up-sized optimizing hierarchy,4825.07,Not Converted
880,27525,Organic Search,Distributed system-worthy access,3309.75,Not Converted
881,12886,YouTube Ads,Horizontal neutral emulation,453.92,Converted
882,12574,Instagram Ads,Persistent dedicated architecture,2980.99,Not Converted
883,39182,Organic Search,Multi-lateral executive success,1436.38,Converted
884,27360,LinkedIn Ads,Universal bandwidth-monitored portal,1629.39,Not Converted
885,4946,Referral,Automated dynamic capability,1123.97,Not Converted
886,28743,Instagram Ads,Realigned actuating process improvement,1947.02,Converted
887,39519,LinkedIn Ads,Innovative user-facing attitude,2893.46,Not Converted
888,16589,Google Ads,Versatile bandwidth-monitored paradigm,2543.52,Not Converted
889,15819,LinkedIn Ads,Fundamental explicit infrastructure,4665.98,Not Converted
890,33712,YouTube Ads,Extended bottom-line project,2387.59,Not Converted
891,28223,Instagram Ads,User-friendly methodical synergy,4816.65,Converted
892,46863,Google Ads,Digitized 6thgeneration system engine,1500.97,Not Converted
893,5465,Organic Search,Devolved analyzing Internet solution,2493.48,Converted
894,40609,Referral,User-centric user-facing core,4967.48,Not Converted
895,37730,YouTube Ads,Expanded bi-directional workforce,3737.6,Converted
896,21299,Google Ads,Innovative bi-directional neural-net,2989.53,Converted
897,24156,Instagram Ads,User-friendly client-driven emulation,230.93,Converted
898,42453,LinkedIn Ads,Fully-configurable disintermediate concept,1029.2,Not Converted
899,11384,Organic Search,Multi-tiered empowering secured line,1011.38,Converted
900,3428,LinkedIn Ads,Universal global adapter,1049.22,Converted
901,32300,LinkedIn Ads,Virtual foreground task-force,4570.18,Not Converted
902,2767,LinkedIn Ads,Synergistic mobile info-mediaries,2358.72,Converted
903,25029,Referral,Right-sized intangible structure,2390.88,Not Converted
904,7419,Instagram Ads,Reactive dynamic capability,4336.53,Not Converted
905,46065,Organic Search,Inverse heuristic firmware,3978.23,Converted
906,12494,YouTube Ads,Automated impactful moderator,2526.35,Converted
907,27525,Organic Search,Stand-alone full-range time-frame,1287.24,Not Converted
908,46511,LinkedIn Ads,Streamlined explicit help-desk,881.15,Not Converted
909,4381,Google Ads,Phased object-oriented help-desk,2337.01,Not Converted
910,15719,LinkedIn Ads,Customizable attitude-oriented archive,1549.78,Converted
911,49818,Organic Search,Pre-emptive zero-defect structure,4631.26,Converted
912,47321,Referral,Versatile asynchronous portal,872.81,Converted
913,46996,Google Ads,Balanced asynchronous capacity,3498.47,Not Converted
914,20711,Organic Search,Universal multimedia extranet,3188.86,Not Converted
915,49753,Referral,Reactive optimizing database,3611.6,Not Converted
916,40724,Referral,Distributed client-driven concept,2246.24,Not Converted
917,28291,Organic Search,Organized global firmware,1772.68,Converted
918,27108,Organic Search,Optimized uniform neural-net,3983.8,Not Converted
919,14540,Referral,Reduced discrete forecast,766.57,Not Converted
920,32670,Google Ads,Persistent disintermediate matrices,2263.49,Not Converted
921,30175,Google Ads,Centralized tertiary throughput,4588.82,Not Converted
922,2040,Organic Search,Customizable user-facing matrices,651.34,Converted
923,38417,LinkedIn Ads,Phased systematic methodology,2259.25,Converted
924,13435,LinkedIn Ads,Progressive maximized strategy,4526.65,Converted
925,37775,LinkedIn Ads,Triple-buffered fault-tolerant productivity,3016.28,Converted
926,36292,Google Ads,Innovative system-worthy solution,853.83,Not Converted
927,10670,YouTube Ads,Organic didactic encryption,3685.36,Converted
928,36607,YouTube Ads,Mandatory transitional instruction set,2333.27,Not Converted
929,48184,Google Ads,Re-contextualized holistic forecast,2766.3,Not Converted
930,36260,Referral,Digitized empowering neural-net,831.83,Converted
931,49007,Organic Search,Front-line multimedia productivity,4559.51,Converted
932,13117,YouTube Ads,Triple-buffered system-worthy parallelism,2788.28,Converted
933,900,Organic Search,Down-sized reciprocal time-frame,1790.9,Not Converted
934,7459,LinkedIn Ads,Centralized tangible orchestration,1217.37,Converted
935,32839,Instagram Ads,Pre-emptive non-volatile Graphic Interface,2253.69,Converted
936,18827,YouTube Ads,Up-sized fault-tolerant initiative,3929.68,Not Converted
937,2799,YouTube Ads,Total secondary strategy,4057.01,Converted
938,1331,Organic Search,Configurable scalable core,2955.95,Converted
939,12754,Organic Search,Realigned 4thgeneration secured line,3835.42,Converted
940,39320,YouTube Ads,Decentralized client-server emulation,1380.07,Converted
941,32077,LinkedIn Ads,Open-source encompassing circuit,1994.69,Not Converted
942,19096,Referral,Mandatory discrete access,1661.46,Not Converted
943,34167,LinkedIn Ads,Customizable clear-thinking solution,816.37,Not Converted
944,40410,YouTube Ads,Robust optimal synergy,1557.12,Converted
945,42339,Google Ads,Grass-roots motivating help-desk,2582.68,Converted
946,23522,LinkedIn Ads,Digitized asynchronous intranet,4197.7,Not Converted
947,43908,Google Ads,Seamless upward-trending open system,2358.37,Not Converted
948,19713,YouTube Ads,Public-key hybrid concept,3846.91,Not Converted
949,25555,Referral,Customer-focused leadingedge interface,3945.34,Converted
950,5234,Referral,Robust eco-centric website,445.54,Not Converted
951,7064,LinkedIn Ads,Networked transitional intranet,341.28,Not Converted
952,41839,YouTube Ads,Compatible next generation matrices,3184.5,Converted
953,24111,Referral,Synergistic value-added array,4331.68,Converted
954,34302,LinkedIn Ads,Ergonomic attitude-oriented adapter,4906.28,Converted
955,23122,YouTube Ads,Proactive bifurcated capacity,1439.36,Not Converted
956,45552,LinkedIn Ads,Polarized solution-oriented orchestration,1471.23,Converted
957,18162,Instagram Ads,Programmable interactive focus group,4510.16,Converted
958,47628,YouTube Ads,Progressive needs-based migration,1802.83,Converted
959,39671,Referral,Integrated 6thgeneration frame,3920.21,Not Converted
960,17456,Organic Search,User-friendly bi-directional budgetary management,3621.61,Not Converted
961,28483,Referral,Synergized zero-defect open system,2723.74,Not Converted
962,16827,Organic Search,Automated optimal leverage,4943.2,Not Converted
963,36064,LinkedIn Ads,Devolved solution-oriented synergy,1951.28,Converted
964,44619,Organic Search,Pre-emptive dedicated moderator,4239.87,Converted
965,28270,Organic Search,Enhanced attitude-oriented architecture,3236.8,Converted
966,15038,Organic Search,Profound scalable initiative,1136.94,Not Converted
967,541,Organic Search,Down-sized regional data-warehouse,3903.04,Not Converted
968,24895,Referral,Focused 24hour orchestration,4455.13,Converted
969,13145,YouTube Ads,Triple-buffered contextually-based initiative,3957.49,Converted
970,37315,Google Ads,Customizable intangible capacity,1878.55,Not Converted
971,36794,Referral,Enhanced executive toolset,3133.56,Not Converted
972,12027,Referral,Reactive real-time portal,685.85,Not Converted
973,15110,LinkedIn Ads,Optional demand-driven strategy,4073.45,Converted
974,49168,Instagram Ads,Future-proofed static software,4443.54,Not Converted
975,6310,YouTube Ads,Organic composite encryption,350.79,Not Converted
976,9694,Google Ads,User-friendly holistic benchmark,478.3,Converted
977,19696,LinkedIn Ads,Triple-buffered disintermediate standardization,1365.84,Not Converted
978,45224,Referral,Grass-roots upward-trending matrix,310.43,Not Converted
979,27137,YouTube Ads,Synergized attitude-oriented methodology,1023.11,Converted
980,40823,Organic Search,Automated zero administration function,243.44,Converted
981,45503,YouTube Ads,Focused optimal migration,552.37,Not Converted
982,22276,Referral,Profit-focused bandwidth-monitored policy,3392.43,Converted
983,39575,Instagram Ads,Implemented attitude-oriented forecast,4792.78,Not Converted
984,9517,Organic Search,Public-key heuristic open system,1961.64,Not Converted
985,4640,YouTube Ads,Open-source web-enabled help-desk,1416.53,Not Converted
986,49867,Organic Search,Robust secondary pricing structure,4259.22,Converted
987,48371,Referral,Streamlined needs-based function,2352.93,Not Converted
988,44901,Instagram Ads,Robust dynamic alliance,2841.31,Converted
989,11309,YouTube Ads,Profound radical matrix,3630.42,Converted
990,48972,Instagram Ads,Switchable 4thgeneration firmware,4014.24,Converted
991,37341,LinkedIn Ads,Multi-lateral client-driven instruction set,3541.14,Converted
992,14394,YouTube Ads,Re-engineered mobile solution,1455.99,Not Converted
993,31681,Referral,Enhanced system-worthy toolset,686.48,Converted
994,48564,Referral,Cross-platform eco-centric forecast,2749.79,Not Converted
995,29449,Google Ads,Ameliorated contextually-based open architecture,3451.08,Not Converted
996,20775,Instagram Ads,Vision-oriented responsive benchmark,3961.84,Not Converted
997,43184,Google Ads,Realigned 6thgeneration knowledgebase,4630.22,Not Converted
998,23077,Referral,Innovative 24/7 service-desk,3223.97,Not Converted
999,47952,YouTube Ads,Seamless secondary extranet,4792.7,Converted
1000,27852,YouTube Ads,Re-engineered full-range protocol,1139.39,Converted
1001,25500,Google Ads,Assimilated dynamic project,4371.22,Converted
1002,8447,Instagram Ads,User-friendly zero tolerance success,4758.23,Converted
1003,14573,Organic Search,Automated scalable orchestration,3677.52,Not Converted
1004,30562,Referral,Customer-focused local standardization,1809.0,Converted
1005,32243,Google Ads,Reduced mobile encoding,734.97,Converted
1006,39284,YouTube Ads,Multi-layered methodical protocol,3721.9,Not Converted
1007,12765,Organic Search,Advanced object-oriented throughput,4249.24,Converted
1008,2440,Google Ads,Streamlined motivating framework,1265.02,Converted
1009,619,YouTube Ads,Ergonomic methodical challenge,2657.91,Converted
1010,33919,LinkedIn Ads,User-friendly cohesive model,4536.43,Not Converted
1011,19998,LinkedIn Ads,Grass-roots asymmetric flexibility,907.17,Not Converted
1012,39633,YouTube Ads,Monitored bottom-line application,2222.22,Not Converted
1013,6366,Organic Search,Vision-oriented heuristic intranet,2129.99,Not Converted
1014,29241,Google Ads,Realigned mobile hardware,3279.42,Not Converted
1015,34920,LinkedIn Ads,Future-proofed zero-defect conglomeration,690.85,Converted
1016,35054,Referral,Streamlined object-oriented approach,2024.84,Converted
1017,49361,Referral,Implemented high-level challenge,3082.38,Not Converted
1018,7837,Instagram Ads,Grass-roots executive service-desk,1833.72,Converted
1019,15093,Instagram Ads,Monitored leadingedge success,204.61,Not Converted
1020,3475,Organic Search,Visionary zero tolerance migration,1378.99,Converted
1021,49989,Instagram Ads,Multi-lateral mission-critical knowledge user,1581.06,Not Converted
1022,41318,Instagram Ads,Managed attitude-oriented encoding,1292.6,Converted
1023,21564,Instagram Ads,Future-proofed analyzing process improvement,2815.99,Not Converted
1024,29736,Instagram Ads,Exclusive analyzing productivity,4176.28,Not Converted
1025,45734,YouTube Ads,Devolved 4thgeneration artificial intelligence,2833.34,Not Converted
1026,313,Organic Search,Assimilated directional migration,3859.08,Not Converted
1027,5639,Organic Search,Exclusive optimal open architecture,3354.24,Not Converted
1028,48743,Referral,Diverse optimal info-mediaries,1926.47,Converted
1029,24101,Google Ads,Adaptive context-sensitive installation,2500.42,Not Converted
1030,40869,Organic Search,Ameliorated multi-tasking secured line,1086.63,Not Converted
1031,763,LinkedIn Ads,Versatile homogeneous knowledgebase,2749.62,Not Converted
1032,15911,YouTube Ads,Focused eco-centric analyzer,4741.83,Converted
1033,3155,YouTube Ads,Vision-oriented attitude-oriented secured line,4430.18,Not Converted
1034,17215,Referral,Reduced responsive ability,594.77,Not Converted
1035,4075,Referral,Organized local extranet,4957.47,Converted
1036,3746,Referral,Object-based disintermediate ability,1718.44,Converted
1037,45373,Google Ads,Phased reciprocal Local Area Network,3520.68,Not Converted
1038,2129,Instagram Ads,Exclusive solution-oriented functionalities,3896.06,Converted
1039,21946,Organic Search,Reduced needs-based parallelism,867.54,Not Converted
1040,16854,YouTube Ads,Team-oriented composite productivity,600.92,Converted
1041,7108,Referral,Customizable regional budgetary management,2639.37,Converted
1042,19086,Organic Search,Function-based global infrastructure,3468.26,Converted
1043,36217,LinkedIn Ads,Adaptive attitude-oriented database,1601.49,Converted
1044,33040,Organic Search,Proactive interactive contingency,2855.69,Not Converted
1045,34920,Google Ads,Versatile homogeneous matrices,4348.34,Not Converted
1046,33126,Referral,Re-engineered 24/7 migration,4382.19,Converted
1047,25353,Organic Search,Centralized homogeneous capability,4905.96,Not Converted
1048,47531,Referral,Multi-channeled background Graphic Interface,2226.9,Converted
1049,14730,Referral,Multi-lateral homogeneous protocol,418.89,Converted
1050,11694,LinkedIn Ads,Optimized client-driven strategy,4677.8,Not Converted
1051,32288,Referral,Integrated dynamic throughput,3750.46,Not Converted
1052,6546,LinkedIn Ads,De-engineered asymmetric website,1494.04,Converted
1053,38639,Organic Search,Phased actuating orchestration,4696.52,Not Converted
1054,12401,YouTube Ads,Organized analyzing artificial intelligence,4124.51,Converted
1055,21316,Organic Search,Front-line content-based data-warehouse,1045.3,Not Converted
1056,26720,Referral,Reverse-engineered neutral solution,1688.72,Converted
1057,22189,YouTube Ads,Centralized responsive installation,3351.28,Converted
1058,41708,Organic Search,Optional system-worthy time-frame,4688.93,Not Converted
1059,7329,Google Ads,Decentralized discrete service-desk,3295.29,Not Converted
1060,20358,Referral,Pre-emptive systemic orchestration,3674.96,Not Converted
1061,12429,Organic Search,Synergized mobile concept,3793.18,Converted
1062,32763,YouTube Ads,Proactive empowering secured line,2937.89,Converted
1063,37844,Referral,Customizable secondary process improvement,634.54,Converted
1064,23546,Instagram Ads,Adaptive non-volatile moderator,4726.42,Not Converted
1065,19918,Organic Search,Synchronized content-based alliance,2136.79,Not Converted
1066,48635,YouTube Ads,User-centric leadingedge moderator,3672.43,Not Converted
1067,17394,Instagram Ads,Re-engineered composite implementation,3347.06,Converted
1068,41742,LinkedIn Ads,Ergonomic web-enabled ability,4956.39,Not Converted
1069,30924,Referral,Networked needs-based concept,2313.32,Not Converted
1070,29074,Referral,Re-contextualized asymmetric strategy,3621.91,Converted
1071,12264,LinkedIn Ads,Multi-lateral encompassing encryption,4484.2,Converted
1072,12399,Organic Search,Networked value-added analyzer,3054.22,Not Converted
1073,29052,Instagram Ads,De-engineered national attitude,4827.47,Converted
1074,21087,Instagram Ads,Profound incremental leverage,222.66,Not Converted
1075,5580,Instagram Ads,Object-based content-based product,4948.3,Converted
1076,37953,YouTube Ads,Programmable upward-trending migration,2889.74,Not Converted
1077,28600,Google Ads,Universal methodical hub,2054.77,Not Converted
1078,3453,Organic Search,Customer-focused directional knowledge user,1694.3,Not Converted
1079,22520,LinkedIn Ads,Focused uniform forecast,464.91,Not Converted
1080,1748,Google Ads,Reactive human-resource portal,366.7,Converted
1081,23812,Referral,Phased 24hour matrices,2451.65,Not Converted
1082,11741,Referral,Ergonomic composite framework,1516.1,Converted
1083,26114,Instagram Ads,Cloned non-volatile customer loyalty,126.04,Not Converted
1084,1085,Instagram Ads,Enhanced grid-enabled product,2365.44,Not Converted
1085,1970,LinkedIn Ads,Compatible stable leverage,2443.99,Converted
1086,13144,Google Ads,Fundamental radical hardware,3868.83,Converted
1087,35935,LinkedIn Ads,Reactive eco-centric functionalities,3647.48,Converted
1088,5999,YouTube Ads,Customer-focused global hub,1029.55,Not Converted
1089,42484,Google Ads,Progressive discrete info-mediaries,2540.47,Converted
1090,26711,Referral,Persevering tertiary open architecture,1178.99,Converted
1091,13202,Instagram Ads,Reverse-engineered asymmetric encoding,2821.29,Converted
1092,43006,LinkedIn Ads,Visionary hybrid concept,933.84,Converted
1093,31643,YouTube Ads,Fundamental analyzing forecast,4795.83,Not Converted
1094,21659,YouTube Ads,Robust local installation,4538.05,Not Converted
1095,5382,Instagram Ads,Innovative bifurcated data-warehouse,656.32,Not Converted
1096,11386,Google Ads,Focused maximized open system,1965.84,Not Converted
1097,10223,Organic Search,Pre-emptive empowering data-warehouse,2524.65,Converted
1098,26136,Google Ads,Object-based grid-enabled open system,644.49,Not Converted
1099,4599,YouTube Ads,Extended maximized algorithm,2505.08,Not Converted
1100,43929,YouTube Ads,Grass-roots grid-enabled process improvement,3687.8,Not Converted
1101,29924,Google Ads,Exclusive attitude-oriented instruction set,567.43,Converted
1102,43643,Instagram Ads,Horizontal homogeneous protocol,4263.73,Not Converted
1103,20733,Google Ads,Extended zero tolerance projection,4095.66,Not Converted
1104,5625,YouTube Ads,Managed 6thgeneration process improvement,2555.26,Not Converted
1105,19888,Google Ads,Front-line eco-centric Graphical User Interface,886.55,Converted
1106,47766,Referral,Adaptive directional intranet,4478.67,Not Converted
1107,32732,Instagram Ads,Automated content-based extranet,1680.85,Not Converted
1108,38061,YouTube Ads,Customer-focused background approach,1994.96,Converted
1109,33607,LinkedIn Ads,Visionary real-time alliance,352.1,Not Converted
1110,30497,LinkedIn Ads,Compatible even-keeled service-desk,3236.21,Converted
1111,26469,Referral,Profit-focused demand-driven adapter,1699.22,Converted
1112,18083,LinkedIn Ads,User-centric even-keeled groupware,4674.0,Not Converted
1113,38026,LinkedIn Ads,Advanced intangible solution,4933.46,Converted
1114,24866,Google Ads,Visionary optimal complexity,1017.48,Not Converted
1115,14158,Organic Search,Adaptive mission-critical access,425.05,Not Converted
1116,21686,Referral,Decentralized coherent encryption,1607.98,Not Converted
1117,13318,Organic Search,Extended global focus group,1207.83,Converted
1118,25109,Instagram Ads,Multi-layered cohesive attitude,344.01,Converted
1119,41746,Instagram Ads,Persistent bandwidth-monitored encoding,2807.02,Not Converted
1120,48217,YouTube Ads,Quality-focused fresh-thinking toolset,2706.01,Not Converted
1121,28164,YouTube Ads,Configurable client-server workforce,2302.46,Converted
1122,5666,Google Ads,Enterprise-wide coherent moratorium,664.84,Not Converted
1123,16265,LinkedIn Ads,Fully-configurable fresh-thinking access,863.75,Not Converted
1124,42187,LinkedIn Ads,Integrated client-server installation,4446.49,Converted
1125,4510,Instagram Ads,Robust fresh-thinking framework,3424.46,Converted
1126,40268,Organic Search,Re-contextualized didactic synergy,2480.07,Not Converted
1127,27271,Referral,Synchronized interactive pricing structure,941.42,Not Converted
1128,13335,Instagram Ads,Automated bifurcated monitoring,4548.57,Converted
1129,21255,YouTube Ads,Automated multi-state support,955.66,Not Converted
1130,13054,Organic Search,Quality-focused contextually-based service-desk,995.23,Not Converted
1131,48096,Referral,Innovative human-resource Internet solution,4291.85,Converted
1132,11414,Organic Search,Monitored interactive approach,2121.5,Not Converted
1133,25069,Instagram Ads,Enterprise-wide leadingedge superstructure,3428.57,Converted
1134,29905,Referral,Organic local analyzer,977.09,Converted
1135,31822,YouTube Ads,Visionary mobile success,4189.67,Converted
1136,43432,Organic Search,Decentralized neutral parallelism,1699.77,Not Converted
1137,47280,Referral,Balanced mobile alliance,965.52,Converted
1138,31499,YouTube Ads,Front-line dynamic service-desk,1415.13,Converted
1139,33114,Google Ads,Cloned value-added system engine,908.34,Not Converted
1140,31077,YouTube Ads,Centralized coherent product,751.83,Converted
1141,31481,YouTube Ads,Fundamental zero-defect toolset,4103.01,Converted
1142,16043,Organic Search,Centralized human-resource core,1825.01,Converted
1143,6737,Google Ads,Realigned dedicated access,3310.65,Not Converted
1144,21874,Google Ads,Sharable maximized solution,1961.25,Not Converted
1145,26049,Organic Search,Seamless disintermediate pricing structure,1548.07,Not Converted
1146,5918,LinkedIn Ads,Balanced web-enabled structure,407.66,Converted
1147,5436,Referral,Realigned 24/7 data-warehouse,2493.55,Converted
1148,42748,Google Ads,Cross-platform real-time application,3597.13,Not Converted
1149,20684,LinkedIn Ads,Ameliorated neutral attitude,2226.29,Converted
1150,39993,Referral,Operative maximized Graphical User Interface,1330.56,Not Converted
1151,26087,Instagram Ads,Organic object-oriented budgetary management,3490.88,Not Converted
1152,27480,Instagram Ads,Devolved foreground frame,4060.99,Not Converted
1153,28258,Referral,Customizable mobile time-frame,1577.99,Not Converted
1154,18241,Instagram Ads,Universal scalable software,694.19,Not Converted
1155,17051,Google Ads,Integrated 3rdgeneration methodology,4982.67,Converted
1156,29302,Referral,Expanded secondary budgetary management,347.18,Converted
1157,33981,YouTube Ads,Decentralized actuating function,1780.79,Converted
1158,32041,LinkedIn Ads,Quality-focused contextually-based productivity,322.16,Converted
1159,30081,Organic Search,Customizable 4thgeneration Graphic Interface,4347.29,Not Converted
1160,45043,YouTube Ads,Multi-channeled directional help-desk,1936.91,Not Converted
1161,15058,Google Ads,Exclusive bifurcated core,893.91,Converted
1162,27817,LinkedIn Ads,Innovative 24/7 open architecture,3978.87,Converted
1163,34972,YouTube Ads,Decentralized user-facing open architecture,4904.17,Converted
1164,22874,Referral,Ameliorated 6thgeneration access,3358.02,Not Converted
1165,28388,Organic Search,Polarized cohesive neural-net,1863.69,Converted
1166,33773,LinkedIn Ads,Integrated eco-centric support,1252.3,Not Converted
1167,4786,LinkedIn Ads,Face-to-face high-level info-mediaries,4042.3,Converted
1168,47875,Google Ads,Progressive responsive database,4254.83,Converted
1169,23059,Organic Search,Re-engineered actuating core,2594.93,Converted
1170,36233,Google Ads,Innovative mission-critical circuit,2331.99,Converted
1171,36268,Referral,Down-sized stable migration,3876.16,Converted
1172,3751,Instagram Ads,Advanced user-facing instruction set,2983.69,Not Converted
1173,28712,Instagram Ads,Grass-roots zero administration moratorium,4981.55,Converted
1174,21842,Referral,Monitored attitude-oriented secured line,1549.66,Converted
1175,1570,Organic Search,Open-source dynamic installation,2134.42,Converted
1176,20595,Google Ads,Enterprise-wide intangible superstructure,4461.4,Converted
1177,40739,Google Ads,Exclusive full-range algorithm,4854.86,Not Converted
1178,12496,YouTube Ads,Synergized transitional ability,1812.5,Not Converted
1179,43525,Instagram Ads,Customer-focused exuding middleware,1648.96,Not Converted
1180,29843,YouTube Ads,Enhanced impactful info-mediaries,4939.0,Not Converted
1181,34889,LinkedIn Ads,Extended didactic success,3226.76,Not Converted
1182,46561,YouTube Ads,Proactive explicit website,4361.03,Converted
1183,2926,Google Ads,Public-key homogeneous parallelism,1255.23,Not Converted
1184,29575,Organic Search,Intuitive explicit complexity,1007.02,Converted
1185,41570,Organic Search,Object-based stable Graphic Interface,4498.54,Converted
1186,7335,YouTube Ads,Versatile next generation moratorium,279.98,Converted
1187,22592,YouTube Ads,Ameliorated bi-directional conglomeration,3009.67,Not Converted
1188,31774,LinkedIn Ads,Streamlined human-resource capacity,3441.15,Not Converted
1189,4512,Organic Search,Cloned background budgetary management,1559.11,Converted
1190,16309,Referral,Function-based attitude-oriented instruction set,2003.05,Converted
1191,11174,YouTube Ads,Switchable client-server migration,2358.82,Not Converted
1192,2233,Organic Search,Visionary interactive encryption,420.23,Converted
1193,31205,LinkedIn Ads,Future-proofed systemic adapter,681.98,Converted
1194,22248,LinkedIn Ads,Networked radical capacity,4083.93,Not Converted
1195,34433,LinkedIn Ads,Secured heuristic moratorium,1122.15,Not Converted
1196,38727,Referral,Team-oriented high-level database,1685.59,Not Converted
1197,10904,Google Ads,Balanced global forecast,2612.88,Converted
1198,31320,Organic Search,Automated optimal encoding,864.79,Not Converted
1199,15298,Referral,Enhanced holistic pricing structure,4867.25,Converted
1200,38530,Organic Search,Automated zero-defect parallelism,3217.24,Not Converted
1201,6223,Instagram Ads,Reverse-engineered 5thgeneration workforce,3409.45,Not Converted
1202,10306,Referral,Virtual asynchronous implementation,70.35,Not Converted
1203,28695,LinkedIn Ads,Reduced scalable open system,4189.93,Converted
1204,23374,LinkedIn Ads,Streamlined local knowledgebase,68.41,Not Converted
1205,44398,Google Ads,Persevering national encoding,3040.54,Converted
1206,39366,Google Ads,Multi-layered impactful array,176.07,Converted
1207,3359,Instagram Ads,Universal interactive moratorium,2801.19,Not Converted
1208,41686,YouTube Ads,Synergistic full-range middleware,1190.81,Converted
1209,3170,YouTube Ads,De-engineered disintermediate Graphic Interface,3016.19,Not Converted
1210,23411,YouTube Ads,Re-contextualized bottom-line productivity,4050.23,Not Converted
1211,12052,Referral,User-friendly dedicated archive,1288.45,Not Converted
1212,34742,Referral,Upgradable impactful collaboration,2597.43,Converted
1213,31652,YouTube Ads,Right-sized disintermediate time-frame,135.53,Converted
1214,31431,LinkedIn Ads,Assimilated transitional help-desk,389.13,Not Converted
1215,46768,Instagram Ads,User-friendly modular moderator,2406.86,Converted
1216,5143,Referral,Synergistic actuating groupware,1469.11,Not Converted
1217,10581,YouTube Ads,Public-key transitional functionalities,1990.88,Converted
1218,2521,YouTube Ads,Organic actuating approach,934.07,Not Converted
1219,31292,Referral,Centralized global challenge,985.55,Not Converted
1220,33431,Organic Search,Reduced attitude-oriented structure,471.16,Converted
1221,21210,Instagram Ads,Assimilated attitude-oriented Local Area Network,529.98,Not Converted
1222,20377,Organic Search,Distributed tangible throughput,3692.34,Converted
1223,464,LinkedIn Ads,Stand-alone client-server moratorium,3023.75,Converted
1224,19421,LinkedIn Ads,User-friendly national pricing structure,738.58,Not Converted
1225,34418,Instagram Ads,Sharable eco-centric capacity,3411.66,Converted
1226,44805,YouTube Ads,Implemented next generation archive,1936.52,Converted
1227,22921,Google Ads,Re-engineered transitional hierarchy,1878.22,Not Converted
1228,31046,Referral,Optimized executive Graphical User Interface,1311.77,Not Converted
1229,48479,Referral,Stand-alone multi-state hierarchy,1879.83,Converted
1230,721,Referral,Customizable human-resource emulation,1176.3,Converted
1231,33008,Google Ads,Future-proofed hybrid strategy,1353.14,Not Converted
1232,5749,Google Ads,Reduced radical ability,1921.36,Converted
1233,5081,LinkedIn Ads,Open-source context-sensitive array,4752.49,Converted
1234,44272,Google Ads,Fully-configurable content-based leverage,255.36,Converted
1235,37430,YouTube Ads,Decentralized maximized solution,234.09,Not Converted
1236,43896,YouTube Ads,Fully-configurable foreground initiative,765.85,Not Converted
1237,20719,Instagram Ads,Optional scalable interface,1735.63,Converted
1238,15640,Organic Search,Realigned zero administration interface,1071.52,Converted
1239,5074,Instagram Ads,Centralized analyzing implementation,4277.14,Converted
1240,29376,Google Ads,Progressive 6thgeneration access,570.96,Not Converted
1241,24462,LinkedIn Ads,Operative stable matrices,3729.22,Converted
1242,35320,YouTube Ads,Right-sized bi-directional paradigm,2779.27,Converted
1243,35157,Google Ads,Inverse mobile contingency,491.59,Converted
1244,15765,Instagram Ads,Versatile multi-state focus group,3169.9,Not Converted
1245,23700,Instagram Ads,Ameliorated well-modulated website,3287.06,Not Converted
1246,5975,Google Ads,Self-enabling full-range capacity,4667.48,Not Converted
1247,49639,YouTube Ads,Adaptive heuristic hub,4414.19,Not Converted
1248,10423,Google Ads,Organized grid-enabled model,2048.1,Converted
1249,40180,YouTube Ads,Front-line multi-tasking workforce,518.92,Not Converted
1250,18720,Referral,Intuitive mission-critical monitoring,1010.73,Converted
1251,5730,YouTube Ads,Multi-layered user-facing info-mediaries,2606.31,Converted
1252,30034,Instagram Ads,Extended full-range migration,517.06,Converted
1253,49139,Referral,Diverse value-added application,1433.36,Converted
1254,4609,Google Ads,Organized maximized matrices,3222.46,Not Converted
1255,26416,Google Ads,Decentralized content-based database,4755.9,Converted
1256,17568,YouTube Ads,Operative reciprocal neural-net,3135.86,Converted
1257,44913,YouTube Ads,Diverse multi-state hierarchy,773.06,Converted
1258,12759,Referral,Synchronized user-facing throughput,650.86,Converted
1259,46461,Google Ads,Optional transitional project,4200.6,Converted
1260,14595,Referral,Reduced didactic circuit,3961.72,Not Converted
1261,26261,Organic Search,Sharable dedicated encryption,4570.3,Not Converted
1262,21173,YouTube Ads,Enhanced discrete parallelism,281.91,Converted
1263,23624,Referral,Face-to-face modular forecast,996.63,Not Converted
1264,41343,Referral,Horizontal multi-tasking open architecture,4054.49,Converted
1265,22923,Instagram Ads,Vision-oriented zero administration encryption,3416.37,Converted
1266,17187,Google Ads,Decentralized composite Internet solution,2323.71,Converted
1267,34480,LinkedIn Ads,Secured client-driven budgetary management,2303.51,Not Converted
1268,44826,LinkedIn Ads,Cloned attitude-oriented encoding,2509.83,Not Converted
1269,43937,YouTube Ads,Vision-oriented homogeneous encoding,1699.92,Not Converted
1270,23394,Referral,Synergistic fresh-thinking frame,3718.04,Converted
1271,11331,LinkedIn Ads,Monitored mobile throughput,2461.35,Converted
1272,14065,Google Ads,Object-based tertiary neural-net,4686.14,Not Converted
1273,32504,Google Ads,Open-source heuristic installation,2380.93,Converted
1274,6703,Referral,Reverse-engineered context-sensitive migration,1215.92,Converted
1275,6705,Google Ads,Implemented maximized portal,4726.84,Not Converted
1276,13354,Referral,Adaptive methodical ability,1304.66,Not Converted
1277,9319,Instagram Ads,Versatile optimizing success,281.66,Converted
1278,7078,YouTube Ads,Multi-lateral coherent monitoring,1650.94,Converted
1279,1118,Google Ads,Triple-buffered asymmetric concept,646.18,Converted
1280,10407,LinkedIn Ads,Reverse-engineered secondary utilization,2405.98,Not Converted
1281,9003,YouTube Ads,Exclusive hybrid neural-net,3485.13,Not Converted
1282,21879,Referral,Total optimizing implementation,4479.75,Converted
1283,41874,Referral,Centralized grid-enabled paradigm,3674.19,Converted
1284,19023,Organic Search,Exclusive grid-enabled migration,1002.75,Converted
1285,28860,LinkedIn Ads,Pre-emptive transitional instruction set,4875.99,Not Converted
1286,5568,YouTube Ads,Open-source 3rdgeneration matrices,3964.83,Not Converted
1287,5197,Google Ads,Down-sized fresh-thinking artificial intelligence,2001.67,Not Converted
1288,27253,Referral,Fully-configurable fresh-thinking throughput,1845.43,Converted
1289,33206,YouTube Ads,User-friendly scalable project,3286.83,Not Converted
1290,9650,YouTube Ads,Function-based responsive adapter,4411.11,Converted
1291,46045,YouTube Ads,Compatible even-keeled implementation,3478.82,Not Converted
1292,28761,Instagram Ads,Profit-focused neutral leverage,561.29,Converted
1293,46833,Google Ads,Polarized clear-thinking intranet,166.27,Converted
1294,49139,LinkedIn Ads,Vision-oriented local portal,4947.3,Converted
1295,17616,Organic Search,Ameliorated explicit interface,3025.26,Converted
1296,6142,LinkedIn Ads,Seamless empowering Local Area Network,2149.67,Converted
1297,15950,YouTube Ads,Self-enabling maximized architecture,1634.38,Converted
1298,18039,LinkedIn Ads,Phased discrete capacity,869.22,Converted
1299,21358,LinkedIn Ads,Enhanced exuding secured line,2023.19,Not Converted
1300,5343,Instagram Ads,Managed bottom-line definition,4792.29,Not Converted
1301,43690,Google Ads,Ameliorated reciprocal strategy,4296.05,Converted
1302,33209,YouTube Ads,Reactive asymmetric Graphic Interface,1472.33,Not Converted
1303,49358,Referral,Stand-alone holistic infrastructure,1114.93,Converted
1304,19891,Organic Search,Robust systematic hierarchy,4734.9,Converted
1305,30138,Organic Search,Fully-configurable 3rdgeneration moratorium,3755.29,Not Converted
1306,36185,Google Ads,Re-contextualized system-worthy matrices,1260.75,Not Converted
1307,25557,LinkedIn Ads,Team-oriented client-server groupware,2364.2,Not Converted
1308,16556,Organic Search,Fundamental empowering moratorium,2354.83,Not Converted
1309,15975,YouTube Ads,Exclusive background instruction set,3334.93,Converted
1310,30181,YouTube Ads,Multi-tiered 5thgeneration encryption,2842.37,Not Converted
1311,39157,LinkedIn Ads,Team-oriented multimedia conglomeration,3284.12,Not Converted
1312,37397,Instagram Ads,Right-sized even-keeled initiative,589.16,Converted
1313,33959,Organic Search,Compatible fresh-thinking conglomeration,161.05,Converted
1314,1763,Google Ads,Triple-buffered actuating challenge,2673.67,Not Converted
1315,30726,Referral,Ameliorated exuding leverage,899.08,Not Converted
1316,29838,Referral,Fundamental mission-critical migration,904.57,Not Converted
1317,1639,Google Ads,Integrated maximized intranet,2579.56,Converted
1318,9189,Organic Search,Enhanced object-oriented portal,3011.23,Converted
1319,27594,Instagram Ads,Expanded grid-enabled encoding,2511.19,Converted
1320,48303,Referral,Profit-focused coherent process improvement,4931.31,Not Converted
1321,19731,YouTube Ads,Mandatory transitional portal,250.89,Not Converted
1322,20638,Instagram Ads,Compatible scalable throughput,2369.41,Converted
1323,25150,YouTube Ads,Self-enabling background database,522.23,Not Converted
1324,44886,LinkedIn Ads,Cloned 5thgeneration structure,977.29,Not Converted
1325,27687,Referral,Mandatory explicit concept,4942.26,Converted
1326,47910,Google Ads,Up-sized object-oriented orchestration,2213.16,Not Converted
1327,5148,Google Ads,Re-engineered high-level open architecture,502.8,Converted
1328,30125,LinkedIn Ads,Polarized needs-based access,2601.14,Converted
1329,8631,Instagram Ads,Extended object-oriented migration,3970.55,Converted
1330,34519,Organic Search,Upgradable fresh-thinking solution,1358.78,Not Converted
1331,24256,Organic Search,Polarized holistic algorithm,3221.0,Converted
1332,2131,Referral,Multi-channeled optimizing matrices,1565.98,Converted
1333,14033,LinkedIn Ads,Robust content-based hub,882.06,Not Converted
1334,14940,Google Ads,Cross-group transitional contingency,4406.03,Converted
1335,40989,Google Ads,Front-line global core,3328.89,Not Converted
1336,46734,YouTube Ads,Organic coherent implementation,3728.22,Converted
1337,49862,Google Ads,Decentralized content-based open system,3917.22,Not Converted
1338,9142,LinkedIn Ads,Proactive holistic groupware,1808.78,Not Converted
1339,34075,Google Ads,Upgradable upward-trending neural-net,3373.4,Converted
1340,22105,Referral,Business-focused dedicated artificial intelligence,4943.67,Converted
1341,46301,LinkedIn Ads,Digitized even-keeled toolset,3973.62,Not Converted
1342,15949,YouTube Ads,User-friendly didactic website,3867.07,Converted
1343,12726,Google Ads,Multi-layered interactive flexibility,912.86,Not Converted
1344,11187,Instagram Ads,Multi-channeled intermediate conglomeration,4478.92,Converted
1345,9434,YouTube Ads,Open-source content-based forecast,3800.25,Converted
1346,37873,Organic Search,Managed intermediate initiative,3227.32,Not Converted
1347,41434,YouTube Ads,Reverse-engineered web-enabled alliance,4543.84,Not Converted
1348,45071,Google Ads,Polarized dynamic approach,2700.71,Converted
1349,39544,YouTube Ads,Adaptive user-facing Local Area Network,2761.16,Converted
1350,25786,Referral,Devolved analyzing interface,132.77,Converted
1351,47018,YouTube Ads,Balanced didactic matrix,2780.74,Converted
1352,17108,LinkedIn Ads,Versatile composite success,2078.84,Converted
1353,6206,Instagram Ads,Centralized system-worthy help-desk,3181.9,Not Converted
1354,30373,Referral,Front-line bi-directional toolset,1445.65,Not Converted
1355,29327,LinkedIn Ads,Reduced intangible neural-net,2138.2,Not Converted
1356,29069,YouTube Ads,Optimized composite service-desk,3461.08,Not Converted
1357,44751,Instagram Ads,Enterprise-wide 6thgeneration circuit,3606.26,Converted
1358,40264,Google Ads,Synergized zero administration hierarchy,3210.33,Converted
1359,20149,Referral,Front-line next generation database,2006.37,Not Converted
1360,1636,YouTube Ads,Object-based web-enabled Graphical User Interface,2567.78,Converted
1361,29620,Instagram Ads,Synchronized foreground success,4783.33,Converted
1362,18895,LinkedIn Ads,Multi-channeled solution-oriented capacity,3550.27,Converted
1363,18969,Instagram Ads,Multi-lateral tertiary function,3216.95,Not Converted
1364,44853,YouTube Ads,Fundamental fresh-thinking portal,1740.58,Converted
1365,36765,Referral,Secured hybrid hub,4931.79,Not Converted
1366,28795,YouTube Ads,Intuitive human-resource data-warehouse,1437.45,Not Converted
1367,11693,Organic Search,Ameliorated tangible support,734.22,Converted
1368,21696,Google Ads,Synergistic fault-tolerant application,3470.6,Not Converted
1369,9427,Google Ads,Function-based optimal core,2574.2,Not Converted
1370,21955,Instagram Ads,Multi-lateral background moderator,437.56,Converted
1371,44101,Instagram Ads,Cloned composite benchmark,4978.4,Not Converted
1372,44639,Organic Search,Phased systemic migration,659.23,Converted
1373,12623,Google Ads,Open-source 3rdgeneration Internet solution,3405.05,Converted
1374,32304,Instagram Ads,Realigned object-oriented paradigm,3606.11,Not Converted
1375,34336,Organic Search,Assimilated dynamic ability,4141.99,Converted
1376,22027,Instagram Ads,Multi-tiered radical implementation,1877.33,Not Converted
1377,9960,Google Ads,Reverse-engineered asymmetric architecture,2552.87,Converted
1378,21703,YouTube Ads,Upgradable user-facing structure,3688.69,Converted
1379,47536,Instagram Ads,Fundamental 3rdgeneration process improvement,3928.45,Converted
1380,19761,Google Ads,Virtual 24hour software,3963.99,Converted
1381,31083,Organic Search,Exclusive zero tolerance artificial intelligence,1614.24,Converted
1382,24354,LinkedIn Ads,Synergized analyzing task-force,876.94,Converted
1383,996,Google Ads,Cloned zero administration support,3653.98,Not Converted
1384,11816,YouTube Ads,Organic logistical functionalities,1720.26,Converted
1385,39480,Organic Search,Configurable mobile standardization,4440.38,Not Converted
1386,30205,LinkedIn Ads,Advanced bifurcated Local Area Network,1248.8,Not Converted
1387,11853,Organic Search,Ameliorated interactive monitoring,1777.39,Converted
1388,47210,YouTube Ads,Realigned multi-tasking monitoring,3420.42,Not Converted
1389,4465,Referral,Cloned local circuit,1764.35,Converted
1390,45098,YouTube Ads,Diverse optimal encoding,1202.23,Not Converted
1391,14045,Referral,Cross-group 3rdgeneration capacity,1279.67,Not Converted
1392,24117,YouTube Ads,Devolved global implementation,4408.12,Converted
1393,2081,Referral,Advanced systemic implementation,2781.87,Converted
1394,28257,Google Ads,Multi-channeled uniform paradigm,470.68,Not Converted
1395,19309,Instagram Ads,User-centric 4thgeneration utilization,1518.77,Not Converted
1396,16691,Google Ads,Re-contextualized 6thgeneration implementation,1334.08,Converted
1397,47420,LinkedIn Ads,Optional real-time Internet solution,4916.53,Not Converted
1398,21715,Referral,Monitored attitude-oriented concept,4003.68,Not Converted
1399,3480,Google Ads,Decentralized incremental groupware,2577.37,Not Converted
1400,16752,Referral,Visionary reciprocal support,986.17,Converted
1401,20141,Organic Search,Multi-channeled attitude-oriented functionalities,4604.54,Converted
1402,5265,YouTube Ads,Reverse-engineered bottom-line parallelism,2221.27,Not Converted
1403,17655,Instagram Ads,Ergonomic 3rdgeneration ability,3913.69,Not Converted
1404,3969,Google Ads,Down-sized intermediate Graphic Interface,2317.63,Not Converted
1405,37140,Referral,Operative full-range focus group,3687.66,Not Converted
1406,2911,Referral,Optional multimedia alliance,2200.88,Not Converted
1407,25415,Referral,Balanced interactive migration,82.79,Not Converted
1408,20926,LinkedIn Ads,Adaptive directional initiative,3092.55,Not Converted
1409,45685,YouTube Ads,Cloned bi-directional flexibility,831.57,Converted
1410,44766,Instagram Ads,Centralized fault-tolerant Graphical User Interface,1735.89,Not Converted
1411,29678,Instagram Ads,Profound bifurcated emulation,2029.1,Converted
1412,31807,Organic Search,Versatile 5thgeneration capability,3532.98,Not Converted
1413,38469,YouTube Ads,Open-source zero-defect website,3772.74,Not Converted
1414,15581,Instagram Ads,Team-oriented 24hour framework,4998.15,Not Converted
1415,8469,Instagram Ads,Adaptive executive benchmark,1461.47,Not Converted
1416,18656,LinkedIn Ads,Total web-enabled groupware,4603.93,Converted
1417,3764,LinkedIn Ads,Programmable empowering toolset,3802.77,Not Converted
1418,1583,YouTube Ads,Face-to-face national definition,378.93,Converted
1419,41067,Instagram Ads,Pre-emptive needs-based monitoring,88.59,Converted
1420,3416,Google Ads,Automated asymmetric matrices,3672.92,Not Converted
1421,47949,YouTube Ads,Stand-alone local circuit,379.14,Converted
1422,23675,LinkedIn Ads,Diverse static hierarchy,1982.0,Not Converted
1423,19844,YouTube Ads,Synergized dynamic attitude,4373.58,Not Converted
1424,21295,Referral,Decentralized multi-tasking circuit,3000.31,Not Converted
1425,23249,Organic Search,Progressive contextually-based info-mediaries,1834.24,Converted
1426,7390,Instagram Ads,Visionary full-range synergy,2114.59,Converted
1427,14108,YouTube Ads,Digitized human-resource open architecture,3266.17,Not Converted
1428,18536,Google Ads,Re-contextualized client-driven support,75.85,Converted
1429,18692,Organic Search,Decentralized contextually-based emulation,3713.11,Converted
1430,39128,LinkedIn Ads,Grass-roots grid-enabled architecture,755.6,Not Converted
1431,32370,Referral,Operative client-server adapter,249.69,Not Converted
1432,2886,Referral,Quality-focused uniform system engine,1868.92,Not Converted
1433,13605,Instagram Ads,Implemented bifurcated process improvement,2940.07,Converted
1434,36843,Instagram Ads,Re-contextualized dynamic access,2007.96,Not Converted
1435,5497,Referral,Multi-channeled static forecast,4010.58,Converted
1436,30033,Referral,Cross-platform scalable ability,2179.47,Not Converted
1437,32296,Organic Search,Optional encompassing function,768.31,Not Converted
1438,25775,LinkedIn Ads,Triple-buffered maximized support,79.58,Not Converted
1439,12849,LinkedIn Ads,Virtual optimizing adapter,1150.67,Converted
1440,13254,LinkedIn Ads,Synergistic eco-centric model,173.5,Converted
1441,24156,LinkedIn Ads,Assimilated logistical solution,4443.8,Converted
1442,14264,LinkedIn Ads,Profound responsive forecast,3613.52,Not Converted
1443,14570,Instagram Ads,Ameliorated uniform matrix,1544.84,Converted
1444,33021,Google Ads,Synergistic cohesive software,1081.43,Not Converted
1445,491,LinkedIn Ads,Progressive well-modulated interface,4529.57,Not Converted
1446,44759,LinkedIn Ads,Mandatory systematic neural-net,1652.5,Converted
1447,12096,YouTube Ads,Future-proofed intangible flexibility,2567.85,Not Converted
1448,14826,Google Ads,Triple-buffered value-added matrix,873.48,Not Converted
1449,49933,Referral,Decentralized heuristic customer loyalty,4310.1,Not Converted
1450,44607,Instagram Ads,Front-line intangible algorithm,4174.24,Converted
1451,19225,Google Ads,Front-line impactful matrices,84.56,Not Converted
1452,37824,Referral,Networked tangible complexity,1431.86,Not Converted
1453,16268,YouTube Ads,Customer-focused coherent extranet,1593.51,Converted
1454,21254,YouTube Ads,Integrated logistical database,4852.17,Not Converted
1455,11311,LinkedIn Ads,Programmable composite database,1472.02,Converted
1456,26446,Referral,Horizontal next generation collaboration,593.36,Converted
1457,33608,YouTube Ads,Monitored asymmetric Graphical User Interface,1419.9,Not Converted
1458,13970,Referral,Expanded asynchronous artificial intelligence,3520.61,Not Converted
1459,25232,Google Ads,Managed reciprocal structure,519.95,Converted
1460,48774,LinkedIn Ads,Visionary impactful architecture,4851.21,Converted
1461,16105,YouTube Ads,Automated contextually-based collaboration,127.42,Not Converted
1462,31149,Referral,Quality-focused demand-driven support,2823.86,Not Converted
1463,11093,Organic Search,Networked eco-centric process improvement,2556.0,Converted
1464,38828,Google Ads,Pre-emptive context-sensitive concept,411.39,Converted
1465,29139,Organic Search,Multi-channeled bottom-line algorithm,956.53,Not Converted
1466,5953,YouTube Ads,Reduced leadingedge encryption,1214.25,Converted
1467,477,Instagram Ads,Organic content-based knowledge user,2294.86,Not Converted
1468,47837,YouTube Ads,Sharable interactive conglomeration,3694.76,Converted
1469,34522,Referral,Optional client-driven pricing structure,2214.85,Not Converted
1470,29595,YouTube Ads,Switchable contextually-based functionalities,304.8,Not Converted
1471,47133,YouTube Ads,Face-to-face leadingedge focus group,1862.13,Not Converted
1472,32781,LinkedIn Ads,Customizable 4thgeneration Internet solution,3064.13,Converted
1473,40416,LinkedIn Ads,Digitized mission-critical hardware,4407.96,Not Converted
1474,7259,LinkedIn Ads,Right-sized impactful archive,694.55,Not Converted
1475,17200,Organic Search,Stand-alone disintermediate matrix,3326.68,Not Converted
1476,46722,Instagram Ads,Configurable mission-critical flexibility,3019.4,Not Converted
1477,10565,Referral,Vision-oriented intermediate benchmark,1368.2,Converted
1478,13725,Referral,Pre-emptive maximized approach,1064.53,Not Converted
1479,18825,LinkedIn Ads,Synchronized user-facing database,1261.18,Converted
1480,20333,LinkedIn Ads,De-engineered clear-thinking architecture,3606.68,Converted
1481,17257,YouTube Ads,Down-sized web-enabled hardware,2535.3,Converted
1482,28391,Instagram Ads,Open-source fresh-thinking firmware,4668.61,Not Converted
1483,13937,Instagram Ads,Open-architected value-added migration,2688.49,Converted
1484,45109,Referral,Self-enabling multimedia installation,3391.5,Not Converted
1485,43273,Referral,Ergonomic systematic core,3258.18,Not Converted
1486,23495,LinkedIn Ads,Balanced systemic benchmark,2970.74,Converted
1487,26239,Organic Search,De-engineered client-server pricing structure,2895.12,Converted
1488,46940,Organic Search,Devolved fault-tolerant standardization,701.27,Not Converted
1489,33132,Instagram Ads,Cloned bottom-line task-force,2664.68,Not Converted
1490,22363,LinkedIn Ads,Ergonomic uniform Graphic Interface,1030.15,Converted
1491,11706,LinkedIn Ads,Synchronized zero administration policy,220.31,Not Converted
1492,48402,Google Ads,Ameliorated context-sensitive customer loyalty,1792.14,Converted
1493,23498,YouTube Ads,Adaptive methodical paradigm,3777.44,Converted
1494,5600,Instagram Ads,Horizontal static Internet solution,495.03,Not Converted
1495,26295,Instagram Ads,Up-sized modular functionalities,945.25,Converted
1496,43321,YouTube Ads,Face-to-face optimal focus group,1215.19,Not Converted
1497,36811,Instagram Ads,Customer-focused local process improvement,4949.02,Not Converted
1498,37602,Google Ads,Universal value-added emulation,3410.17,Not Converted
1499,46481,Referral,Re-engineered bifurcated info-mediaries,64.04,Not Converted
1500,48849,Organic Search,Sharable disintermediate conglomeration,1946.18,Converted
1501,31439,Google Ads,Exclusive interactive hardware,93.6,Converted
1502,23143,YouTube Ads,Multi-layered holistic service-desk,748.57,Converted
1503,16504,Google Ads,Diverse full-range instruction set,1372.41,Converted
1504,15705,Referral,Streamlined dedicated artificial intelligence,4620.7,Converted
1505,6966,YouTube Ads,Networked logistical structure,3871.01,Not Converted
1506,34151,Referral,Front-line user-facing middleware,1838.58,Not Converted
1507,22390,Referral,Intuitive user-facing methodology,4164.6,Not Converted
1508,27742,Referral,Implemented analyzing strategy,2640.57,Not Converted
1509,111,Organic Search,Reverse-engineered radical pricing structure,2073.49,Not Converted
1510,43195,Organic Search,Stand-alone clear-thinking infrastructure,2140.55,Converted
1511,39266,YouTube Ads,Devolved multimedia focus group,4365.24,Converted
1512,44507,Organic Search,Future-proofed grid-enabled Local Area Network,1010.01,Converted
1513,28236,Instagram Ads,Down-sized foreground collaboration,2924.21,Converted
1514,49015,Organic Search,Multi-lateral needs-based success,4580.29,Converted
1515,11191,Instagram Ads,Multi-channeled 5thgeneration success,3366.12,Converted
1516,170,Google Ads,Decentralized encompassing forecast,2504.01,Converted
1517,13783,Organic Search,Up-sized stable attitude,591.41,Converted
1518,46341,Instagram Ads,Operative scalable benchmark,4091.24,Converted
1519,9243,LinkedIn Ads,Upgradable methodical database,2904.85,Not Converted
1520,4438,Instagram Ads,Right-sized eco-centric encoding,3190.46,Converted
1521,16919,Google Ads,User-friendly composite infrastructure,4021.34,Not Converted
1522,844,Referral,User-centric solution-oriented groupware,3471.9,Not Converted
1523,27016,Referral,Ergonomic zero tolerance hardware,886.6,Not Converted
1524,42992,Google Ads,Secured leadingedge leverage,1192.65,Not Converted
1525,46382,Referral,Customer-focused coherent complexity,2111.28,Not Converted
1526,39407,Referral,Inverse bifurcated hardware,4530.01,Not Converted
1527,27774,Organic Search,Open-source 24hour challenge,1579.68,Converted
1528,23819,Google Ads,Up-sized heuristic matrices,2258.82,Converted
1529,14876,LinkedIn Ads,Enhanced client-driven challenge,4196.39,Not Converted
1530,5067,Google Ads,Re-contextualized scalable framework,4528.75,Not Converted
1531,39229,Organic Search,Function-based heuristic core,2488.68,Not Converted
1532,16641,Instagram Ads,Re-contextualized object-oriented strategy,2451.62,Not Converted
1533,23337,LinkedIn Ads,Integrated secondary definition,4336.66,Not Converted
1534,38682,Referral,Operative executive algorithm,1299.73,Not Converted
1535,23603,LinkedIn Ads,Virtual non-volatile focus group,2431.73,Converted
1536,48321,Instagram Ads,Function-based motivating intranet,4175.08,Converted
1537,43729,Instagram Ads,Fully-configurable optimizing focus group,3272.5,Converted
1538,48156,LinkedIn Ads,Focused demand-driven attitude,2114.44,Converted
1539,41093,YouTube Ads,Adaptive scalable function,2764.59,Converted
1540,21862,Google Ads,Customer-focused systematic migration,3870.19,Not Converted
1541,182,LinkedIn Ads,Robust dynamic utilization,262.67,Not Converted
1542,805,Organic Search,Object-based clear-thinking neural-net,1226.41,Converted
1543,19923,Referral,User-friendly asymmetric emulation,2401.46,Not Converted
1544,28899,Instagram Ads,Team-oriented systemic collaboration,3712.08,Converted
1545,11075,Organic Search,Grass-roots web-enabled task-force,1549.14,Not Converted
1546,31858,Organic Search,Intuitive discrete knowledge user,75.01,Converted
1547,20172,Instagram Ads,Re-contextualized foreground neural-net,934.98,Not Converted
1548,4462,LinkedIn Ads,User-centric exuding strategy,3217.5,Not Converted
1549,20271,YouTube Ads,Switchable value-added archive,1143.53,Not Converted
1550,9386,LinkedIn Ads,Right-sized eco-centric leverage,3766.04,Converted
1551,16884,LinkedIn Ads,Integrated attitude-oriented success,3034.64,Not Converted
1552,38758,Referral,Polarized actuating structure,3501.92,Converted
1553,48482,YouTube Ads,Implemented logistical artificial intelligence,4968.49,Converted
1554,11118,YouTube Ads,De-engineered next generation Local Area Network,1682.27,Not Converted
1555,27153,YouTube Ads,Virtual non-volatile encoding,2260.23,Converted
1556,30327,Google Ads,Profit-focused even-keeled website,4798.57,Not Converted
1557,44109,LinkedIn Ads,User-centric background support,2755.37,Converted
1558,24210,Instagram Ads,User-centric discrete workforce,1315.41,Not Converted
1559,33169,YouTube Ads,Reactive holistic leverage,3364.87,Not Converted
1560,28814,YouTube Ads,Ameliorated next generation process improvement,895.77,Not Converted
1561,14021,YouTube Ads,Team-oriented exuding knowledge user,1934.34,Converted
1562,25976,Organic Search,Centralized fault-tolerant benchmark,516.96,Converted
1563,37378,Organic Search,Inverse radical framework,417.16,Not Converted
1564,28196,Organic Search,Advanced 24hour standardization,1832.95,Converted
1565,18334,Referral,Team-oriented 24hour customer loyalty,2936.98,Converted
1566,20093,Referral,Customer-focused zero tolerance groupware,768.6,Not Converted
1567,13383,Organic Search,Compatible intangible throughput,2714.14,Converted
1568,25079,LinkedIn Ads,Seamless systematic encoding,1911.52,Not Converted
1569,7651,Google Ads,Exclusive actuating projection,548.94,Converted
1570,25371,Google Ads,Optional bandwidth-monitored definition,4131.46,Not Converted
1571,31846,LinkedIn Ads,Reactive maximized software,3235.8,Not Converted
1572,39265,Organic Search,Implemented content-based strategy,4639.0,Not Converted
1573,47210,Organic Search,Multi-channeled scalable adapter,1641.35,Converted
1574,6669,Google Ads,Seamless full-range complexity,4866.57,Not Converted
1575,28911,Referral,Multi-tiered empowering solution,4664.36,Not Converted
1576,29385,Referral,Networked mobile task-force,3090.97,Not Converted
1577,6446,YouTube Ads,Stand-alone regional concept,815.3,Not Converted
1578,42712,Organic Search,Horizontal multi-tasking intranet,4415.95,Not Converted
1579,185,Referral,Cloned dynamic algorithm,3465.01,Not Converted
1580,1316,Google Ads,Customizable heuristic parallelism,1822.65,Converted
1581,12618,YouTube Ads,Cross-platform eco-centric protocol,3648.42,Converted
1582,38636,LinkedIn Ads,Optional neutral matrices,1731.01,Not Converted
1583,41162,Instagram Ads,Upgradable tangible frame,2658.74,Converted
1584,36900,Instagram Ads,Grass-roots radical standardization,4301.87,Not Converted
1585,42796,Google Ads,Vision-oriented holistic Graphical User Interface,2438.05,Converted
1586,19456,LinkedIn Ads,Organic tertiary firmware,3906.79,Not Converted
1587,47543,Referral,Phased dynamic task-force,2443.99,Converted
1588,43455,Organic Search,Monitored exuding analyzer,3378.27,Not Converted
1589,37064,Instagram Ads,Triple-buffered foreground artificial intelligence,3276.75,Converted
1590,49957,LinkedIn Ads,Re-contextualized directional benchmark,388.55,Not Converted
1591,41380,Organic Search,Integrated value-added focus group,362.63,Not Converted
1592,33180,Google Ads,Devolved methodical ability,1145.48,Converted
1593,16626,LinkedIn Ads,Horizontal radical interface,426.47,Not Converted
1594,24741,Instagram Ads,Upgradable exuding application,2187.95,Not Converted
1595,30170,Organic Search,User-friendly stable approach,3784.58,Converted
1596,29117,Instagram Ads,Inverse directional website,1270.33,Not Converted
1597,47131,Google Ads,Innovative user-facing task-force,992.92,Converted
1598,19129,Instagram Ads,Secured radical secured line,3393.22,Converted
1599,35656,Referral,Intuitive reciprocal encryption,662.87,Converted
1600,20496,Referral,Team-oriented bifurcated contingency,2483.68,Not Converted
1601,40791,YouTube Ads,Assimilated foreground toolset,3894.06,Not Converted
1602,48031,Organic Search,Quality-focused full-range attitude,3106.31,Not Converted
1603,30487,YouTube Ads,Cloned bandwidth-monitored circuit,1842.18,Not Converted
1604,28521,Google Ads,Function-based motivating workforce,778.41,Not Converted
1605,46986,Instagram Ads,Expanded zero administration algorithm,3660.54,Not Converted
1606,41098,Referral,Sharable demand-driven leverage,3935.18,Not Converted
1607,17977,Referral,Down-sized analyzing strategy,635.19,Not Converted
1608,97,YouTube Ads,Quality-focused national benchmark,1349.44,Not Converted
1609,26359,Organic Search,Down-sized next generation core,2958.1,Not Converted
1610,18507,Referral,Visionary asymmetric array,3157.52,Not Converted
1611,22815,Referral,De-engineered client-server collaboration,2050.03,Not Converted
1612,29542,Referral,Synchronized reciprocal moderator,4247.64,Converted
1613,42743,Google Ads,Customizable client-server moratorium,1869.53,Converted
1614,7762,Organic Search,Future-proofed intangible knowledge user,4087.9,Not Converted
1615,47146,LinkedIn Ads,Cross-platform cohesive productivity,4889.85,Not Converted
1616,12379,Google Ads,Streamlined impactful alliance,3346.82,Not Converted
1617,37462,Referral,Open-source empowering model,1191.39,Not Converted
1618,42878,Instagram Ads,Inverse multimedia synergy,1068.68,Converted
1619,10302,LinkedIn Ads,Reduced heuristic budgetary management,559.02,Not Converted
1620,36401,Google Ads,Re-contextualized secondary initiative,1076.33,Converted
1621,47847,YouTube Ads,Grass-roots bandwidth-monitored frame,2813.04,Converted
1622,6732,Instagram Ads,Self-enabling methodical flexibility,2377.08,Not Converted
1623,16976,YouTube Ads,User-friendly background Graphical User Interface,3624.78,Converted
1624,6841,YouTube Ads,Future-proofed bifurcated hierarchy,920.31,Converted
1625,17884,LinkedIn Ads,Profit-focused hybrid ability,3237.23,Converted
1626,3766,Referral,Balanced national interface,2164.27,Converted
1627,2039,Referral,Object-based foreground benchmark,4687.71,Converted
1628,38650,Google Ads,Right-sized bottom-line initiative,371.05,Not Converted
1629,7734,Referral,Inverse multi-state policy,3173.65,Not Converted
1630,15794,YouTube Ads,Organized multi-state array,3584.52,Converted
1631,34031,Instagram Ads,Synergized reciprocal data-warehouse,1205.11,Not Converted
1632,23141,YouTube Ads,Open-source transitional customer loyalty,4714.51,Not Converted
1633,12899,LinkedIn Ads,Digitized upward-trending concept,1983.57,Converted
1634,30612,LinkedIn Ads,Reduced radical hardware,4218.41,Converted
1635,9046,Instagram Ads,Quality-focused cohesive emulation,3881.57,Not Converted
1636,21891,Instagram Ads,Sharable tangible help-desk,1804.07,Not Converted
1637,22196,Google Ads,Networked zero administration infrastructure,4613.37,Converted
1638,44390,LinkedIn Ads,Reverse-engineered optimal toolset,1529.03,Converted
1639,4128,Referral,Horizontal object-oriented attitude,4866.61,Not Converted
1640,24749,LinkedIn Ads,De-engineered heuristic toolset,334.19,Not Converted
1641,47059,YouTube Ads,Right-sized analyzing data-warehouse,2057.9,Not Converted
1642,38955,YouTube Ads,Centralized methodical conglomeration,4188.92,Not Converted
1643,23818,Referral,Reverse-engineered discrete attitude,620.39,Not Converted
1644,26191,Referral,Re-contextualized dynamic monitoring,2613.94,Converted
1645,41216,LinkedIn Ads,Realigned methodical secured line,1937.58,Converted
1646,4428,LinkedIn Ads,Innovative client-driven architecture,1668.44,Not Converted
1647,22740,Referral,Assimilated human-resource Local Area Network,3150.19,Not Converted
1648,28819,YouTube Ads,Expanded optimizing website,2736.23,Not Converted
1649,34908,YouTube Ads,Customer-focused neutral projection,4325.43,Not Converted
1650,6527,Referral,Mandatory exuding application,4330.58,Not Converted
1651,7820,Google Ads,Cross-group 24hour service-desk,4364.24,Not Converted
1652,36388,YouTube Ads,Integrated clear-thinking Graphical User Interface,1651.26,Not Converted
1653,47281,YouTube Ads,Public-key discrete definition,1129.23,Converted
1654,1737,LinkedIn Ads,Optimized intermediate forecast,4040.18,Converted
1655,35280,LinkedIn Ads,Secured contextually-based conglomeration,4854.16,Not Converted
1656,38987,Organic Search,Automated well-modulated productivity,3539.51,Converted
1657,36500,Organic Search,Upgradable non-volatile complexity,3067.14,Converted
1658,7246,YouTube Ads,Balanced interactive service-desk,4398.29,Converted
1659,24171,LinkedIn Ads,Inverse high-level help-desk,1553.06,Not Converted
1660,49168,LinkedIn Ads,Reactive real-time instruction set,3753.8,Converted
1661,20213,Organic Search,Expanded impactful moratorium,4214.17,Converted
1662,46859,Referral,User-centric solution-oriented leverage,2480.84,Converted
1663,31119,YouTube Ads,Reduced exuding throughput,1094.54,Not Converted
1664,27881,Instagram Ads,Enhanced human-resource database,2613.99,Not Converted
1665,8406,LinkedIn Ads,Automated multi-tasking intranet,3130.79,Not Converted
1666,22739,YouTube Ads,Centralized responsive methodology,173.63,Converted
1667,38769,YouTube Ads,Robust 3rdgeneration knowledge user,1158.41,Not Converted
1668,23207,Referral,Function-based explicit hub,4054.09,Not Converted
1669,12454,Instagram Ads,Profound bottom-line moderator,2270.12,Not Converted
1670,11476,YouTube Ads,Managed discrete workforce,1929.35,Converted
1671,44759,Referral,Triple-buffered high-level database,2460.75,Not Converted
1672,13683,Referral,User-friendly demand-driven emulation,3477.75,Converted
1673,9690,Google Ads,Ergonomic multimedia knowledge user,1429.71,Not Converted
1674,9809,Organic Search,Open-source global open system,1643.78,Converted
1675,39418,Referral,Innovative optimal ability,119.05,Not Converted
1676,32815,Instagram Ads,Managed dedicated infrastructure,1772.12,Not Converted
1677,24987,Instagram Ads,Face-to-face intangible contingency,3796.49,Converted
1678,43382,Organic Search,Grass-roots client-server success,1377.09,Not Converted
1679,12241,Instagram Ads,Digitized responsive implementation,3527.71,Not Converted
1680,32235,Organic Search,User-centric exuding forecast,3678.46,Not Converted
1681,36702,YouTube Ads,Universal interactive service-desk,1939.58,Converted
1682,32027,Google Ads,Fundamental maximized parallelism,2540.69,Converted
1683,6186,Organic Search,Profit-focused multi-tasking focus group,3598.72,Not Converted
1684,35455,LinkedIn Ads,Enterprise-wide asymmetric throughput,1105.95,Converted
1685,46072,Organic Search,Secured zero tolerance access,242.77,Not Converted
1686,31961,Referral,Extended well-modulated parallelism,2161.27,Converted
1687,18948,Google Ads,Optional upward-trending parallelism,915.1,Not Converted
1688,20644,YouTube Ads,Persistent maximized encoding,899.29,Not Converted
1689,40814,Instagram Ads,Fully-configurable disintermediate groupware,1176.67,Not Converted
1690,41392,Referral,Enhanced neutral monitoring,2299.84,Converted
1691,42431,Organic Search,Diverse human-resource monitoring,2393.05,Converted
1692,24018,Instagram Ads,Organized systemic solution,3463.55,Not Converted
1693,7693,Referral,Persistent mobile concept,2771.15,Converted
1694,19768,LinkedIn Ads,Intuitive attitude-oriented structure,4554.46,Converted
1695,2629,Referral,Right-sized hybrid array,985.13,Converted
1696,30989,YouTube Ads,Realigned client-server collaboration,789.24,Not Converted
1697,10645,Referral,Customer-focused systematic system engine,406.33,Not Converted
1698,34104,YouTube Ads,Versatile reciprocal contingency,411.88,Converted
1699,5852,Instagram Ads,Open-source demand-driven contingency,983.35,Not Converted
1700,22056,Referral,Secured motivating adapter,3024.09,Not Converted
1701,27943,Instagram Ads,Fully-configurable intermediate software,2186.07,Not Converted
1702,3041,Instagram Ads,Sharable context-sensitive concept,886.3,Not Converted
1703,11191,LinkedIn Ads,Organized real-time capacity,480.77,Not Converted
1704,4284,Instagram Ads,Compatible intangible process improvement,669.07,Not Converted
1705,27570,Organic Search,Profit-focused even-keeled methodology,923.59,Not Converted
1706,8869,LinkedIn Ads,Seamless 24hour structure,2770.65,Converted
1707,42554,Google Ads,Assimilated static Internet solution,70.71,Not Converted
1708,11171,YouTube Ads,Public-key upward-trending access,4806.76,Converted
1709,43930,Google Ads,Ergonomic logistical moratorium,1095.35,Converted
1710,26372,Organic Search,Adaptive secondary system engine,2683.24,Converted
1711,6768,LinkedIn Ads,Open-architected regional project,742.44,Not Converted
1712,44377,Organic Search,Persistent human-resource extranet,701.83,Not Converted
1713,44249,Organic Search,Upgradable intangible throughput,492.28,Converted
1714,36867,LinkedIn Ads,Customer-focused solution-oriented capacity,941.95,Not Converted
1715,35230,Google Ads,Reduced homogeneous Graphic Interface,2750.64,Converted
1716,6438,LinkedIn Ads,Balanced motivating frame,3946.84,Converted
1717,6758,Organic Search,Phased logistical data-warehouse,298.8,Not Converted
1718,14240,Instagram Ads,Horizontal 3rdgeneration service-desk,3132.39,Converted
1719,46758,Instagram Ads,Profit-focused high-level approach,1008.37,Converted
1720,49193,Organic Search,Face-to-face even-keeled toolset,1664.92,Not Converted
1721,9030,Organic Search,Progressive hybrid approach,3187.21,Not Converted
1722,23746,LinkedIn Ads,Enhanced grid-enabled challenge,1196.49,Not Converted
1723,44692,Organic Search,Organized zero-defect array,2789.05,Converted
1724,22951,YouTube Ads,Team-oriented upward-trending core,2575.31,Converted
1725,14227,Organic Search,Streamlined mission-critical capacity,1443.87,Converted
1726,36931,Instagram Ads,Customizable motivating analyzer,2855.36,Not Converted
1727,45444,Referral,Digitized systemic neural-net,4049.43,Not Converted
1728,34955,LinkedIn Ads,Total leadingedge analyzer,490.37,Not Converted
1729,21972,LinkedIn Ads,Re-contextualized stable moratorium,3343.51,Not Converted
1730,33553,Google Ads,Cross-platform secondary task-force,2627.18,Not Converted
1731,48043,Organic Search,Down-sized optimizing infrastructure,3160.95,Not Converted
1732,13391,LinkedIn Ads,Face-to-face responsive implementation,60.57,Not Converted
1733,36780,YouTube Ads,Robust cohesive implementation,467.73,Converted
1734,2358,Instagram Ads,Customizable intangible customer loyalty,2948.36,Not Converted
1735,23035,LinkedIn Ads,Innovative exuding parallelism,2123.3,Not Converted
1736,11816,YouTube Ads,Cloned zero administration middleware,3273.4,Not Converted
1737,23660,YouTube Ads,Team-oriented eco-centric open system,588.84,Not Converted
1738,24121,LinkedIn Ads,Business-focused cohesive collaboration,2881.81,Converted
1739,28205,Google Ads,Triple-buffered composite moratorium,3459.11,Not Converted
1740,1961,Referral,Face-to-face stable middleware,4188.97,Not Converted
1741,24516,YouTube Ads,Diverse grid-enabled moratorium,378.73,Converted
1742,16142,Organic Search,Automated high-level solution,382.79,Converted
1743,13004,Google Ads,Customer-focused static definition,1125.79,Not Converted
1744,23596,Organic Search,Reduced grid-enabled functionalities,3956.49,Not Converted
1745,34184,Referral,Realigned neutral functionalities,4862.97,Not Converted
1746,31511,Instagram Ads,Customizable web-enabled neural-net,3752.91,Converted
1747,6563,Google Ads,Assimilated empowering core,2477.08,Not Converted
1748,18710,Instagram Ads,Intuitive composite product,3007.09,Not Converted
1749,12442,Instagram Ads,Sharable dynamic productivity,4666.26,Not Converted
1750,9171,Google Ads,Balanced impactful definition,4434.31,Converted
1751,22629,Organic Search,Sharable heuristic hardware,3084.57,Not Converted
1752,44749,Organic Search,Seamless secondary parallelism,2889.67,Not Converted
1753,16028,Organic Search,Universal 3rdgeneration pricing structure,1279.9,Converted
1754,8962,Instagram Ads,Decentralized global knowledgebase,2326.69,Not Converted
1755,45269,Referral,User-friendly local data-warehouse,3500.85,Converted
1756,10538,Google Ads,Grass-roots eco-centric database,4705.67,Converted
1757,40631,Instagram Ads,Future-proofed 4thgeneration migration,2611.43,Not Converted
1758,14712,Referral,Stand-alone homogeneous definition,3539.23,Not Converted
1759,34201,YouTube Ads,Team-oriented hybrid synergy,2569.24,Converted
1760,33637,Organic Search,Function-based discrete knowledgebase,4493.39,Not Converted
1761,48191,Google Ads,Configurable maximized structure,2485.23,Converted
1762,2162,LinkedIn Ads,Innovative systemic conglomeration,3693.41,Converted
1763,32183,YouTube Ads,Right-sized multi-tasking pricing structure,3178.31,Converted
1764,40846,Organic Search,Monitored 6thgeneration circuit,3598.48,Converted
1765,22939,Referral,Object-based context-sensitive initiative,4391.35,Not Converted
1766,26980,YouTube Ads,Self-enabling explicit adapter,4861.06,Converted
1767,40682,Google Ads,Organic client-driven access,568.46,Not Converted
1768,13359,LinkedIn Ads,Virtual 4thgeneration synergy,3553.21,Not Converted
1769,25427,Organic Search,Synchronized holistic portal,1824.81,Converted
1770,36311,Referral,Synchronized content-based firmware,4334.62,Not Converted
1771,24623,Organic Search,Sharable eco-centric project,1345.77,Not Converted
1772,46565,Organic Search,Self-enabling hybrid functionalities,1871.98,Converted
1773,15161,Instagram Ads,Ameliorated bottom-line Local Area Network,2252.22,Converted
1774,13219,Organic Search,Devolved zero administration matrices,1957.48,Not Converted
1775,22248,Referral,Visionary mobile info-mediaries,2313.6,Converted
1776,12134,YouTube Ads,Cross-group holistic orchestration,2696.45,Not Converted
1777,44459,LinkedIn Ads,Robust multi-tasking matrices,2312.77,Not Converted
1778,12882,Instagram Ads,Horizontal contextually-based Graphic Interface,961.65,Not Converted
1779,39420,YouTube Ads,Multi-channeled disintermediate benchmark,1709.37,Not Converted
1780,9614,LinkedIn Ads,Synergized didactic methodology,4577.01,Converted
1781,47519,Instagram Ads,Compatible multimedia database,3108.34,Converted
1782,45008,Organic Search,Seamless 24hour initiative,3336.32,Not Converted
1783,34281,Instagram Ads,Cross-group context-sensitive support,2035.03,Not Converted
1784,3426,Google Ads,Distributed dynamic system engine,4557.9,Not Converted
1785,30284,YouTube Ads,Distributed real-time productivity,2288.22,Converted
1786,20614,Instagram Ads,Distributed logistical model,3806.12,Converted
1787,40069,Referral,Ameliorated explicit encryption,3369.3,Converted
1788,4223,Referral,Optimized clear-thinking data-warehouse,136.91,Converted
1789,48689,YouTube Ads,Proactive secondary Internet solution,4168.75,Not Converted
1790,47986,Google Ads,Adaptive fault-tolerant product,3381.59,Not Converted
1791,19510,YouTube Ads,De-engineered maximized process improvement,3728.2,Converted
1792,2339,Referral,Universal non-volatile alliance,311.81,Not Converted
1793,12161,Instagram Ads,User-friendly dedicated implementation,2562.31,Converted
1794,41721,LinkedIn Ads,Synergistic directional functionalities,1892.74,Converted
1795,10189,Instagram Ads,Down-sized bifurcated contingency,95.0,Not Converted
1796,38752,Google Ads,Synchronized bi-directional portal,504.15,Not Converted
1797,17692,Instagram Ads,Customer-focused didactic array,2471.17,Converted
1798,43910,Organic Search,Decentralized exuding productivity,3269.21,Not Converted
1799,163,Google Ads,Seamless modular middleware,1098.09,Converted
1800,36418,Google Ads,Future-proofed leadingedge circuit,4910.61,Not Converted
1801,8090,Organic Search,Implemented dedicated data-warehouse,2462.39,Not Converted
1802,47686,Organic Search,Automated tangible firmware,3972.25,Not Converted
1803,18630,Organic Search,Profit-focused zero administration hardware,2158.78,Converted
1804,2906,Organic Search,Customizable motivating model,2002.5,Not Converted
1805,14907,Organic Search,Persevering optimal time-frame,640.09,Not Converted
1806,42150,Organic Search,Cross-group fresh-thinking standardization,3811.71,Converted
1807,14464,Google Ads,Implemented 5thgeneration flexibility,733.88,Not Converted
1808,8541,Referral,Compatible bandwidth-monitored structure,88.9,Converted
1809,7863,YouTube Ads,Re-engineered tertiary superstructure,1986.09,Not Converted
1810,19841,Organic Search,Customizable dynamic adapter,593.65,Converted
1811,3753,Organic Search,Streamlined asymmetric synergy,1652.9,Converted
1812,12594,Google Ads,Right-sized background collaboration,4379.68,Not Converted
1813,46402,Google Ads,Assimilated methodical Local Area Network,3144.61,Converted
1814,20709,Organic Search,Synergized national customer loyalty,4001.38,Converted
1815,48044,YouTube Ads,Universal demand-driven forecast,2655.14,Not Converted
1816,26165,YouTube Ads,Optional clear-thinking time-frame,3417.53,Converted
1817,11525,YouTube Ads,Advanced asynchronous artificial intelligence,4825.41,Converted
1818,12690,Organic Search,Up-sized national infrastructure,4264.37,Converted
1819,49755,Referral,Pre-emptive modular toolset,2374.57,Not Converted
1820,4775,LinkedIn Ads,Realigned well-modulated hub,1574.12,Converted
1821,45200,LinkedIn Ads,Advanced interactive focus group,2059.32,Converted
1822,41791,Organic Search,Phased bottom-line alliance,4959.4,Not Converted
1823,3121,Referral,Exclusive value-added toolset,746.05,Not Converted
1824,15409,Google Ads,Face-to-face user-facing Internet solution,2394.62,Converted
1825,8036,YouTube Ads,Intuitive clear-thinking frame,2618.24,Not Converted
1826,8312,Instagram Ads,Synergized zero administration hardware,1107.67,Not Converted
1827,15392,Google Ads,Cross-platform optimal ability,2449.15,Converted
1828,41803,LinkedIn Ads,Secured neutral time-frame,3027.77,Not Converted
1829,20343,Instagram Ads,Balanced global approach,692.96,Converted
1830,17983,LinkedIn Ads,Innovative foreground leverage,2635.49,Converted
1831,26261,Instagram Ads,Ergonomic demand-driven attitude,4367.26,Converted
1832,31835,Google Ads,Self-enabling actuating service-desk,2545.21,Converted
1833,20746,Organic Search,Cross-platform didactic orchestration,4957.09,Not Converted
1834,40270,Instagram Ads,Distributed multimedia framework,1143.97,Not Converted
1835,6233,Organic Search,Visionary dedicated encryption,2070.96,Not Converted
1836,47533,Instagram Ads,Implemented high-level strategy,1885.62,Converted
1837,28984,Organic Search,Configurable value-added interface,447.33,Not Converted
1838,9014,LinkedIn Ads,Future-proofed interactive utilization,1129.03,Not Converted
1839,16273,YouTube Ads,Down-sized stable moderator,255.98,Not Converted
1840,19825,LinkedIn Ads,Profit-focused 24/7 definition,1791.13,Not Converted
1841,825,Instagram Ads,Networked clear-thinking matrix,3301.54,Not Converted
1842,16199,YouTube Ads,Cross-platform 5thgeneration product,4849.38,Not Converted
1843,42876,YouTube Ads,Implemented client-server alliance,289.74,Not Converted
1844,6865,YouTube Ads,Future-proofed eco-centric website,1971.32,Converted
1845,7415,YouTube Ads,Business-focused scalable migration,3245.87,Not Converted
1846,34974,LinkedIn Ads,Realigned maximized groupware,1944.77,Converted
1847,6933,Organic Search,Object-based foreground function,4720.41,Converted
1848,10306,Referral,Multi-lateral system-worthy leverage,1496.93,Converted
1849,45893,Google Ads,Future-proofed local parallelism,2528.96,Converted
1850,36521,Google Ads,Quality-focused didactic website,1501.75,Converted
1851,18763,Instagram Ads,Advanced multi-state hierarchy,268.42,Not Converted
1852,37501,YouTube Ads,Cross-platform global focus group,3404.89,Not Converted
1853,37504,Organic Search,Implemented stable product,2768.67,Converted
1854,36961,Organic Search,Synergized dynamic hardware,2283.69,Converted
1855,48093,Instagram Ads,Re-contextualized bi-directional model,472.45,Converted
1856,31070,LinkedIn Ads,Persistent needs-based flexibility,228.13,Converted
1857,37132,Referral,Front-line user-facing infrastructure,3367.21,Converted
1858,22136,Referral,Visionary multimedia Internet solution,4770.14,Converted
1859,16726,Google Ads,Adaptive optimal service-desk,1347.68,Converted
1860,13264,Instagram Ads,Enhanced coherent implementation,4980.12,Converted
1861,22664,Instagram Ads,Programmable upward-trending Internet solution,1966.06,Converted
1862,25213,Instagram Ads,Organized regional initiative,1089.59,Converted
1863,49061,LinkedIn Ads,Pre-emptive explicit benchmark,4564.42,Not Converted
1864,828,Google Ads,Synergistic static encryption,3804.49,Converted
1865,10024,Google Ads,Focused global synergy,4953.36,Converted
1866,48142,LinkedIn Ads,Compatible full-range time-frame,746.45,Not Converted
1867,47065,LinkedIn Ads,Distributed logistical support,3435.23,Not Converted
1868,8404,Organic Search,Enterprise-wide multi-state process improvement,4211.84,Not Converted
1869,36935,YouTube Ads,Compatible dedicated implementation,1080.92,Converted
1870,28053,Organic Search,Reverse-engineered multi-state service-desk,1331.54,Converted
1871,29486,Organic Search,Optional methodical implementation,1957.76,Not Converted
1872,49134,Google Ads,Optimized solution-oriented toolset,2658.71,Not Converted
1873,17179,Instagram Ads,Fundamental high-level intranet,794.67,Not Converted
1874,32860,Instagram Ads,Fully-configurable web-enabled open system,1273.56,Not Converted
1875,36640,Instagram Ads,Fundamental exuding pricing structure,4631.65,Converted
1876,37259,Organic Search,Profit-focused static array,60.39,Not Converted
1877,19412,Referral,Vision-oriented methodical core,1889.41,Not Converted
1878,13756,Google Ads,Centralized system-worthy moderator,3156.54,Converted
1879,37239,LinkedIn Ads,Face-to-face tangible extranet,4949.06,Converted
1880,30784,Organic Search,Vision-oriented full-range installation,4390.94,Converted
1881,41695,LinkedIn Ads,Open-source user-facing moderator,2079.67,Converted
1882,10149,Google Ads,Distributed heuristic capability,3422.64,Not Converted
1883,11141,Google Ads,Adaptive systematic leverage,1870.82,Converted
1884,27257,Referral,Robust local knowledgebase,117.09,Converted
1885,42706,Referral,Profound non-volatile pricing structure,720.4,Not Converted
1886,24330,LinkedIn Ads,Fully-configurable value-added hierarchy,782.93,Not Converted
1887,38653,Google Ads,Multi-tiered didactic process improvement,2875.88,Converted
1888,19093,Organic Search,Organized executive help-desk,56.32,Not Converted
1889,29094,Referral,Synergized multi-state knowledgebase,497.02,Converted
1890,28125,Organic Search,Organic object-oriented open system,843.87,Converted
1891,27929,Instagram Ads,Open-source national artificial intelligence,3833.1,Converted
1892,42698,YouTube Ads,Digitized systemic projection,4079.66,Not Converted
1893,12774,Referral,Seamless maximized secured line,1706.21,Converted
1894,37737,Referral,Implemented system-worthy encoding,2205.56,Not Converted
1895,26601,YouTube Ads,Business-focused mission-critical installation,4104.56,Not Converted
1896,48287,Instagram Ads,Self-enabling clear-thinking ability,2141.53,Not Converted
1897,11081,LinkedIn Ads,Enterprise-wide zero tolerance throughput,4335.55,Converted
1898,33519,Organic Search,Distributed maximized support,1663.27,Converted
1899,5051,YouTube Ads,Proactive homogeneous workforce,4799.11,Not Converted
1900,36325,Google Ads,Visionary intangible methodology,784.96,Not Converted
1901,16434,Instagram Ads,Cross-platform bifurcated forecast,1403.83,Not Converted
1902,36112,YouTube Ads,Profit-focused secondary time-frame,2445.58,Not Converted
1903,46362,LinkedIn Ads,Profit-focused dedicated orchestration,2260.77,Not Converted
1904,43357,Organic Search,Managed didactic portal,1169.07,Converted
1905,21249,Instagram Ads,Enterprise-wide composite open architecture,3999.25,Not Converted
1906,29903,YouTube Ads,Operative directional Graphical User Interface,1577.09,Converted
1907,21514,Organic Search,Exclusive multimedia matrix,3988.38,Converted
1908,7210,Referral,Optional exuding policy,305.38,Not Converted
1909,11258,LinkedIn Ads,Object-based demand-driven focus group,2236.18,Not Converted
1910,24923,Organic Search,Innovative bottom-line architecture,1859.29,Converted
1911,14269,Organic Search,Customizable modular pricing structure,1592.49,Converted
1912,45544,LinkedIn Ads,Switchable high-level budgetary management,4894.14,Not Converted
1913,8488,LinkedIn Ads,Enterprise-wide systematic core,600.72,Not Converted
1914,48604,YouTube Ads,Diverse foreground time-frame,2819.79,Converted
1915,35934,Referral,Front-line asynchronous moderator,237.48,Not Converted
1916,30983,Organic Search,Fully-configurable well-modulated flexibility,360.39,Not Converted
1917,617,Instagram Ads,Right-sized 5thgeneration monitoring,2299.69,Converted
1918,666,Google Ads,Ergonomic reciprocal core,205.2,Not Converted
1919,49078,Referral,Multi-tiered discrete approach,594.8,Not Converted
1920,35790,Google Ads,Customer-focused radical success,2454.5,Converted
1921,1564,YouTube Ads,Vision-oriented 5thgeneration productivity,4910.14,Not Converted
1922,81,YouTube Ads,Operative transitional Internet solution,4792.76,Converted
1923,33526,LinkedIn Ads,Cloned optimizing middleware,643.7,Not Converted
1924,13939,YouTube Ads,Function-based bi-directional Local Area Network,4302.46,Not Converted
1925,48948,Google Ads,Distributed mobile project,576.42,Converted
1926,15353,YouTube Ads,Distributed dedicated framework,1935.83,Not Converted
1927,23202,LinkedIn Ads,Integrated bottom-line benchmark,1387.58,Not Converted
1928,46673,Google Ads,Switchable well-modulated encryption,1966.19,Not Converted
1929,772,YouTube Ads,Focused interactive open architecture,2705.81,Not Converted
1930,45694,LinkedIn Ads,Visionary systemic standardization,3570.22,Not Converted
1931,36415,Instagram Ads,Sharable value-added Graphical User Interface,562.78,Not Converted
1932,49329,Google Ads,Versatile bi-directional algorithm,4457.93,Converted
1933,16647,Instagram Ads,Phased zero administration encryption,3755.88,Converted
1934,5876,Instagram Ads,Realigned needs-based analyzer,4239.12,Not Converted
1935,22122,YouTube Ads,Reactive heuristic open system,4353.93,Not Converted
1936,47023,Google Ads,Inverse intermediate infrastructure,3272.3,Converted
1937,35541,Referral,Up-sized tangible function,2688.32,Not Converted
1938,10956,YouTube Ads,Operative zero-defect model,202.27,Converted
1939,32686,YouTube Ads,Cloned modular groupware,3810.81,Converted
1940,21632,LinkedIn Ads,User-friendly fault-tolerant support,3855.17,Converted
1941,22572,Instagram Ads,Open-source bi-directional implementation,2721.94,Converted
1942,49190,Referral,Function-based exuding monitoring,1162.9,Converted
1943,29688,YouTube Ads,Function-based responsive framework,4712.56,Converted
1944,5406,Google Ads,Phased zero-defect intranet,2901.32,Converted
1945,48771,Organic Search,Profit-focused background initiative,787.68,Converted
1946,18858,Organic Search,User-friendly asynchronous open architecture,1012.31,Not Converted
1947,36488,Organic Search,Fully-configurable 24/7 flexibility,4069.26,Not Converted
1948,39483,LinkedIn Ads,Multi-layered content-based capability,4950.82,Not Converted
1949,20794,YouTube Ads,Optimized bifurcated Graphic Interface,4581.66,Converted
1950,6926,Google Ads,User-centric dedicated adapter,2056.12,Not Converted
1951,36731,YouTube Ads,Persevering intangible utilization,2661.3,Not Converted
1952,8516,Instagram Ads,Inverse needs-based software,1022.68,Converted
1953,43836,Instagram Ads,Triple-buffered heuristic customer loyalty,2131.91,Not Converted
1954,34704,Referral,Diverse mission-critical system engine,4676.21,Not Converted
1955,44688,LinkedIn Ads,Re-engineered didactic encoding,4808.83,Not Converted
1956,18936,Organic Search,Visionary high-level framework,4323.12,Converted
1957,35167,Instagram Ads,Digitized optimizing Graphic Interface,3359.98,Converted
1958,33648,LinkedIn Ads,Decentralized holistic Graphical User Interface,1956.63,Not Converted
1959,32199,LinkedIn Ads,Quality-focused 6thgeneration challenge,2996.41,Converted
1960,12272,LinkedIn Ads,Profound neutral function,3985.64,Converted
1961,44213,Referral,Programmable directional structure,3156.69,Converted
1962,25428,Instagram Ads,Vision-oriented optimizing strategy,2514.73,Converted
1963,43236,Instagram Ads,Customizable solution-oriented archive,2812.97,Converted
1964,19239,Instagram Ads,Multi-lateral solution-oriented alliance,4781.68,Converted
1965,29586,Instagram Ads,Phased composite knowledge user,3890.18,Converted
1966,6660,Instagram Ads,Monitored next generation initiative,2837.28,Not Converted
1967,12888,Google Ads,Proactive hybrid encoding,1117.09,Converted
1968,42798,Instagram Ads,Public-key multi-state budgetary management,3467.26,Converted
1969,27277,Instagram Ads,Automated scalable strategy,3366.37,Not Converted
1970,9532,Google Ads,Total high-level process improvement,552.87,Not Converted
1971,31154,Referral,Extended holistic service-desk,1106.25,Converted
1972,31204,YouTube Ads,Cross-group holistic definition,3717.1,Not Converted
1973,46336,Referral,Vision-oriented actuating project,4102.65,Converted
1974,18560,Google Ads,Customer-focused neutral productivity,1674.18,Not Converted
1975,2524,LinkedIn Ads,Cross-platform asynchronous complexity,1604.54,Converted
1976,11079,Google Ads,Implemented multi-state customer loyalty,2280.58,Not Converted
1977,5457,LinkedIn Ads,Integrated dynamic extranet,3468.11,Not Converted
1978,16422,YouTube Ads,Vision-oriented regional info-mediaries,4125.08,Converted
1979,10537,Instagram Ads,Programmable stable infrastructure,4440.99,Not Converted
1980,47099,Google Ads,Enterprise-wide asymmetric productivity,4284.69,Converted
1981,43634,LinkedIn Ads,Organized 24hour database,2613.83,Converted
1982,16466,Instagram Ads,Exclusive mobile info-mediaries,4275.83,Converted
1983,43050,Instagram Ads,Quality-focused exuding complexity,1959.08,Not Converted
1984,27093,Organic Search,Streamlined disintermediate groupware,4528.04,Not Converted
1985,3627,Google Ads,Reactive content-based methodology,1567.07,Not Converted
1986,34338,Organic Search,Multi-lateral full-range product,3716.64,Not Converted
1987,49028,Referral,Seamless executive capacity,2351.46,Converted
1988,33453,Referral,Persevering static customer loyalty,1999.3,Converted
1989,36760,LinkedIn Ads,Progressive secondary functionalities,2332.43,Converted
1990,5966,Instagram Ads,Persistent 3rdgeneration workforce,4860.71,Not Converted
1991,39767,LinkedIn Ads,Advanced radical core,1549.88,Converted
1992,30596,Instagram Ads,Cloned hybrid pricing structure,1640.61,Not Converted
1993,46786,YouTube Ads,Reduced fresh-thinking workforce,4762.01,Not Converted
1994,15423,Google Ads,Exclusive user-facing application,3590.8,Not Converted
1995,33399,LinkedIn Ads,Multi-lateral explicit firmware,2424.35,Not Converted
1996,32524,Organic Search,Streamlined explicit complexity,1536.05,Converted
1997,43148,LinkedIn Ads,Front-line discrete archive,1812.42,Not Converted
1998,29296,Instagram Ads,Function-based high-level collaboration,4663.55,Not Converted
1999,14147,LinkedIn Ads,Managed methodical superstructure,4551.54,Not Converted
2000,49197,YouTube Ads,Focused bifurcated matrices,3700.95,Converted
2001,44040,Google Ads,Versatile 5thgeneration migration,315.59,Not Converted
2002,41464,Organic Search,Function-based explicit system engine,3491.31,Not Converted
2003,38911,YouTube Ads,Monitored dedicated capability,370.04,Not Converted
2004,16728,Instagram Ads,Advanced asymmetric throughput,822.91,Converted
2005,15297,LinkedIn Ads,Organized multimedia encoding,2543.31,Converted
2006,9374,Google Ads,Upgradable dynamic policy,4746.94,Converted
2007,27146,YouTube Ads,Advanced bi-directional encryption,1733.21,Converted
2008,30202,Google Ads,Implemented secondary structure,548.25,Converted
2009,1677,Referral,Reverse-engineered optimal structure,2734.39,Not Converted
2010,28419,Organic Search,Fully-configurable client-driven benchmark,2586.49,Not Converted
2011,3995,LinkedIn Ads,Customizable optimizing projection,787.64,Converted
2012,39173,Instagram Ads,Inverse user-facing service-desk,505.47,Not Converted
2013,6468,Referral,Re-engineered 5thgeneration architecture,3564.05,Converted
2014,42066,Organic Search,Quality-focused dynamic secured line,2224.76,Converted
2015,8614,YouTube Ads,Persistent multimedia solution,1820.2,Converted
2016,4960,Organic Search,Visionary 24hour emulation,851.83,Converted
2017,6572,LinkedIn Ads,Innovative zero tolerance open system,862.09,Converted
2018,11918,Instagram Ads,Exclusive mission-critical projection,3140.45,Not Converted
2019,36491,Instagram Ads,Stand-alone real-time core,613.29,Not Converted
2020,45744,Organic Search,Persistent cohesive access,1384.74,Converted
2021,34115,YouTube Ads,Managed human-resource hardware,159.2,Converted
2022,31661,Instagram Ads,Pre-emptive zero tolerance software,693.19,Not Converted
2023,23503,LinkedIn Ads,Innovative solution-oriented knowledge user,3350.99,Converted
2024,27302,Instagram Ads,Multi-channeled mobile time-frame,142.42,Not Converted
2025,11151,Referral,Focused zero-defect leverage,4230.54,Converted
2026,21376,Instagram Ads,Fundamental multimedia policy,2333.21,Not Converted
2027,43614,YouTube Ads,Up-sized national standardization,3343.95,Not Converted
2028,10726,Google Ads,Reactive bottom-line Graphic Interface,821.03,Converted
2029,29688,Google Ads,Up-sized intangible hardware,67.09,Converted
2030,12542,Instagram Ads,Phased asymmetric collaboration,123.17,Not Converted
2031,41235,Instagram Ads,Team-oriented contextually-based throughput,3283.41,Not Converted
2032,41026,Organic Search,Polarized non-volatile system engine,3275.46,Converted
2033,16044,LinkedIn Ads,Team-oriented regional access,2020.74,Converted
2034,24690,Organic Search,Decentralized radical migration,1471.27,Not Converted
2035,6997,Google Ads,Team-oriented leadingedge forecast,2978.84,Not Converted
2036,55,LinkedIn Ads,Adaptive well-modulated groupware,280.79,Converted
2037,25809,Organic Search,Automated transitional system engine,117.54,Not Converted
2038,16511,YouTube Ads,Compatible hybrid success,364.43,Not Converted
2039,43872,Google Ads,Future-proofed solution-oriented system engine,110.32,Converted
2040,185,YouTube Ads,Compatible executive Graphic Interface,4988.11,Not Converted
2041,41607,LinkedIn Ads,Right-sized tangible data-warehouse,2139.96,Not Converted
2042,26924,LinkedIn Ads,Reactive mobile customer loyalty,1081.55,Not Converted
2043,44064,Instagram Ads,Multi-tiered exuding conglomeration,2661.38,Not Converted
2044,48057,Google Ads,Programmable object-oriented initiative,3355.71,Converted
2045,43182,Organic Search,Fundamental 3rdgeneration solution,127.19,Not Converted
2046,30174,Referral,Organic multimedia process improvement,2900.81,Converted
2047,20129,LinkedIn Ads,Horizontal zero administration hub,1281.3,Not Converted
2048,44840,LinkedIn Ads,Face-to-face optimizing monitoring,4835.53,Converted
2049,28394,Instagram Ads,Compatible static collaboration,1308.25,Converted
2050,10325,Google Ads,Down-sized discrete protocol,715.69,Not Converted
2051,42293,Organic Search,Visionary 4thgeneration policy,1419.08,Converted
2052,34273,Organic Search,User-friendly tangible circuit,3478.1,Converted
2053,34330,Organic Search,Enhanced fresh-thinking knowledge user,2036.03,Not Converted
2054,1574,LinkedIn Ads,Universal intangible solution,3100.25,Converted
2055,2849,Google Ads,Fully-configurable radical Internet solution,977.27,Converted
2056,219,YouTube Ads,Managed multi-state extranet,1552.52,Not Converted
2057,21698,Instagram Ads,Adaptive optimal complexity,82.84,Not Converted
2058,12418,Referral,Grass-roots multi-state algorithm,2872.72,Converted
2059,33972,Google Ads,Multi-lateral grid-enabled circuit,1813.73,Not Converted
2060,16751,Google Ads,Fully-configurable fresh-thinking parallelism,2043.76,Not Converted
2061,27984,LinkedIn Ads,Operative static leverage,991.5,Not Converted
2062,14088,Google Ads,Phased human-resource collaboration,1436.28,Converted
2063,544,YouTube Ads,Profound multi-state website,3547.49,Not Converted
2064,661,Referral,De-engineered 6thgeneration architecture,4285.42,Not Converted
2065,32154,Referral,Assimilated solution-oriented hierarchy,3888.95,Not Converted
2066,34645,Organic Search,Profound 3rdgeneration framework,2380.44,Converted
2067,8988,Referral,Progressive bandwidth-monitored collaboration,2580.22,Not Converted
2068,8644,YouTube Ads,De-engineered fault-tolerant challenge,2289.92,Not Converted
2069,24091,LinkedIn Ads,Quality-focused systematic attitude,2489.78,Not Converted
2070,20155,Google Ads,Virtual zero-defect alliance,991.18,Not Converted
2071,49469,YouTube Ads,Stand-alone fresh-thinking matrices,2830.71,Not Converted
2072,14040,YouTube Ads,Managed 6thgeneration emulation,3559.76,Converted
2073,31747,LinkedIn Ads,Organic secondary superstructure,4772.04,Not Converted
2074,32915,YouTube Ads,Distributed impactful solution,2370.42,Not Converted
2075,15574,Referral,Multi-channeled fresh-thinking definition,1018.81,Not Converted
2076,48337,Referral,Programmable optimal focus group,4180.58,Not Converted
2077,17962,YouTube Ads,Re-contextualized exuding paradigm,3890.9,Not Converted
2078,13200,Instagram Ads,Fully-configurable intangible complexity,1370.63,Converted
2079,32078,Organic Search,Virtual demand-driven time-frame,3218.25,Converted
2080,40706,Referral,Fundamental asynchronous intranet,3983.41,Not Converted
2081,40084,Instagram Ads,Universal fresh-thinking portal,513.16,Converted
2082,44837,YouTube Ads,Balanced impactful website,138.35,Not Converted
2083,36558,Organic Search,Persistent discrete system engine,1499.84,Converted
2084,4169,Google Ads,Configurable fault-tolerant product,2066.45,Converted
2085,18830,Organic Search,Re-engineered clear-thinking system engine,1581.59,Not Converted
2086,47436,Instagram Ads,Realigned logistical alliance,4673.12,Converted
2087,1167,Organic Search,Configurable value-added synergy,579.62,Converted
2088,18065,Referral,Diverse zero tolerance firmware,3300.56,Not Converted
2089,3578,Referral,Sharable full-range service-desk,3900.6,Converted
2090,5295,LinkedIn Ads,Mandatory hybrid collaboration,1562.72,Not Converted
2091,39037,Organic Search,Switchable regional flexibility,1731.55,Not Converted
2092,29105,Organic Search,Persevering multi-state orchestration,3356.71,Converted
2093,23858,Google Ads,Extended empowering throughput,1312.84,Not Converted
2094,8838,Referral,Realigned background standardization,1168.13,Converted
2095,3378,Google Ads,Robust static website,4791.08,Converted
2096,38516,Referral,Optional full-range interface,1162.65,Not Converted
2097,20723,Instagram Ads,Centralized empowering frame,2588.76,Not Converted
2098,47918,Instagram Ads,Exclusive holistic middleware,4100.47,Not Converted
2099,18556,Referral,Operative tertiary success,2111.53,Converted
2100,31141,Referral,Customizable even-keeled website,4280.42,Not Converted
2101,44192,Referral,Re-engineered grid-enabled protocol,4182.13,Converted
2102,4236,Referral,Enhanced next generation application,2086.13,Not Converted
2103,48254,LinkedIn Ads,De-engineered dedicated success,2377.99,Not Converted
2104,28985,Organic Search,Persistent contextually-based ability,1221.94,Not Converted
2105,21213,Organic Search,Realigned stable info-mediaries,686.87,Converted
2106,49322,Google Ads,Down-sized executive frame,491.37,Converted
2107,42458,Referral,Face-to-face user-facing help-desk,3785.22,Converted
2108,28017,Referral,Implemented methodical infrastructure,1371.8,Converted
2109,47687,YouTube Ads,Customizable mission-critical productivity,4657.83,Converted
2110,9364,Referral,Object-based static knowledgebase,4670.44,Converted
2111,1221,Google Ads,Synergistic well-modulated functionalities,381.27,Converted
2112,19640,Google Ads,Function-based client-driven alliance,152.56,Converted
2113,19083,LinkedIn Ads,Business-focused homogeneous open system,4110.16,Not Converted
2114,35229,Organic Search,Team-oriented high-level infrastructure,262.79,Converted
2115,42696,Instagram Ads,Front-line composite functionalities,4652.02,Converted
2116,43664,YouTube Ads,Universal national benchmark,4005.85,Converted
2117,38465,Instagram Ads,Profit-focused fresh-thinking success,2533.29,Converted
2118,10445,Referral,Intuitive upward-trending neural-net,1831.87,Converted
2119,31782,Organic Search,Advanced motivating policy,1115.51,Converted
2120,16173,Instagram Ads,Function-based encompassing forecast,2640.94,Converted
2121,13907,Referral,Face-to-face grid-enabled implementation,2205.89,Not Converted
2122,45663,Referral,Open-source national analyzer,1629.86,Converted
2123,32516,LinkedIn Ads,Digitized homogeneous info-mediaries,3438.74,Not Converted
2124,13269,YouTube Ads,Networked disintermediate conglomeration,2013.97,Not Converted
2125,14581,LinkedIn Ads,Horizontal systematic success,1526.09,Not Converted
2126,35182,YouTube Ads,Customer-focused disintermediate task-force,3688.07,Not Converted
2127,17414,YouTube Ads,Advanced neutral archive,1071.39,Not Converted
2128,45273,YouTube Ads,Robust didactic strategy,381.8,Not Converted
2129,19966,YouTube Ads,Realigned bi-directional matrix,4799.47,Converted
2130,32257,Referral,Automated dynamic Graphic Interface,603.07,Not Converted
2131,644,YouTube Ads,Seamless composite hardware,4286.33,Not Converted
2132,39471,Instagram Ads,Open-source user-facing utilization,155.18,Converted
2133,25091,YouTube Ads,Enhanced intermediate function,1229.1,Not Converted
2134,33138,YouTube Ads,Synergistic composite concept,162.04,Not Converted
2135,638,YouTube Ads,Extended multimedia capacity,1676.01,Converted
2136,33851,Instagram Ads,Self-enabling mission-critical challenge,3190.38,Converted
2137,12528,Organic Search,Pre-emptive bi-directional alliance,269.26,Converted
2138,45199,Instagram Ads,Multi-channeled coherent paradigm,4184.22,Converted
2139,4052,LinkedIn Ads,Cloned reciprocal function,2732.59,Converted
2140,42115,Google Ads,Re-engineered needs-based extranet,3226.42,Converted
2141,27621,Referral,Cross-group explicit extranet,2301.27,Not Converted
2142,19253,LinkedIn Ads,Multi-tiered homogeneous middleware,4279.0,Not Converted
2143,35700,YouTube Ads,Cross-group needs-based project,3932.24,Not Converted
2144,13105,Organic Search,Expanded incremental policy,3572.35,Converted
2145,46435,Google Ads,User-centric intermediate capability,2941.88,Not Converted
2146,40479,Instagram Ads,Integrated directional workforce,2530.62,Converted
2147,44702,Google Ads,Realigned stable hub,3989.42,Not Converted
2148,16712,Referral,Re-engineered didactic time-frame,4321.78,Converted
2149,6227,Referral,Configurable responsive moderator,1518.05,Converted
2150,24614,LinkedIn Ads,Adaptive bandwidth-monitored matrices,3189.96,Converted
2151,37867,YouTube Ads,Organic executive neural-net,4949.31,Converted
2152,11625,LinkedIn Ads,Customizable dedicated encryption,1426.61,Converted
2153,30022,Google Ads,Up-sized client-server system engine,4026.21,Converted
2154,49657,YouTube Ads,Proactive grid-enabled knowledgebase,751.28,Converted
2155,40171,Referral,Decentralized value-added customer loyalty,248.47,Converted
2156,13560,YouTube Ads,Persevering impactful Local Area Network,1748.41,Not Converted
2157,16510,Google Ads,Reduced heuristic budgetary management,1211.96,Not Converted
2158,10482,LinkedIn Ads,Grass-roots human-resource data-warehouse,1104.59,Not Converted
2159,2183,Referral,Team-oriented bi-directional contingency,687.21,Converted
2160,6583,Referral,Upgradable scalable standardization,3663.43,Not Converted
2161,44988,Organic Search,Diverse analyzing project,2961.18,Not Converted
2162,8344,YouTube Ads,Synchronized methodical process improvement,1110.72,Not Converted
2163,22420,Organic Search,Networked homogeneous open system,2145.01,Not Converted
2164,19275,Referral,Upgradable real-time neural-net,2943.72,Converted
2165,16488,YouTube Ads,Enhanced national website,4039.85,Not Converted
2166,47691,Referral,Optional attitude-oriented time-frame,3318.38,Not Converted
2167,18677,Google Ads,Up-sized web-enabled intranet,3106.45,Not Converted
2168,30102,Google Ads,Synergistic mission-critical forecast,4058.53,Converted
2169,7618,Google Ads,Synchronized neutral forecast,4462.32,Not Converted
2170,14703,Instagram Ads,Proactive coherent toolset,4589.83,Not Converted
2171,8181,LinkedIn Ads,Balanced contextually-based portal,4363.17,Converted
2172,39510,Referral,Centralized encompassing challenge,3493.7,Not Converted
2173,7626,YouTube Ads,Diverse incremental success,1020.15,Converted
2174,22139,LinkedIn Ads,Robust multi-state capacity,3574.05,Not Converted
2175,44602,Organic Search,Seamless context-sensitive definition,1206.67,Not Converted
2176,32793,Instagram Ads,Open-architected executive knowledgebase,473.39,Converted
2177,42627,YouTube Ads,Automated web-enabled software,3942.54,Converted
2178,7865,LinkedIn Ads,Phased zero administration approach,3041.34,Converted
2179,46395,Google Ads,User-centric real-time implementation,3972.92,Not Converted
2180,23109,Google Ads,Robust leadingedge circuit,1944.71,Not Converted
2181,1610,YouTube Ads,Adaptive secondary service-desk,3013.78,Not Converted
2182,41202,Instagram Ads,Optional scalable open architecture,1847.25,Converted
2183,22647,Google Ads,Balanced neutral standardization,3037.67,Converted
2184,4886,Organic Search,Multi-channeled clear-thinking knowledge user,3983.68,Converted
2185,48173,Organic Search,Synergized empowering leverage,1423.97,Converted
2186,46297,Organic Search,Fully-configurable well-modulated middleware,4426.2,Converted
2187,31935,Google Ads,Front-line client-driven implementation,3496.38,Converted
2188,32912,LinkedIn Ads,Horizontal modular challenge,3382.75,Converted
2189,9079,YouTube Ads,Organic reciprocal alliance,1584.63,Converted
2190,17131,Instagram Ads,Reverse-engineered uniform middleware,2312.83,Converted
2191,25789,LinkedIn Ads,Inverse modular conglomeration,3046.07,Converted
2192,9516,Organic Search,Up-sized intangible superstructure,460.73,Converted
2193,19652,YouTube Ads,Multi-tiered demand-driven functionalities,3418.16,Not Converted
2194,7310,Organic Search,Open-architected didactic database,271.61,Not Converted
2195,39895,Google Ads,Down-sized bottom-line emulation,1249.38,Converted
2196,6574,LinkedIn Ads,Face-to-face context-sensitive extranet,1012.6,Converted
2197,8110,Google Ads,Centralized national website,1132.31,Converted
2198,49969,LinkedIn Ads,Ergonomic contextually-based matrices,155.97,Not Converted
2199,21195,LinkedIn Ads,Programmable systematic ability,342.05,Converted
2200,32066,LinkedIn Ads,Multi-lateral bottom-line analyzer,4186.24,Not Converted
2201,49505,Google Ads,Grass-roots zero tolerance infrastructure,2413.22,Converted
2202,39166,Referral,Progressive discrete circuit,2435.04,Converted
2203,27235,Referral,Ameliorated responsive Local Area Network,4343.15,Converted
2204,1487,YouTube Ads,Diverse directional infrastructure,4291.35,Not Converted
2205,37571,Google Ads,Polarized homogeneous software,2109.64,Converted
2206,2856,LinkedIn Ads,Enterprise-wide multi-tasking synergy,93.79,Converted
2207,41036,Referral,Persistent empowering success,1619.95,Converted
2208,34488,YouTube Ads,Business-focused methodical forecast,4728.84,Converted
2209,14916,Instagram Ads,Exclusive leadingedge Internet solution,786.43,Not Converted
2210,39577,YouTube Ads,Object-based mission-critical Internet solution,1877.64,Converted
2211,45551,YouTube Ads,User-friendly composite paradigm,4436.16,Not Converted
2212,45412,Organic Search,User-friendly dedicated synergy,3778.89,Converted
2213,17885,Google Ads,Assimilated holistic open system,4162.44,Converted
2214,14022,Instagram Ads,Devolved multi-state extranet,3821.03,Converted
2215,40307,LinkedIn Ads,Advanced 6thgeneration success,935.2,Converted
2216,49579,LinkedIn Ads,Customer-focused motivating middleware,3296.83,Not Converted
2217,48563,Instagram Ads,User-friendly intangible initiative,386.79,Not Converted
2218,989,YouTube Ads,Mandatory didactic policy,3126.74,Not Converted
2219,19761,Organic Search,Persevering next generation knowledge user,3571.09,Not Converted
2220,24639,Google Ads,Grass-roots 6thgeneration knowledgebase,1643.81,Not Converted
2221,47377,Referral,Multi-channeled 4thgeneration model,154.01,Not Converted
2222,23093,Referral,Distributed web-enabled task-force,1210.7,Not Converted
2223,39565,Google Ads,Proactive 24/7 ability,2906.07,Not Converted
2224,32972,Referral,Customer-focused contextually-based orchestration,2040.26,Not Converted
2225,6005,Google Ads,Balanced value-added matrix,4299.11,Converted
2226,27981,Instagram Ads,Profound eco-centric challenge,4466.34,Converted
2227,19452,Organic Search,Reverse-engineered client-server policy,2070.86,Converted
2228,21989,Instagram Ads,Automated mission-critical archive,1218.13,Not Converted
2229,4344,YouTube Ads,Automated motivating Internet solution,256.24,Not Converted
2230,22448,Google Ads,Cloned bifurcated contingency,1627.67,Converted
2231,18619,Google Ads,Vision-oriented motivating hardware,2973.07,Not Converted
2232,10153,Referral,Reactive solution-oriented complexity,4857.69,Converted
2233,38079,Organic Search,Optimized composite Local Area Network,2584.65,Converted
2234,29849,Referral,Customizable motivating flexibility,1979.41,Not Converted
2235,23294,Referral,Synchronized leadingedge concept,2637.84,Not Converted
2236,18978,Instagram Ads,Distributed 6thgeneration definition,3365.27,Converted
2237,30120,LinkedIn Ads,User-friendly hybrid interface,2353.54,Converted
2238,4276,Google Ads,Inverse dedicated benchmark,912.44,Not Converted
2239,44761,YouTube Ads,Re-engineered fault-tolerant archive,1179.37,Converted
2240,6000,Organic Search,User-centric context-sensitive process improvement,440.24,Converted
2241,44798,LinkedIn Ads,Team-oriented static hierarchy,4505.36,Not Converted
2242,49904,Organic Search,Implemented empowering hierarchy,883.62,Not Converted
2243,11484,Instagram Ads,Open-source real-time definition,3341.01,Not Converted
2244,43112,Referral,Optional motivating infrastructure,4552.27,Converted
2245,10844,YouTube Ads,Multi-layered upward-trending framework,488.29,Not Converted
2246,16038,Organic Search,Vision-oriented non-volatile knowledge user,1260.35,Converted
2247,18440,LinkedIn Ads,Streamlined system-worthy adapter,561.18,Converted
2248,7282,Referral,Cloned web-enabled support,4755.71,Not Converted
2249,16186,LinkedIn Ads,Optimized upward-trending secured line,974.54,Not Converted
2250,47164,Organic Search,Advanced multi-state utilization,3552.5,Not Converted
2251,26573,YouTube Ads,Right-sized high-level customer loyalty,3496.71,Not Converted
2252,19553,Google Ads,Assimilated heuristic database,1225.19,Converted
2253,12905,Organic Search,Versatile disintermediate attitude,2843.6,Not Converted
2254,45565,LinkedIn Ads,Upgradable mission-critical project,1319.3,Not Converted
2255,13632,Organic Search,Reverse-engineered needs-based forecast,4296.19,Converted
2256,45862,Google Ads,Visionary eco-centric architecture,1814.89,Converted
2257,20980,YouTube Ads,Networked reciprocal challenge,874.06,Converted
2258,31381,LinkedIn Ads,Proactive homogeneous migration,2211.38,Not Converted
2259,26428,Google Ads,Switchable homogeneous extranet,2930.01,Converted
2260,7867,Referral,Down-sized multi-tasking secured line,1031.81,Not Converted
2261,9275,Instagram Ads,User-friendly clear-thinking orchestration,1322.66,Converted
2262,17174,Instagram Ads,Monitored leadingedge function,4285.3,Converted
2263,25722,Referral,Public-key systematic superstructure,2696.76,Not Converted
2264,24453,Instagram Ads,Organic client-driven synergy,2019.62,Not Converted
2265,30418,Instagram Ads,Programmable contextually-based installation,1558.95,Not Converted
2266,27733,LinkedIn Ads,Object-based eco-centric superstructure,2952.18,Converted
2267,47612,Instagram Ads,Extended holistic benchmark,2829.2,Not Converted
2268,30511,LinkedIn Ads,Devolved methodical function,2992.67,Not Converted
2269,24340,Instagram Ads,Triple-buffered homogeneous algorithm,2874.82,Not Converted
2270,2182,Referral,Total uniform array,3751.92,Converted
2271,41028,Referral,Profound optimizing migration,1258.74,Converted
2272,48822,LinkedIn Ads,Front-line real-time software,1713.0,Not Converted
2273,32025,Instagram Ads,Quality-focused client-server workforce,2543.62,Not Converted
2274,34589,Referral,Grass-roots high-level core,3913.58,Not Converted
2275,15469,Organic Search,Integrated logistical moratorium,913.76,Converted
2276,47099,Instagram Ads,Public-key zero administration framework,1096.58,Not Converted
2277,17745,YouTube Ads,Universal 3rdgeneration methodology,2404.57,Not Converted
2278,2301,Google Ads,Profit-focused discrete website,3943.54,Converted
2279,5661,Referral,Decentralized eco-centric framework,2032.37,Converted
2280,2403,YouTube Ads,User-friendly demand-driven portal,2534.43,Converted
2281,20087,LinkedIn Ads,Sharable fresh-thinking contingency,4023.52,Converted
2282,44289,LinkedIn Ads,Triple-buffered human-resource utilization,807.34,Converted
2283,28565,Referral,Intuitive global solution,1269.94,Converted
2284,8489,Instagram Ads,Persistent 24hour Internet solution,4169.87,Not Converted
2285,17830,Instagram Ads,Horizontal didactic knowledgebase,4856.13,Not Converted
2286,31016,LinkedIn Ads,Pre-emptive hybrid product,4833.25,Not Converted
2287,13213,Organic Search,Fully-configurable object-oriented core,1008.96,Not Converted
2288,5538,LinkedIn Ads,Multi-tiered multimedia initiative,686.59,Not Converted
2289,33267,Referral,Up-sized local capacity,1354.14,Not Converted
2290,33504,Referral,Profit-focused transitional encryption,3082.24,Not Converted
2291,44668,Instagram Ads,Reactive 24hour system engine,507.32,Not Converted
2292,47093,YouTube Ads,Sharable logistical Graphic Interface,1938.03,Converted
2293,10061,Referral,Total coherent model,2506.61,Converted
2294,38499,YouTube Ads,Total fault-tolerant definition,524.71,Not Converted
2295,24609,Organic Search,User-friendly even-keeled groupware,4226.81,Not Converted
2296,31513,Organic Search,Quality-focused asymmetric concept,3105.64,Converted
2297,39656,LinkedIn Ads,Team-oriented discrete moratorium,2664.82,Not Converted
2298,47573,LinkedIn Ads,Optional bandwidth-monitored challenge,1779.41,Converted
2299,19410,YouTube Ads,Managed even-keeled website,1567.57,Not Converted
2300,17829,Referral,Decentralized optimal middleware,3346.23,Not Converted
2301,20803,LinkedIn Ads,Adaptive systematic installation,2261.37,Converted
2302,24995,Referral,Organic impactful customer loyalty,929.47,Converted
2303,28798,LinkedIn Ads,Seamless human-resource challenge,3372.52,Not Converted
2304,10312,Referral,Persistent reciprocal challenge,4067.42,Converted
2305,39769,Organic Search,Up-sized explicit approach,1659.68,Not Converted
2306,49930,Google Ads,Digitized solution-oriented database,856.13,Not Converted
2307,19192,LinkedIn Ads,Monitored real-time customer loyalty,1275.17,Not Converted
2308,38118,Organic Search,Business-focused even-keeled attitude,4080.32,Converted
2309,33359,Instagram Ads,Fundamental explicit challenge,4422.27,Converted
2310,27688,Google Ads,Proactive grid-enabled Local Area Network,1840.62,Not Converted
2311,12072,Organic Search,Implemented motivating forecast,3537.03,Converted
2312,14885,YouTube Ads,Automated tangible protocol,2169.55,Converted
2313,16657,LinkedIn Ads,Automated 5thgeneration firmware,1250.64,Not Converted
2314,40029,Organic Search,Persistent encompassing paradigm,3269.37,Converted
2315,1431,Organic Search,Fully-configurable demand-driven analyzer,572.64,Converted
2316,4143,Referral,Profound national initiative,1811.59,Not Converted
2317,18845,LinkedIn Ads,Configurable responsive focus group,2895.09,Converted
2318,49714,Organic Search,Enhanced human-resource model,3589.74,Not Converted
2319,47834,LinkedIn Ads,Public-key composite contingency,4273.23,Converted
2320,36601,Google Ads,Integrated systematic complexity,291.92,Converted
2321,36552,YouTube Ads,Multi-lateral analyzing encryption,465.85,Converted
2322,18174,YouTube Ads,Multi-tiered human-resource architecture,4334.33,Converted
2323,33743,Organic Search,Multi-channeled user-facing Internet solution,967.28,Converted
2324,31312,YouTube Ads,Team-oriented executive help-desk,1411.76,Converted
2325,30273,Referral,Multi-channeled solution-oriented service-desk,1203.93,Converted
2326,15282,Referral,Right-sized client-server extranet,1332.68,Not Converted
2327,26442,Google Ads,Front-line zero-defect Local Area Network,4010.18,Converted
2328,39745,Google Ads,Reactive optimal function,1104.35,Not Converted
2329,40398,Google Ads,Down-sized mobile toolset,1465.57,Not Converted
2330,9781,YouTube Ads,Business-focused bandwidth-monitored algorithm,2986.15,Converted
2331,48523,Instagram Ads,Operative responsive Local Area Network,2439.84,Converted
2332,3554,Referral,Diverse cohesive productivity,2654.53,Not Converted
2333,45279,LinkedIn Ads,Ergonomic executive project,891.69,Converted
2334,17232,Organic Search,De-engineered user-facing budgetary management,3802.0,Converted
2335,22108,Organic Search,Operative analyzing Graphical User Interface,2131.9,Not Converted
2336,14394,Referral,Configurable coherent collaboration,3659.64,Converted
2337,26007,LinkedIn Ads,Devolved tangible Local Area Network,301.55,Converted
2338,25289,Organic Search,Virtual transitional contingency,632.07,Converted
2339,31481,Google Ads,User-centric tertiary groupware,2010.14,Not Converted
2340,34933,YouTube Ads,Cross-platform background Local Area Network,4079.69,Converted
2341,2491,YouTube Ads,Enterprise-wide didactic superstructure,4855.02,Converted
2342,37608,Organic Search,Robust mission-critical solution,3069.56,Converted
2343,46726,Google Ads,Intuitive dynamic attitude,123.88,Converted
2344,8540,Referral,Assimilated 5thgeneration open system,2693.17,Converted
2345,39530,Referral,Streamlined intermediate help-desk,2603.54,Not Converted
2346,26737,LinkedIn Ads,Digitized scalable system engine,3700.04,Converted
2347,37297,Instagram Ads,Up-sized bifurcated Local Area Network,4462.14,Converted
2348,24672,LinkedIn Ads,Reverse-engineered 3rdgeneration open architecture,4162.41,Not Converted
2349,26252,Google Ads,Innovative secondary migration,2951.05,Not Converted
2350,44925,Referral,Object-based optimizing capacity,993.54,Not Converted
2351,25153,Google Ads,Networked non-volatile challenge,189.94,Converted
2352,37443,LinkedIn Ads,Grass-roots transitional approach,4766.3,Converted
2353,18703,Organic Search,Cloned even-keeled structure,1308.91,Converted
2354,35383,Google Ads,Down-sized executive flexibility,381.87,Converted
2355,12112,Referral,Multi-lateral neutral parallelism,4586.09,Not Converted
2356,23669,Organic Search,Cloned background time-frame,3293.74,Converted
2357,39873,Google Ads,Right-sized exuding infrastructure,1689.3,Converted
2358,42558,Referral,Face-to-face disintermediate support,2831.74,Not Converted
2359,21960,Google Ads,Intuitive didactic function,4322.17,Not Converted
2360,15473,Organic Search,Realigned background model,3726.99,Converted
2361,40351,YouTube Ads,Team-oriented grid-enabled extranet,4662.67,Not Converted
2362,32864,Google Ads,Open-architected grid-enabled collaboration,4847.88,Not Converted
2363,46287,Instagram Ads,Customizable eco-centric collaboration,4736.59,Converted
2364,24974,YouTube Ads,Horizontal logistical definition,1222.94,Converted
2365,35350,Referral,Business-focused hybrid pricing structure,1891.81,Not Converted
2366,41251,Instagram Ads,Open-source object-oriented matrix,3821.54,Converted
2367,5102,Referral,Face-to-face 3rdgeneration neural-net,4890.65,Converted
2368,36980,Referral,Centralized asynchronous infrastructure,2553.69,Converted
2369,19295,Organic Search,Triple-buffered leadingedge hub,656.5,Converted
2370,13360,Google Ads,Open-source bi-directional collaboration,60.41,Converted
2371,3013,YouTube Ads,Ergonomic responsive matrix,2817.57,Not Converted
2372,32258,Instagram Ads,Balanced solution-oriented ability,3358.3,Not Converted
2373,28131,Organic Search,Face-to-face executive flexibility,123.8,Converted
2374,48937,Google Ads,Focused intermediate Graphical User Interface,70.03,Not Converted
2375,9898,Referral,Optimized zero administration instruction set,3189.69,Not Converted
2376,37838,Referral,Profound systematic structure,2912.05,Converted
2377,13836,Google Ads,Down-sized incremental product,147.28,Not Converted
2378,2915,Referral,Persevering methodical intranet,338.52,Not Converted
2379,6494,Instagram Ads,Implemented composite encoding,2771.18,Converted
2380,41015,YouTube Ads,Upgradable incremental extranet,1073.06,Converted
2381,29699,Organic Search,User-friendly solution-oriented function,2203.75,Converted
2382,6046,Instagram Ads,Total real-time standardization,3087.14,Converted
2383,10801,YouTube Ads,Re-engineered demand-driven attitude,3330.29,Converted
2384,15325,Instagram Ads,Focused didactic architecture,1603.18,Not Converted
2385,38220,Organic Search,Distributed holistic artificial intelligence,4517.78,Not Converted
2386,34440,Google Ads,Assimilated object-oriented policy,4667.05,Not Converted
2387,6930,YouTube Ads,Reactive empowering open architecture,3373.27,Converted
2388,19346,LinkedIn Ads,Quality-focused local extranet,2530.67,Not Converted
2389,12279,LinkedIn Ads,Down-sized object-oriented migration,2486.71,Converted
2390,34200,Organic Search,Configurable user-facing moderator,3436.35,Converted
2391,10896,Instagram Ads,Pre-emptive executive capability,1327.84,Not Converted
2392,45883,Organic Search,Multi-layered systematic strategy,1808.24,Not Converted
2393,36150,Google Ads,Switchable multimedia throughput,3442.34,Not Converted
2394,48327,Organic Search,User-friendly zero administration parallelism,298.55,Converted
2395,13503,Google Ads,Exclusive uniform project,3900.13,Not Converted
2396,31635,Google Ads,Enterprise-wide responsive strategy,123.54,Not Converted
2397,40263,Organic Search,Synchronized contextually-based service-desk,4849.97,Not Converted
2398,27126,LinkedIn Ads,Automated didactic strategy,3723.55,Converted
2399,10804,LinkedIn Ads,Secured foreground Graphical User Interface,3453.17,Converted
2400,10403,Organic Search,Pre-emptive human-resource support,2020.93,Not Converted
2401,28950,YouTube Ads,Assimilated homogeneous artificial intelligence,1337.88,Not Converted
2402,29418,Instagram Ads,Monitored 6thgeneration paradigm,1054.52,Not Converted
2403,25391,Instagram Ads,Centralized global Graphic Interface,3489.89,Converted
2404,19669,Referral,Synergistic web-enabled application,4003.15,Not Converted
2405,40109,Google Ads,Universal scalable capability,576.3,Not Converted
2406,14291,Referral,Triple-buffered fault-tolerant approach,4454.7,Converted
2407,21373,Organic Search,Customer-focused well-modulated synergy,1361.61,Converted
2408,42641,Referral,Re-contextualized zero administration neural-net,982.72,Converted
2409,19292,Instagram Ads,Automated analyzing frame,4587.25,Converted
2410,45588,YouTube Ads,Decentralized mobile focus group,3218.13,Converted
2411,2127,LinkedIn Ads,Stand-alone analyzing challenge,3350.4,Not Converted
2412,19005,LinkedIn Ads,Innovative directional open architecture,1374.87,Not Converted
2413,26898,Organic Search,Optimized full-range pricing structure,3567.49,Not Converted
2414,42248,Organic Search,Function-based background artificial intelligence,4077.93,Not Converted
2415,4466,Instagram Ads,Synchronized fresh-thinking concept,4780.69,Not Converted
2416,21867,Referral,Ergonomic content-based software,2926.6,Not Converted
2417,32694,Referral,Diverse 6thgeneration support,573.87,Converted
2418,42018,Instagram Ads,Vision-oriented value-added moratorium,534.82,Converted
2419,34312,Instagram Ads,Proactive directional moratorium,4761.23,Not Converted
2420,36423,Referral,Decentralized solution-oriented installation,3196.88,Not Converted
2421,6346,Instagram Ads,Multi-lateral responsive database,2141.83,Converted
2422,13524,Google Ads,Optimized full-range collaboration,836.75,Converted
2423,6279,Organic Search,Total zero-defect encryption,621.7,Converted
2424,1782,Instagram Ads,Operative fault-tolerant toolset,2439.75,Not Converted
2425,14616,Organic Search,Multi-layered hybrid forecast,2774.22,Converted
2426,10920,Google Ads,Reverse-engineered holistic concept,4202.78,Not Converted
2427,11982,Organic Search,Synergized modular Graphical User Interface,4038.4,Converted
2428,43709,Organic Search,Organized next generation hub,4533.08,Not Converted
2429,33265,YouTube Ads,Monitored grid-enabled capability,2332.63,Converted
2430,26603,Instagram Ads,Automated needs-based attitude,1653.64,Converted
2431,24589,Organic Search,User-friendly executive instruction set,3371.87,Not Converted
2432,2519,YouTube Ads,Exclusive mobile projection,334.81,Converted
2433,34552,YouTube Ads,User-friendly contextually-based secured line,3054.37,Not Converted
2434,43806,Organic Search,Grass-roots intangible alliance,1644.2,Not Converted
2435,36980,Referral,Vision-oriented bottom-line task-force,3728.12,Not Converted
2436,22930,Organic Search,Operative attitude-oriented system engine,1556.77,Converted
2437,27725,Instagram Ads,Triple-buffered mission-critical algorithm,3856.76,Converted
2438,10103,Instagram Ads,Organic fault-tolerant website,3335.91,Not Converted
2439,22203,Referral,Networked incremental challenge,4677.37,Converted
2440,27152,Organic Search,Focused cohesive artificial intelligence,4297.3,Not Converted
2441,12966,Google Ads,Advanced systemic budgetary management,974.01,Not Converted
2442,5953,Google Ads,Customer-focused grid-enabled toolset,3477.66,Not Converted
2443,9058,Instagram Ads,Stand-alone 4thgeneration knowledge user,1693.13,Not Converted
2444,6516,YouTube Ads,Fully-configurable executive matrix,3595.79,Converted
2445,10232,YouTube Ads,Function-based system-worthy open system,3419.14,Not Converted
2446,8084,LinkedIn Ads,Fully-configurable tangible Graphic Interface,1537.29,Not Converted
2447,43946,Instagram Ads,Total reciprocal approach,3179.55,Converted
2448,47186,Organic Search,Mandatory background budgetary management,788.59,Not Converted
2449,46841,Google Ads,Organized intermediate attitude,356.18,Not Converted
2450,47,YouTube Ads,Vision-oriented grid-enabled function,3491.45,Converted
2451,17819,Referral,Compatible bottom-line policy,1843.64,Not Converted
2452,8663,YouTube Ads,Multi-layered uniform flexibility,4032.59,Not Converted
2453,5726,YouTube Ads,User-centric discrete structure,4065.08,Not Converted
2454,26401,Organic Search,Synergized scalable flexibility,1864.41,Converted
2455,3966,Referral,Function-based tangible product,892.06,Converted
2456,39915,Referral,Seamless analyzing architecture,2734.47,Converted
2457,7848,Organic Search,Integrated well-modulated model,2875.64,Not Converted
2458,8763,Instagram Ads,Extended responsive hardware,1445.94,Not Converted
2459,34112,LinkedIn Ads,Distributed leadingedge time-frame,2232.11,Converted
2460,29736,LinkedIn Ads,Programmable bifurcated productivity,2007.55,Converted
2461,49099,YouTube Ads,Configurable maximized attitude,2147.19,Not Converted
2462,26788,Instagram Ads,Pre-emptive tangible hub,4274.89,Not Converted
2463,37689,Instagram Ads,Future-proofed zero-defect data-warehouse,1388.09,Not Converted
2464,42105,Google Ads,Decentralized radical website,592.76,Not Converted
2465,29382,Google Ads,Organized holistic data-warehouse,670.27,Converted
2466,39390,Referral,Open-architected directional productivity,2704.43,Not Converted
2467,14011,Google Ads,Organized secondary collaboration,4470.37,Not Converted
2468,19085,Google Ads,Assimilated dedicated customer loyalty,1569.87,Converted
2469,26655,Google Ads,Organic exuding software,2805.76,Converted
2470,12765,Organic Search,Re-contextualized explicit implementation,1128.22,Converted
2471,38332,Instagram Ads,Customizable asymmetric collaboration,1120.94,Converted
2472,23370,YouTube Ads,Business-focused 4thgeneration project,4083.98,Converted
2473,45320,Referral,Digitized directional ability,2016.61,Not Converted
2474,23408,LinkedIn Ads,Enterprise-wide actuating core,3457.65,Converted
2475,31130,LinkedIn Ads,Synergized 24/7 matrix,209.77,Not Converted
2476,4861,Instagram Ads,Right-sized maximized instruction set,4405.95,Converted
2477,10634,LinkedIn Ads,Distributed 5thgeneration interface,2685.11,Not Converted
2478,38973,YouTube Ads,Managed full-range time-frame,1732.67,Not Converted
2479,8966,YouTube Ads,Networked asymmetric neural-net,2139.77,Not Converted
2480,24720,Google Ads,Proactive transitional structure,3084.33,Not Converted
2481,19437,Referral,Compatible mission-critical solution,426.83,Converted
2482,29843,YouTube Ads,Organic object-oriented adapter,991.6,Converted
2483,40505,Google Ads,Face-to-face bifurcated archive,1820.84,Converted
2484,38985,Referral,Distributed clear-thinking process improvement,908.14,Converted
2485,16919,YouTube Ads,Extended dynamic Internet solution,1939.64,Converted
2486,15267,Instagram Ads,Total zero tolerance customer loyalty,2549.1,Not Converted
2487,15418,Organic Search,Integrated client-server circuit,503.19,Converted
2488,47679,Referral,Realigned web-enabled intranet,741.71,Converted
2489,18613,LinkedIn Ads,Multi-channeled exuding conglomeration,882.64,Not Converted
2490,4977,Referral,Decentralized fault-tolerant info-mediaries,3804.1,Converted
2491,13063,Instagram Ads,Future-proofed coherent contingency,1019.24,Not Converted
2492,45645,Referral,Phased directional concept,4935.05,Converted
2493,41340,LinkedIn Ads,Cross-platform bandwidth-monitored groupware,2977.2,Not Converted
2494,44930,YouTube Ads,Exclusive actuating info-mediaries,3868.56,Converted
2495,25311,YouTube Ads,Secured even-keeled open system,1282.71,Converted
2496,47334,Organic Search,Operative directional adapter,2584.48,Converted
2497,30605,LinkedIn Ads,Total client-server core,1042.14,Not Converted
2498,34740,Google Ads,Advanced directional array,4652.41,Not Converted
2499,29889,Referral,Grass-roots multi-state solution,749.51,Converted
2500,9267,Organic Search,Enhanced context-sensitive application,2434.44,Converted
2501,4265,LinkedIn Ads,Self-enabling stable secured line,2381.77,Converted
2502,43916,Google Ads,Triple-buffered homogeneous service-desk,2485.28,Not Converted
2503,6973,Referral,Open-source content-based benchmark,456.81,Converted
2504,43575,Instagram Ads,Sharable human-resource knowledge user,3469.88,Converted
2505,4241,Instagram Ads,Devolved regional budgetary management,4336.03,Converted
2506,8576,Google Ads,Devolved systematic software,4622.05,Converted
2507,32216,Referral,Front-line global encoding,1670.26,Not Converted
2508,34380,Instagram Ads,Decentralized clear-thinking attitude,2963.44,Not Converted
2509,4705,Instagram Ads,Implemented user-facing capability,164.53,Converted
2510,7043,LinkedIn Ads,Down-sized zero-defect budgetary management,2954.65,Converted
2511,26175,LinkedIn Ads,Enterprise-wide full-range benchmark,1089.97,Converted
2512,3866,Instagram Ads,Advanced modular database,4906.98,Not Converted
2513,30495,LinkedIn Ads,Up-sized web-enabled capability,366.32,Converted
2514,35779,YouTube Ads,Distributed background support,3092.44,Converted
2515,25205,Organic Search,Distributed incremental migration,2635.07,Not Converted
2516,40034,LinkedIn Ads,Mandatory bifurcated open architecture,621.93,Not Converted
2517,6775,YouTube Ads,Innovative local workforce,2218.04,Converted
2518,23327,Referral,Seamless fault-tolerant orchestration,2054.64,Converted
2519,6985,Referral,Managed human-resource conglomeration,2230.93,Not Converted
2520,8381,YouTube Ads,Right-sized object-oriented extranet,746.91,Not Converted
2521,30029,Organic Search,Enhanced radical portal,2105.01,Not Converted
2522,44440,Instagram Ads,Stand-alone grid-enabled artificial intelligence,373.91,Not Converted
2523,24275,Google Ads,Open-architected 24hour service-desk,4055.69,Not Converted
2524,37182,Instagram Ads,Ergonomic holistic toolset,3712.7,Not Converted
2525,6236,YouTube Ads,Implemented national productivity,4382.6,Not Converted
2526,15558,YouTube Ads,Synergistic actuating capability,4112.47,Converted
2527,8300,YouTube Ads,Object-based non-volatile groupware,4668.77,Not Converted
2528,37210,Google Ads,Synergized local superstructure,696.97,Converted
2529,39018,Referral,Ergonomic value-added firmware,2458.16,Not Converted
2530,953,YouTube Ads,Multi-layered upward-trending matrices,4755.12,Not Converted
2531,23774,YouTube Ads,Synergistic grid-enabled help-desk,411.53,Not Converted
2532,2458,Instagram Ads,Organized stable analyzer,799.4,Converted
2533,19575,Organic Search,Future-proofed exuding software,4606.31,Not Converted
2534,19861,Organic Search,Cloned explicit support,475.53,Not Converted
2535,23177,Referral,Fully-configurable multimedia methodology,2193.77,Not Converted
2536,19335,YouTube Ads,Reverse-engineered optimizing portal,4710.28,Converted
2537,26771,Referral,Profit-focused even-keeled throughput,2681.39,Converted
2538,40632,Organic Search,Face-to-face non-volatile circuit,3719.93,Not Converted
2539,11053,Organic Search,Versatile hybrid artificial intelligence,2457.26,Converted
2540,23471,Referral,Distributed asynchronous benchmark,671.0,Not Converted
2541,26164,LinkedIn Ads,Optional optimizing complexity,2552.45,Not Converted
2542,46756,YouTube Ads,Total next generation implementation,506.7,Converted
2543,10547,LinkedIn Ads,Reactive tangible moratorium,3366.64,Converted
2544,46815,Organic Search,Advanced 5thgeneration info-mediaries,3252.89,Converted
2545,9676,Instagram Ads,Ergonomic national conglomeration,3380.22,Not Converted
2546,25977,Instagram Ads,Seamless discrete superstructure,1307.96,Converted
2547,12775,Instagram Ads,Open-architected explicit superstructure,2395.98,Not Converted
2548,8766,Referral,Future-proofed dedicated array,125.21,Converted
2549,39636,Organic Search,Ameliorated client-server groupware,2344.5,Converted
2550,8058,Google Ads,Quality-focused neutral algorithm,1513.24,Not Converted
2551,16855,LinkedIn Ads,Versatile clear-thinking hub,2602.02,Not Converted
2552,41792,LinkedIn Ads,De-engineered 24/7 software,747.9,Converted
2553,35079,Organic Search,Customer-focused local portal,2317.46,Not Converted
2554,25039,Instagram Ads,Organic zero administration interface,1595.13,Converted
2555,14375,YouTube Ads,Reactive heuristic knowledgebase,3240.99,Converted
2556,31036,Referral,User-centric contextually-based synergy,1166.46,Converted
2557,35150,Google Ads,Profit-focused stable system engine,2180.16,Not Converted
2558,8466,LinkedIn Ads,Cloned next generation orchestration,1045.34,Converted
2559,48451,Google Ads,Self-enabling leadingedge emulation,735.53,Not Converted
2560,33497,Google Ads,Optimized neutral definition,677.47,Converted
2561,3706,Google Ads,User-friendly exuding monitoring,440.25,Not Converted
2562,42617,Referral,Diverse intangible concept,2208.81,Converted
2563,18172,LinkedIn Ads,Right-sized uniform project,2473.77,Converted
2564,17385,YouTube Ads,Fundamental holistic policy,3823.57,Not Converted
2565,26861,LinkedIn Ads,Object-based eco-centric collaboration,4268.46,Converted
2566,15018,YouTube Ads,Virtual systematic project,4249.67,Not Converted
2567,37719,Referral,Enterprise-wide bifurcated success,4189.6,Not Converted
2568,19945,Organic Search,Devolved 4thgeneration process improvement,2567.55,Converted
2569,34581,Referral,Front-line zero administration standardization,2163.11,Not Converted
2570,25884,Google Ads,De-engineered even-keeled model,256.76,Converted
2571,21475,LinkedIn Ads,Re-engineered interactive synergy,3748.33,Converted
2572,15591,LinkedIn Ads,Advanced well-modulated customer loyalty,4554.26,Converted
2573,31784,Organic Search,Reverse-engineered didactic pricing structure,3889.18,Not Converted
2574,48623,Google Ads,User-friendly attitude-oriented solution,4348.45,Converted
2575,5942,LinkedIn Ads,Public-key incremental utilization,4266.26,Converted
2576,35885,Organic Search,Total heuristic matrix,3253.26,Not Converted
2577,6842,YouTube Ads,Visionary optimal ability,436.22,Converted
2578,45991,LinkedIn Ads,Monitored foreground functionalities,4886.53,Not Converted
2579,8341,Referral,Versatile neutral encoding,1762.84,Converted
2580,47826,YouTube Ads,Fundamental logistical function,3281.95,Converted
2581,413,Referral,Future-proofed executive access,188.25,Converted
2582,29790,Instagram Ads,Enhanced multi-tasking orchestration,2103.23,Not Converted
2583,8875,Organic Search,Fundamental methodical orchestration,294.14,Converted
2584,4861,Google Ads,Optional value-added orchestration,2861.28,Not Converted
2585,31461,LinkedIn Ads,Fully-configurable fresh-thinking adapter,221.63,Converted
2586,46048,Google Ads,Universal directional initiative,4149.67,Not Converted
2587,36690,LinkedIn Ads,Versatile disintermediate productivity,3024.6,Not Converted
2588,19101,YouTube Ads,Right-sized object-oriented application,1898.03,Converted
2589,32215,Google Ads,Mandatory system-worthy success,4568.89,Converted
2590,45907,Referral,Intuitive directional frame,2331.48,Converted
2591,26536,Instagram Ads,Organic bifurcated database,2884.95,Converted
2592,23707,YouTube Ads,Front-line transitional Local Area Network,1585.92,Converted
2593,49189,Referral,Polarized global infrastructure,1439.57,Converted
2594,24785,YouTube Ads,Decentralized bandwidth-monitored budgetary management,4437.57,Converted
2595,30707,Referral,Polarized tangible open system,1510.5,Not Converted
2596,44098,LinkedIn Ads,Devolved homogeneous Graphic Interface,439.4,Converted
2597,21788,Organic Search,Operative secondary definition,4394.97,Converted
2598,38314,Instagram Ads,Streamlined needs-based structure,2420.67,Converted
2599,14446,Organic Search,Future-proofed demand-driven matrix,3115.91,Converted
2600,1256,Referral,Operative executive challenge,664.45,Not Converted
2601,17177,YouTube Ads,Seamless radical migration,4102.59,Not Converted
2602,17821,Instagram Ads,Advanced homogeneous budgetary management,3281.46,Not Converted
2603,15537,Instagram Ads,Switchable disintermediate intranet,4072.98,Not Converted
2604,2187,YouTube Ads,Balanced asynchronous synergy,4324.79,Converted
2605,37115,Instagram Ads,Synchronized didactic projection,1118.9,Converted
2606,19444,Organic Search,Adaptive incremental pricing structure,1902.4,Not Converted
2607,37101,YouTube Ads,Customer-focused bandwidth-monitored toolset,4130.65,Not Converted
2608,1606,Organic Search,Seamless next generation extranet,1183.48,Converted
2609,47893,LinkedIn Ads,User-friendly zero administration circuit,2539.26,Converted
2610,47918,YouTube Ads,Adaptive value-added middleware,4911.7,Not Converted
2611,16376,LinkedIn Ads,Secured secondary product,438.02,Not Converted
2612,47685,Instagram Ads,Centralized scalable complexity,1395.9,Converted
2613,29845,Referral,Front-line transitional encryption,4935.36,Not Converted
2614,30690,Referral,Assimilated eco-centric productivity,1078.41,Converted
2615,11622,Referral,Grass-roots contextually-based Graphical User Interface,3658.75,Converted
2616,14639,Organic Search,Synergistic foreground help-desk,349.65,Not Converted
2617,18358,Organic Search,Fundamental 24/7 functionalities,3135.36,Not Converted
2618,26146,Referral,Total systemic circuit,299.54,Not Converted
2619,4922,Google Ads,Synchronized leadingedge groupware,3759.91,Not Converted
2620,4429,Instagram Ads,Adaptive neutral project,415.85,Converted
2621,40897,YouTube Ads,Grass-roots radical hub,4952.5,Converted
2622,39166,Referral,Realigned full-range circuit,3422.65,Converted
2623,3746,Referral,Re-engineered uniform system engine,1093.84,Not Converted
2624,20129,Instagram Ads,Multi-layered asynchronous instruction set,2908.49,Not Converted
2625,49036,Referral,Synergized well-modulated monitoring,3752.68,Not Converted
2626,13588,Referral,Focused 24/7 projection,1489.27,Not Converted
2627,15199,Referral,Multi-lateral intangible moratorium,2503.07,Not Converted
2628,43481,YouTube Ads,Triple-buffered modular infrastructure,1185.76,Not Converted
2629,38350,Instagram Ads,User-centric analyzing complexity,2705.06,Not Converted
2630,15045,Referral,Streamlined global firmware,990.44,Not Converted
2631,19891,Instagram Ads,Programmable background definition,3092.07,Not Converted
2632,34105,YouTube Ads,Customizable motivating circuit,1674.09,Not Converted
2633,25870,Google Ads,Fundamental even-keeled instruction set,1497.17,Not Converted
2634,1490,Organic Search,Networked 6thgeneration paradigm,117.38,Not Converted
2635,10053,Instagram Ads,Re-contextualized grid-enabled matrix,4580.43,Converted
2636,14237,Instagram Ads,Persevering systematic solution,2525.1,Not Converted
2637,18705,Organic Search,Fundamental optimal task-force,1725.31,Converted
2638,23667,LinkedIn Ads,Centralized content-based monitoring,3352.19,Converted
2639,48999,YouTube Ads,Devolved intermediate portal,4853.51,Converted
2640,2273,Organic Search,Function-based bi-directional Local Area Network,646.08,Converted
2641,6364,Instagram Ads,Proactive mission-critical superstructure,4276.37,Converted
2642,46742,Google Ads,Multi-tiered global product,3243.63,Converted
2643,22775,LinkedIn Ads,Enhanced heuristic success,2932.24,Converted
2644,19224,Organic Search,Synergistic asymmetric Graphical User Interface,1732.35,Not Converted
2645,44221,Google Ads,Visionary 3rdgeneration migration,1010.08,Converted
2646,17984,LinkedIn Ads,Reverse-engineered multi-state Internet solution,610.82,Not Converted
2647,26628,Instagram Ads,Extended client-driven service-desk,3358.61,Converted
2648,11093,YouTube Ads,User-centric dedicated throughput,2473.39,Not Converted
2649,27113,Referral,Adaptive 24/7 hierarchy,2920.11,Converted
2650,46119,Referral,Face-to-face 24/7 paradigm,2019.05,Not Converted
2651,46672,Instagram Ads,Managed even-keeled frame,3550.73,Not Converted
2652,23525,Referral,Seamless systemic help-desk,3211.02,Converted
2653,49786,YouTube Ads,Customizable bandwidth-monitored implementation,4267.32,Converted
2654,10219,Referral,Reduced next generation productivity,2161.29,Converted
2655,11935,LinkedIn Ads,Assimilated 24hour matrix,4488.68,Not Converted
2656,4957,LinkedIn Ads,Front-line system-worthy task-force,3806.45,Converted
2657,3045,YouTube Ads,Diverse value-added knowledge user,3956.06,Not Converted
2658,49967,Organic Search,Decentralized contextually-based success,2952.23,Converted
2659,43776,Organic Search,Reduced systemic encoding,2420.29,Converted
2660,30963,Referral,Seamless object-oriented data-warehouse,4262.97,Not Converted
2661,41691,Google Ads,User-friendly clear-thinking algorithm,4626.2,Not Converted
2662,42674,YouTube Ads,Mandatory bifurcated open architecture,4256.34,Converted
2663,47009,Instagram Ads,Optional tangible circuit,170.96,Not Converted
2664,34036,YouTube Ads,Centralized client-driven analyzer,2393.56,Not Converted
2665,23988,Google Ads,Centralized high-level contingency,3470.24,Converted
2666,40962,LinkedIn Ads,Realigned 4thgeneration process improvement,2306.45,Not Converted
2667,12761,Instagram Ads,Cloned didactic flexibility,121.64,Converted
2668,16145,Instagram Ads,Business-focused systematic emulation,1978.09,Converted
2669,23631,YouTube Ads,Secured zero-defect productivity,4831.07,Converted
2670,13608,Organic Search,Integrated interactive archive,311.11,Not Converted
2671,37603,Organic Search,Persevering mobile pricing structure,2412.32,Not Converted
2672,40822,LinkedIn Ads,Re-contextualized zero tolerance function,3105.87,Converted
2673,22134,LinkedIn Ads,Face-to-face non-volatile superstructure,3640.54,Not Converted
2674,23800,LinkedIn Ads,Self-enabling asymmetric protocol,1530.69,Converted
2675,49504,Instagram Ads,Business-focused optimal ability,3152.53,Converted
2676,44613,Google Ads,Inverse stable capability,1263.21,Not Converted
2677,30617,Referral,Reverse-engineered maximized flexibility,3974.29,Converted
2678,13221,Instagram Ads,Profound 3rdgeneration pricing structure,2072.78,Converted
2679,37567,LinkedIn Ads,Synchronized systematic archive,1242.46,Not Converted
2680,14416,Instagram Ads,Virtual object-oriented complexity,1118.93,Not Converted
2681,33003,Instagram Ads,Multi-lateral multi-state toolset,3246.73,Not Converted
2682,27503,Google Ads,Polarized explicit concept,297.57,Converted
2683,29524,YouTube Ads,Multi-lateral bifurcated task-force,3029.37,Not Converted
2684,36253,Google Ads,Inverse systemic conglomeration,3136.3,Converted
2685,11764,LinkedIn Ads,Versatile asynchronous portal,2526.66,Converted
2686,8071,Referral,Persevering global open system,1574.51,Converted
2687,44513,Referral,Programmable maximized intranet,3081.46,Not Converted
2688,23887,Organic Search,Decentralized client-server groupware,665.74,Converted
2689,45878,Instagram Ads,Self-enabling attitude-oriented structure,627.33,Converted
2690,11365,Google Ads,Multi-lateral client-server array,1368.53,Converted
2691,31029,Organic Search,Automated leadingedge process improvement,3548.84,Converted
2692,8099,Referral,Down-sized grid-enabled monitoring,244.76,Converted
2693,38857,Instagram Ads,Enhanced grid-enabled groupware,1915.53,Converted
2694,17061,YouTube Ads,Adaptive zero administration hierarchy,1929.62,Not Converted
2695,14256,LinkedIn Ads,Future-proofed optimizing monitoring,2248.75,Converted
2696,3164,YouTube Ads,Fully-configurable next generation access,1230.58,Not Converted
2697,38648,Google Ads,Organic user-facing moratorium,1132.25,Not Converted
2698,14931,Organic Search,Synchronized asymmetric orchestration,3758.4,Not Converted
2699,24427,Instagram Ads,Right-sized transitional challenge,4675.71,Converted
2700,2446,Instagram Ads,Exclusive full-range hub,3102.62,Not Converted
2701,25483,Google Ads,Fundamental human-resource hub,658.48,Converted
2702,10003,Google Ads,Persevering zero administration projection,2243.94,Converted
2703,46033,Instagram Ads,Front-line full-range policy,4535.38,Not Converted
2704,36002,Instagram Ads,De-engineered multi-state adapter,2206.59,Converted
2705,41738,Referral,Front-line asynchronous alliance,3060.89,Converted
2706,7303,Google Ads,Adaptive background analyzer,248.53,Converted
2707,7046,Instagram Ads,Programmable solution-oriented framework,3687.24,Not Converted
2708,7876,Organic Search,Phased mobile approach,88.56,Not Converted
2709,15657,YouTube Ads,Expanded radical secured line,2610.95,Converted
2710,44708,YouTube Ads,Cross-group disintermediate portal,1791.29,Converted
2711,1038,Instagram Ads,Versatile holistic product,1723.54,Not Converted
2712,36611,YouTube Ads,Polarized logistical structure,1382.67,Not Converted
2713,12006,LinkedIn Ads,Managed encompassing customer loyalty,3734.21,Not Converted
2714,40581,LinkedIn Ads,Integrated systematic hardware,431.93,Converted
2715,42076,LinkedIn Ads,Proactive upward-trending pricing structure,4312.32,Converted
2716,3573,Organic Search,Profit-focused national methodology,4856.64,Converted
2717,11689,Organic Search,Centralized even-keeled extranet,2976.36,Not Converted
2718,46683,Organic Search,Proactive bi-directional matrices,2294.42,Not Converted
2719,16279,Referral,Compatible fresh-thinking solution,2317.13,Converted
2720,19710,LinkedIn Ads,Triple-buffered 5thgeneration complexity,2689.81,Not Converted
2721,45610,Google Ads,Fully-configurable foreground time-frame,3360.22,Not Converted
2722,9687,Instagram Ads,Compatible neutral middleware,569.79,Not Converted
2723,28060,Organic Search,Cross-platform bifurcated Graphic Interface,3446.83,Not Converted
2724,4510,Organic Search,Team-oriented interactive frame,2340.44,Converted
2725,17035,Organic Search,Upgradable multi-tasking function,968.86,Converted
2726,5503,Google Ads,Innovative 3rdgeneration model,3206.97,Not Converted
2727,36148,Organic Search,Cross-platform methodical algorithm,742.94,Converted
2728,20161,LinkedIn Ads,Ergonomic interactive access,2127.84,Not Converted
2729,6024,Organic Search,Networked coherent focus group,4156.34,Not Converted
2730,863,Google Ads,Total object-oriented service-desk,4476.75,Converted
2731,7802,Google Ads,Front-line client-driven synergy,2677.5,Not Converted
2732,287,YouTube Ads,Pre-emptive web-enabled project,3520.14,Not Converted
2733,33594,YouTube Ads,Decentralized bottom-line help-desk,613.25,Not Converted
2734,12517,Organic Search,Customer-focused multi-state infrastructure,2052.12,Converted
2735,45565,YouTube Ads,Self-enabling global data-warehouse,3091.25,Converted
2736,6969,YouTube Ads,Phased clear-thinking service-desk,2359.57,Converted
2737,30449,YouTube Ads,Upgradable zero-defect process improvement,3813.95,Not Converted
2738,43414,LinkedIn Ads,Profound exuding data-warehouse,1274.94,Converted
2739,26344,Organic Search,Managed analyzing migration,688.86,Converted
2740,37850,YouTube Ads,Reactive next generation orchestration,1409.55,Converted
2741,16134,YouTube Ads,User-friendly tertiary conglomeration,1579.32,Converted
2742,28718,YouTube Ads,Fundamental web-enabled encoding,2748.39,Converted
2743,18747,Instagram Ads,Operative asymmetric moratorium,4753.1,Not Converted
2744,2010,Instagram Ads,Multi-layered logistical hardware,4563.82,Converted
2745,23624,Organic Search,Grass-roots homogeneous service-desk,3226.27,Not Converted
2746,31518,Instagram Ads,Cross-platform zero tolerance orchestration,2470.49,Not Converted
2747,10001,LinkedIn Ads,Customer-focused methodical strategy,1818.67,Not Converted
2748,25635,Google Ads,User-centric impactful interface,275.57,Not Converted
2749,46038,Google Ads,Profit-focused optimal support,136.89,Not Converted
2750,41440,LinkedIn Ads,Business-focused solution-oriented system engine,440.04,Not Converted
2751,32709,Google Ads,User-friendly grid-enabled throughput,3574.49,Not Converted
2752,44642,LinkedIn Ads,Persevering interactive firmware,4951.26,Converted
2753,45866,YouTube Ads,Multi-tiered fault-tolerant protocol,923.25,Not Converted
2754,593,LinkedIn Ads,Exclusive eco-centric budgetary management,2195.81,Converted
2755,47930,YouTube Ads,Grass-roots transitional open system,1892.29,Converted
2756,13413,YouTube Ads,Triple-buffered context-sensitive system engine,4087.58,Converted
2757,7161,Referral,Right-sized composite system engine,1037.12,Converted
2758,33259,YouTube Ads,Reverse-engineered even-keeled ability,924.97,Not Converted
2759,36105,Google Ads,Monitored multi-tasking help-desk,3597.72,Converted
2760,36834,YouTube Ads,Profound solution-oriented algorithm,4521.69,Not Converted
2761,7554,LinkedIn Ads,Exclusive high-level database,2409.46,Not Converted
2762,20310,Google Ads,Right-sized bandwidth-monitored artificial intelligence,951.52,Not Converted
2763,5496,YouTube Ads,Open-source asynchronous success,1838.77,Not Converted
2764,10704,Organic Search,Automated 3rdgeneration Internet solution,802.28,Not Converted
2765,6730,Instagram Ads,Front-line zero-defect analyzer,407.71,Not Converted
2766,46315,Referral,Re-contextualized optimizing approach,2448.62,Not Converted
2767,34021,Organic Search,Multi-tiered analyzing hub,3270.87,Not Converted
2768,25297,YouTube Ads,Proactive motivating circuit,3327.34,Not Converted
2769,35191,LinkedIn Ads,Profound neutral standardization,1164.55,Not Converted
2770,47685,Referral,Public-key eco-centric attitude,1602.91,Not Converted
2771,11689,LinkedIn Ads,Self-enabling mission-critical time-frame,2454.59,Not Converted
2772,34490,YouTube Ads,Multi-layered asynchronous leverage,3076.98,Converted
2773,27727,Referral,Decentralized content-based intranet,3390.45,Not Converted
2774,34320,Referral,Reverse-engineered incremental time-frame,1263.62,Converted
2775,15670,Instagram Ads,De-engineered composite definition,4997.43,Converted
2776,29096,LinkedIn Ads,Visionary real-time hardware,709.7,Not Converted
2777,18310,YouTube Ads,Organic exuding core,2596.91,Not Converted
2778,28810,LinkedIn Ads,Organized user-facing ability,3658.38,Converted
2779,23439,Google Ads,Integrated zero tolerance array,2572.2,Not Converted
2780,2098,Organic Search,Visionary systematic neural-net,3310.32,Converted
2781,44639,YouTube Ads,Open-source modular moderator,1105.19,Converted
2782,7880,Instagram Ads,Visionary dynamic installation,4618.4,Not Converted
2783,21167,Instagram Ads,Profit-focused analyzing database,3664.5,Not Converted
2784,1031,Google Ads,Virtual cohesive capability,4515.74,Not Converted
2785,2534,Organic Search,Exclusive foreground flexibility,1405.78,Not Converted
2786,43722,Organic Search,Expanded client-driven concept,407.44,Not Converted
2787,18873,Google Ads,Quality-focused maximized solution,1414.96,Converted
2788,10535,Instagram Ads,Realigned bifurcated open system,4722.82,Not Converted
2789,23854,Referral,Devolved secondary pricing structure,177.28,Converted
2790,14508,YouTube Ads,Proactive maximized archive,2517.97,Converted
2791,45906,Instagram Ads,Integrated tertiary portal,1136.2,Not Converted
2792,49984,Organic Search,Versatile interactive firmware,2164.66,Converted
2793,26020,Referral,Ameliorated executive leverage,4007.67,Not Converted
2794,40781,LinkedIn Ads,Organized clear-thinking hardware,336.64,Not Converted
2795,49408,Instagram Ads,Object-based bifurcated hierarchy,4312.95,Not Converted
2796,11457,LinkedIn Ads,Fundamental needs-based application,2487.56,Converted
2797,25746,Organic Search,Extended secondary encoding,3734.99,Not Converted
2798,35004,LinkedIn Ads,Public-key holistic initiative,2618.06,Converted
2799,6317,YouTube Ads,Pre-emptive client-server secured line,4637.96,Not Converted
2800,29966,LinkedIn Ads,Progressive system-worthy parallelism,2570.7,Not Converted
2801,5725,LinkedIn Ads,Fully-configurable fresh-thinking firmware,4179.56,Converted
2802,49343,Google Ads,Re-contextualized user-facing standardization,4277.76,Converted
2803,43111,Referral,Networked object-oriented benchmark,2702.23,Converted
2804,20411,Organic Search,Assimilated modular algorithm,1958.51,Not Converted
2805,2526,YouTube Ads,Synergized bifurcated Graphic Interface,4024.61,Converted
2806,34893,Referral,Mandatory dedicated concept,1734.46,Not Converted
2807,43420,Instagram Ads,Progressive full-range attitude,3656.51,Not Converted
2808,29414,Referral,Seamless attitude-oriented solution,341.92,Converted
2809,17862,LinkedIn Ads,Persevering discrete project,2993.28,Not Converted
2810,44262,Referral,Polarized attitude-oriented array,4812.34,Not Converted
2811,22936,YouTube Ads,Progressive executive throughput,1418.72,Converted
2812,39562,Referral,Diverse homogeneous software,4134.76,Not Converted
2813,894,Organic Search,Persevering homogeneous alliance,2273.98,Not Converted
2814,12472,Google Ads,Profit-focused 5thgeneration open system,2469.82,Not Converted
2815,28451,Organic Search,Virtual tangible definition,4466.97,Converted
2816,42159,Google Ads,Team-oriented solution-oriented forecast,68.29,Not Converted
2817,41569,Google Ads,Multi-layered regional groupware,3790.33,Not Converted
2818,42931,Google Ads,Networked dedicated strategy,4584.57,Converted
2819,6211,YouTube Ads,Intuitive optimizing ability,4669.89,Not Converted
2820,12675,Referral,Exclusive responsive interface,3327.19,Not Converted
2821,5352,LinkedIn Ads,Virtual national utilization,3477.24,Converted
2822,27143,LinkedIn Ads,Multi-tiered client-server protocol,4250.65,Converted
2823,36977,YouTube Ads,Advanced next generation initiative,4983.61,Converted
2824,17991,YouTube Ads,Total zero tolerance function,932.41,Converted
2825,20909,Instagram Ads,Seamless maximized collaboration,1860.63,Converted
2826,22837,Organic Search,Multi-lateral optimal info-mediaries,3460.11,Converted
2827,11993,YouTube Ads,Pre-emptive modular groupware,959.41,Converted
2828,1586,Instagram Ads,Synergized leadingedge Graphic Interface,3307.4,Converted
2829,22413,LinkedIn Ads,Centralized executive focus group,1740.19,Converted
2830,44465,YouTube Ads,Re-contextualized optimal structure,1737.57,Not Converted
2831,44116,Referral,User-friendly mobile matrices,2934.48,Converted
2832,16424,Referral,Down-sized eco-centric superstructure,2533.04,Converted
2833,9364,Organic Search,Synchronized discrete projection,1862.13,Not Converted
2834,29216,Google Ads,Balanced transitional neural-net,1802.39,Not Converted
2835,47345,Google Ads,Polarized encompassing concept,4907.86,Not Converted
2836,20868,Organic Search,Re-engineered stable functionalities,146.35,Not Converted
2837,15130,Instagram Ads,Multi-tiered high-level methodology,126.04,Not Converted
2838,25248,Referral,Universal encompassing secured line,3771.18,Converted
2839,41402,YouTube Ads,Versatile mobile function,3537.56,Converted
2840,8497,Instagram Ads,Triple-buffered non-volatile functionalities,3596.32,Not Converted
2841,40098,Google Ads,Reduced foreground workforce,4603.11,Not Converted
2842,3260,Google Ads,Polarized explicit analyzer,851.73,Converted
2843,22790,Google Ads,Future-proofed explicit capacity,2694.57,Not Converted
2844,43609,LinkedIn Ads,Seamless eco-centric benchmark,4883.56,Not Converted
2845,34126,Google Ads,Function-based high-level focus group,1848.79,Converted
2846,14142,Google Ads,Synergized background superstructure,1174.11,Converted
2847,24172,Referral,Realigned bottom-line customer loyalty,1048.76,Converted
2848,14664,LinkedIn Ads,Vision-oriented eco-centric function,4424.16,Not Converted
2849,22521,LinkedIn Ads,Exclusive fault-tolerant architecture,4703.56,Converted
2850,34801,YouTube Ads,Secured demand-driven utilization,2155.77,Not Converted
2851,39984,Referral,Decentralized holistic structure,1882.56,Not Converted
2852,19728,Referral,Polarized 24/7 product,4456.1,Not Converted
2853,47527,Google Ads,Public-key analyzing parallelism,3131.77,Not Converted
2854,45910,Organic Search,Open-source multimedia complexity,2270.39,Converted
2855,14820,YouTube Ads,Business-focused content-based website,4963.27,Not Converted
2856,33933,Google Ads,Triple-buffered didactic emulation,3906.49,Converted
2857,14684,Google Ads,Future-proofed systematic hub,3512.74,Not Converted
2858,9493,Instagram Ads,Function-based stable core,3342.18,Not Converted
2859,49799,Instagram Ads,Future-proofed tangible data-warehouse,2683.47,Converted
2860,32221,YouTube Ads,Open-architected needs-based software,4753.37,Not Converted
2861,1761,YouTube Ads,User-friendly dedicated leverage,1544.21,Not Converted
2862,23591,LinkedIn Ads,Persevering exuding emulation,244.32,Converted
2863,14284,LinkedIn Ads,Ameliorated regional frame,138.27,Converted
2864,33456,Organic Search,Networked intangible superstructure,2732.17,Converted
2865,19502,Google Ads,Adaptive didactic installation,3895.04,Converted
2866,33844,LinkedIn Ads,Enterprise-wide actuating forecast,1726.5,Converted
2867,4847,Google Ads,Customer-focused bandwidth-monitored circuit,2730.8,Not Converted
2868,24847,Referral,Realigned reciprocal function,1677.74,Converted
2869,35103,Google Ads,Focused responsive hierarchy,4045.23,Converted
2870,7658,YouTube Ads,Persevering secondary implementation,1129.67,Not Converted
2871,36536,YouTube Ads,Assimilated intangible adapter,2065.35,Converted
2872,24682,Google Ads,Versatile client-driven customer loyalty,3720.48,Converted
2873,37305,Google Ads,Polarized explicit implementation,2544.13,Not Converted
2874,15903,YouTube Ads,Team-oriented next generation analyzer,4576.67,Converted
2875,10084,Instagram Ads,Ergonomic empowering approach,287.88,Converted
2876,40789,YouTube Ads,Synergistic coherent infrastructure,462.62,Not Converted
2877,3292,Instagram Ads,Seamless systemic workforce,2078.36,Not Converted
2878,8988,YouTube Ads,Reverse-engineered systematic leverage,2359.57,Converted
2879,2386,Referral,Profit-focused analyzing adapter,3848.94,Converted
2880,6075,Google Ads,Switchable context-sensitive circuit,1571.77,Not Converted
2881,12834,Organic Search,Business-focused didactic superstructure,4108.86,Not Converted
2882,18199,Organic Search,Virtual attitude-oriented alliance,1772.14,Not Converted
2883,35528,YouTube Ads,Triple-buffered bifurcated groupware,1939.89,Not Converted
2884,11574,Google Ads,Polarized directional concept,4088.0,Not Converted
2885,11143,Referral,Open-architected asynchronous monitoring,4909.19,Converted
2886,33910,Instagram Ads,Pre-emptive intangible emulation,4280.18,Not Converted
2887,23811,Organic Search,Devolved logistical infrastructure,277.49,Not Converted
2888,19228,Instagram Ads,Profit-focused discrete challenge,3110.99,Converted
2889,27261,Referral,Grass-roots composite alliance,3410.65,Not Converted
2890,27907,Google Ads,Secured disintermediate success,1745.76,Converted
2891,37768,Instagram Ads,Reverse-engineered responsive benchmark,884.68,Not Converted
2892,34740,Google Ads,Face-to-face bandwidth-monitored methodology,4742.83,Converted
2893,48912,Referral,Universal dedicated orchestration,2159.98,Converted
2894,45352,Google Ads,Streamlined 6thgeneration standardization,248.49,Not Converted
2895,42088,Instagram Ads,Secured attitude-oriented time-frame,4483.11,Not Converted
2896,47671,Instagram Ads,Ergonomic regional Graphical User Interface,1231.08,Converted
2897,41019,LinkedIn Ads,Team-oriented responsive utilization,2277.73,Converted
2898,17468,Google Ads,Secured even-keeled parallelism,1404.85,Not Converted
2899,12308,Google Ads,Devolved bandwidth-monitored encryption,2898.63,Converted
2900,16131,Referral,Front-line maximized migration,1994.64,Not Converted
2901,15254,YouTube Ads,Ameliorated logistical archive,2350.68,Converted
2902,46760,YouTube Ads,Mandatory zero tolerance concept,3091.31,Not Converted
2903,33231,YouTube Ads,Configurable global Internet solution,2001.54,Converted
2904,10411,Google Ads,Compatible systematic paradigm,3844.92,Not Converted
2905,44026,LinkedIn Ads,Streamlined fault-tolerant protocol,2749.47,Converted
2906,30814,Instagram Ads,Managed content-based matrix,4450.55,Not Converted
2907,47472,Organic Search,Centralized homogeneous flexibility,1146.23,Converted
2908,30511,YouTube Ads,Fully-configurable client-server parallelism,4530.15,Not Converted
2909,18691,Referral,Total disintermediate alliance,1133.13,Converted
2910,42916,LinkedIn Ads,Inverse even-keeled open system,2930.52,Not Converted
2911,43970,LinkedIn Ads,Self-enabling radical synergy,1653.98,Converted
2912,36202,Referral,Horizontal tangible moderator,426.55,Not Converted
2913,11350,Instagram Ads,Customizable content-based extranet,2225.03,Not Converted
2914,19233,Google Ads,Grass-roots client-driven strategy,2092.31,Not Converted
2915,38597,LinkedIn Ads,Networked grid-enabled architecture,203.53,Not Converted
2916,39354,Referral,User-friendly solution-oriented alliance,3995.6,Not Converted
2917,36633,Referral,Re-engineered scalable utilization,1297.48,Not Converted
2918,9905,Organic Search,Balanced zero-defect architecture,1787.76,Converted
2919,32639,YouTube Ads,Centralized exuding toolset,2092.92,Converted
2920,21489,Instagram Ads,Front-line needs-based emulation,4467.7,Converted
2921,6200,LinkedIn Ads,Assimilated logistical adapter,1430.87,Converted
2922,48945,Organic Search,Secured upward-trending moderator,731.4,Not Converted
2923,31732,Referral,Multi-layered directional projection,4473.84,Not Converted
2924,46810,Instagram Ads,Horizontal full-range encryption,697.35,Not Converted
2925,42743,Organic Search,Up-sized interactive portal,1778.37,Converted
2926,2749,Organic Search,Persistent interactive alliance,3802.2,Converted
2927,48738,Google Ads,Mandatory fresh-thinking neural-net,4419.51,Not Converted
2928,23398,LinkedIn Ads,Digitized dynamic neural-net,2406.0,Not Converted
2929,41563,Referral,Multi-channeled modular strategy,1195.24,Not Converted
2930,13153,YouTube Ads,Self-enabling didactic moratorium,4555.7,Not Converted
2931,9758,YouTube Ads,Upgradable empowering throughput,2299.2,Converted
2932,16003,Referral,Compatible 5thgeneration knowledge user,876.26,Not Converted
2933,14166,Instagram Ads,Virtual scalable firmware,1311.85,Converted
2934,22631,YouTube Ads,Total responsive hub,2921.89,Converted
2935,2576,Instagram Ads,Fundamental context-sensitive complexity,1366.86,Converted
2936,39738,Organic Search,Persistent even-keeled matrices,3130.24,Converted
2937,3177,Referral,Versatile national installation,277.42,Not Converted
2938,24791,Google Ads,Assimilated grid-enabled migration,4598.66,Not Converted
2939,33353,Organic Search,Profound human-resource flexibility,3954.44,Converted
2940,15402,Organic Search,Multi-tiered even-keeled knowledge user,2941.64,Converted
2941,14246,Google Ads,Reduced coherent productivity,1299.01,Not Converted
2942,222,Google Ads,Networked context-sensitive encoding,1523.27,Converted
2943,44800,LinkedIn Ads,User-friendly fault-tolerant analyzer,3513.65,Not Converted
2944,34246,Organic Search,Secured stable definition,4097.76,Converted
2945,10455,Google Ads,User-friendly upward-trending firmware,1808.96,Converted
2946,10771,Instagram Ads,Phased tertiary solution,4990.78,Not Converted
2947,21403,Referral,Assimilated clear-thinking algorithm,1915.66,Converted
2948,25339,Instagram Ads,Horizontal scalable core,4740.87,Not Converted
2949,20566,YouTube Ads,Diverse interactive flexibility,2585.63,Converted
2950,8164,Organic Search,Reactive coherent policy,3531.41,Converted
2951,35465,Referral,Horizontal mission-critical database,1578.34,Not Converted
2952,42934,Referral,Optional human-resource monitoring,973.22,Not Converted
2953,27624,YouTube Ads,Visionary fault-tolerant ability,1128.32,Converted
2954,37720,Organic Search,Ergonomic optimizing access,999.38,Not Converted
2955,5170,Referral,Seamless homogeneous artificial intelligence,1942.72,Converted
2956,15819,Referral,Extended coherent interface,2293.12,Not Converted
2957,22388,Google Ads,Monitored heuristic application,4479.75,Not Converted
2958,10188,LinkedIn Ads,Virtual local database,4485.39,Not Converted
2959,46060,Organic Search,Fundamental web-enabled paradigm,3287.37,Converted
2960,26268,Organic Search,Upgradable 24hour paradigm,1031.92,Not Converted
2961,24523,YouTube Ads,Intuitive 24hour circuit,1315.22,Converted
2962,41714,Google Ads,Front-line interactive focus group,2320.75,Converted
2963,34293,Organic Search,Multi-channeled global system engine,2931.89,Not Converted
2964,40853,Google Ads,Distributed solution-oriented database,4257.91,Not Converted
2965,42792,Instagram Ads,Total attitude-oriented approach,2725.49,Not Converted
2966,37553,Referral,Future-proofed non-volatile open system,2601.62,Converted
2967,41316,Referral,Integrated bi-directional alliance,1404.99,Not Converted
2968,18854,LinkedIn Ads,Fully-configurable secondary throughput,860.93,Converted
2969,32408,Instagram Ads,Total dedicated pricing structure,4182.39,Converted
2970,24622,Instagram Ads,Customer-focused tangible toolset,1501.68,Converted
2971,6743,LinkedIn Ads,Synergistic regional matrix,2937.1,Converted
2972,46452,YouTube Ads,Implemented client-server leverage,2356.76,Converted
2973,36615,YouTube Ads,Realigned analyzing data-warehouse,1653.79,Not Converted
2974,8265,YouTube Ads,Automated transitional leverage,4569.96,Converted
2975,48866,Referral,Implemented intangible encoding,1900.11,Converted
2976,44913,Instagram Ads,Realigned encompassing access,2544.22,Converted
2977,23516,Instagram Ads,Profit-focused composite solution,197.71,Converted
2978,37092,Referral,Visionary fresh-thinking Internet solution,2102.54,Not Converted
2979,44138,YouTube Ads,Operative heuristic budgetary management,3850.41,Converted
2980,29089,Organic Search,Inverse multi-state structure,3662.15,Converted
2981,12834,Organic Search,Devolved regional moratorium,1958.13,Not Converted
2982,31513,YouTube Ads,Multi-layered full-range productivity,734.55,Not Converted
2983,12925,Instagram Ads,Cross-group bottom-line orchestration,1508.78,Converted
2984,36870,Referral,Diverse 3rdgeneration help-desk,4294.09,Converted
2985,40696,Referral,Persevering maximized artificial intelligence,348.36,Not Converted
2986,3681,Organic Search,Streamlined tertiary strategy,2629.69,Converted
2987,26759,Google Ads,Multi-layered intermediate challenge,4691.66,Not Converted
2988,47151,Organic Search,Persistent grid-enabled approach,1801.35,Converted
2989,33332,YouTube Ads,Cloned global application,3074.7,Converted
2990,20739,YouTube Ads,Polarized intangible solution,1045.87,Converted
2991,35458,Instagram Ads,Pre-emptive homogeneous methodology,2696.33,Not Converted
2992,23830,Instagram Ads,Fully-configurable needs-based success,2380.12,Converted
2993,18152,Instagram Ads,Seamless context-sensitive implementation,3968.98,Converted
2994,20623,LinkedIn Ads,Profound client-server ability,3641.13,Not Converted
2995,17978,Organic Search,Up-sized 3rdgeneration portal,4302.46,Converted
2996,47600,Organic Search,Object-based didactic utilization,2160.34,Not Converted
2997,23046,YouTube Ads,Cross-platform bottom-line access,954.6,Converted
2998,14562,LinkedIn Ads,Programmable clear-thinking extranet,1107.52,Not Converted
2999,25776,Referral,Profit-focused discrete Graphical User Interface,1358.66,Converted
3000,32564,Instagram Ads,Devolved solution-oriented budgetary management,4297.48,Converted
3001,46716,LinkedIn Ads,Total executive secured line,74.55,Not Converted
3002,32482,Referral,Organic discrete utilization,1614.86,Not Converted
3003,34497,YouTube Ads,Upgradable cohesive challenge,3644.96,Converted
3004,2805,YouTube Ads,Programmable multimedia workforce,2342.89,Converted
3005,33977,Instagram Ads,Integrated stable analyzer,291.61,Not Converted
3006,4164,Referral,Managed zero tolerance core,1165.01,Converted
3007,20821,LinkedIn Ads,Multi-lateral object-oriented projection,3684.21,Not Converted
3008,44766,Referral,Persistent user-facing initiative,4659.22,Converted
3009,27435,LinkedIn Ads,Polarized next generation matrices,473.78,Not Converted
3010,41042,Organic Search,Focused modular workforce,4971.62,Not Converted
3011,11056,Referral,Quality-focused homogeneous instruction set,4759.57,Not Converted
3012,35782,LinkedIn Ads,Programmable leadingedge extranet,2940.97,Converted
3013,39239,LinkedIn Ads,Ameliorated didactic algorithm,3971.12,Not Converted
3014,1744,Instagram Ads,De-engineered discrete structure,2665.24,Not Converted
3015,46508,Instagram Ads,Synchronized homogeneous productivity,387.73,Not Converted
3016,3555,LinkedIn Ads,Expanded asynchronous Graphical User Interface,4409.22,Converted
3017,45233,Referral,Devolved user-facing secured line,3977.29,Converted
3018,27597,Referral,Extended hybrid contingency,2334.61,Converted
3019,36445,Google Ads,Balanced object-oriented Internet solution,1889.53,Not Converted
3020,28232,Google Ads,Advanced exuding utilization,2175.73,Converted
3021,13534,Google Ads,Streamlined bottom-line projection,2193.93,Not Converted
3022,12382,Instagram Ads,Object-based holistic artificial intelligence,4000.19,Converted
3023,31109,YouTube Ads,Triple-buffered systematic functionalities,3019.69,Converted
3024,27234,Google Ads,Focused discrete instruction set,3549.46,Not Converted
3025,41401,Instagram Ads,Optional intermediate installation,4228.29,Converted
3026,44401,Instagram Ads,Innovative stable service-desk,688.36,Converted
3027,13884,LinkedIn Ads,Versatile human-resource encoding,1236.86,Not Converted
3028,40970,YouTube Ads,Organized tertiary hardware,1266.57,Not Converted
3029,18626,LinkedIn Ads,Configurable national workforce,2766.86,Converted
3030,23445,Instagram Ads,Virtual optimizing installation,2827.79,Not Converted
3031,45797,LinkedIn Ads,Re-contextualized empowering success,292.77,Converted
3032,17210,YouTube Ads,Optional multimedia architecture,2239.84,Converted
3033,8315,LinkedIn Ads,Networked user-facing portal,3643.1,Not Converted
3034,9830,Referral,Self-enabling coherent project,4449.64,Converted
3035,18089,Organic Search,Networked impactful paradigm,3140.52,Not Converted
3036,20094,LinkedIn Ads,Profound systemic encryption,2449.32,Not Converted
3037,25507,Google Ads,Robust tertiary instruction set,3158.0,Converted
3038,9662,YouTube Ads,Organic web-enabled attitude,4080.04,Converted
3039,34485,Instagram Ads,Right-sized stable Graphical User Interface,2950.47,Not Converted
3040,14399,YouTube Ads,Seamless holistic definition,2113.53,Converted
3041,8342,Organic Search,Upgradable bottom-line emulation,4469.74,Converted
3042,7291,LinkedIn Ads,Phased regional success,4677.81,Not Converted
3043,49596,Organic Search,Persevering fault-tolerant access,4553.7,Converted
3044,48633,YouTube Ads,Exclusive 6thgeneration parallelism,1266.6,Converted
3045,32658,Google Ads,Persevering holistic synergy,4596.78,Not Converted
3046,529,Referral,Organic systematic project,1205.09,Not Converted
3047,4043,Referral,Progressive regional installation,4426.67,Converted
3048,49557,Referral,Decentralized systemic approach,1045.28,Not Converted
3049,32811,LinkedIn Ads,Cross-group human-resource archive,969.83,Not Converted
3050,34396,Instagram Ads,Optional encompassing matrix,168.19,Not Converted
3051,19759,Organic Search,Diverse coherent support,2542.28,Converted
3052,24504,Instagram Ads,Robust maximized attitude,4205.86,Not Converted
3053,22494,Google Ads,Universal intermediate forecast,2581.29,Converted
3054,10654,Organic Search,Team-oriented analyzing pricing structure,4585.79,Converted
3055,24901,LinkedIn Ads,Diverse encompassing framework,1391.81,Converted
3056,30237,Instagram Ads,Focused dynamic matrix,258.67,Not Converted
3057,15828,Organic Search,Open-architected 24hour groupware,2004.76,Not Converted
3058,7802,YouTube Ads,Operative interactive analyzer,1084.99,Not Converted
3059,42799,YouTube Ads,Ergonomic empowering toolset,3406.33,Not Converted
3060,10592,Referral,Right-sized executive superstructure,293.23,Converted
3061,17137,Google Ads,Synergized eco-centric strategy,3142.74,Converted
3062,4085,Instagram Ads,Self-enabling exuding parallelism,228.58,Converted
3063,9426,Organic Search,Fully-configurable user-facing leverage,229.86,Not Converted
3064,40328,Instagram Ads,Reactive solution-oriented function,218.16,Converted
3065,2939,YouTube Ads,Self-enabling context-sensitive capability,1589.11,Not Converted
3066,31001,YouTube Ads,Persevering tangible definition,2391.17,Not Converted
3067,15994,LinkedIn Ads,User-friendly stable circuit,2836.18,Converted
3068,26585,YouTube Ads,Intuitive asynchronous methodology,3817.56,Not Converted
3069,27678,Referral,Customizable mobile Internet solution,2458.09,Converted
3070,18806,LinkedIn Ads,Up-sized impactful encoding,3374.24,Not Converted
3071,29668,YouTube Ads,Diverse coherent software,744.39,Not Converted
3072,6635,Google Ads,Optimized reciprocal capability,1633.51,Converted
3073,5641,LinkedIn Ads,Configurable cohesive info-mediaries,2170.54,Converted
3074,29683,Instagram Ads,Cross-platform fresh-thinking support,2647.6,Not Converted
3075,33799,LinkedIn Ads,Multi-lateral tertiary moderator,3367.58,Not Converted
3076,28022,Instagram Ads,Multi-lateral human-resource policy,1997.16,Converted
3077,16218,Referral,Versatile leadingedge protocol,2282.68,Not Converted
3078,3296,Referral,Persistent demand-driven groupware,780.27,Not Converted
3079,3349,YouTube Ads,Multi-tiered cohesive success,4879.56,Converted
3080,11345,Google Ads,Persevering regional benchmark,2377.78,Not Converted
3081,47518,Referral,Automated didactic function,4019.52,Not Converted
3082,41612,Instagram Ads,Digitized impactful benchmark,414.72,Converted
3083,38868,Organic Search,Digitized client-server strategy,2161.83,Not Converted
3084,25108,Instagram Ads,Down-sized holistic hierarchy,2705.54,Converted
3085,6737,Referral,Down-sized global definition,3929.52,Not Converted
3086,13311,YouTube Ads,Quality-focused disintermediate contingency,4223.32,Converted
3087,29377,YouTube Ads,Ergonomic motivating methodology,4774.09,Not Converted
3088,36443,Google Ads,Extended bi-directional secured line,2943.71,Not Converted
3089,42475,YouTube Ads,Polarized hybrid interface,367.28,Converted
3090,25408,Google Ads,User-friendly holistic challenge,2352.46,Converted
3091,47871,Instagram Ads,Cross-platform asynchronous intranet,4290.94,Converted
3092,45386,Instagram Ads,Networked optimal software,336.28,Converted
3093,21448,YouTube Ads,Innovative zero tolerance focus group,495.47,Converted
3094,40865,Google Ads,Realigned mobile concept,2888.94,Converted
3095,28847,Organic Search,Ergonomic bifurcated success,3762.68,Not Converted
3096,11165,Organic Search,Team-oriented transitional open architecture,90.76,Converted
3097,29772,YouTube Ads,Multi-channeled scalable open architecture,1729.22,Not Converted
3098,42074,Organic Search,Phased uniform contingency,4365.2,Not Converted
3099,19448,Organic Search,Programmable 6thgeneration database,1264.34,Converted
3100,11968,Organic Search,Proactive zero-defect customer loyalty,2530.39,Not Converted
3101,43156,Referral,Monitored bi-directional ability,4270.08,Not Converted
3102,17716,YouTube Ads,Exclusive mission-critical paradigm,972.27,Not Converted
3103,13407,Google Ads,Balanced multimedia emulation,1210.69,Not Converted
3104,9435,Google Ads,Intuitive executive Local Area Network,4958.8,Not Converted
3105,18389,LinkedIn Ads,Managed bifurcated Graphic Interface,1236.54,Converted
3106,49913,Referral,Cloned well-modulated neural-net,1074.2,Converted
3107,8019,Instagram Ads,User-centric user-facing model,2800.59,Converted
3108,17858,Organic Search,Cross-group grid-enabled website,3239.83,Converted
3109,8106,Google Ads,Inverse non-volatile parallelism,167.82,Converted
3110,42990,LinkedIn Ads,Seamless full-range utilization,2362.62,Converted
3111,46093,Organic Search,Optimized fault-tolerant open system,2087.3,Converted
3112,29686,Instagram Ads,Open-architected discrete migration,819.15,Not Converted
3113,18512,Organic Search,Down-sized eco-centric structure,4820.94,Converted
3114,48631,Instagram Ads,Visionary eco-centric attitude,429.31,Converted
3115,16372,YouTube Ads,Progressive exuding function,4011.18,Not Converted
3116,30670,Instagram Ads,Integrated multi-state focus group,455.29,Not Converted
3117,19312,Referral,Open-source demand-driven task-force,1065.61,Converted
3118,8199,Google Ads,Horizontal demand-driven matrices,1770.48,Converted
3119,10101,Referral,Triple-buffered scalable data-warehouse,1558.59,Converted
3120,49501,Google Ads,Diverse analyzing policy,1214.66,Not Converted
3121,40675,Referral,Centralized motivating challenge,3017.3,Converted
3122,19944,Organic Search,Advanced high-level moderator,678.43,Not Converted
3123,3161,YouTube Ads,Multi-layered full-range forecast,4721.56,Not Converted
3124,12366,YouTube Ads,Cloned system-worthy website,4057.19,Not Converted
3125,13849,Referral,Monitored actuating time-frame,4245.19,Converted
3126,20486,YouTube Ads,Quality-focused secondary groupware,589.41,Converted
3127,16038,Google Ads,User-centric 3rdgeneration capacity,822.3,Not Converted
3128,46484,YouTube Ads,Operative scalable open architecture,4423.99,Converted
3129,9896,YouTube Ads,Reduced bifurcated service-desk,3972.51,Converted
3130,3936,LinkedIn Ads,Focused zero administration frame,3759.63,Converted
3131,1474,Organic Search,Operative 6thgeneration policy,2378.18,Not Converted
3132,22795,LinkedIn Ads,Devolved didactic functionalities,1727.21,Not Converted
3133,27869,Organic Search,Cloned motivating approach,2135.67,Converted
3134,31378,Organic Search,Centralized composite help-desk,4869.16,Converted
3135,32928,Google Ads,Assimilated dynamic capacity,2949.1,Converted
3136,41000,Google Ads,Realigned bandwidth-monitored model,2508.25,Converted
3137,13440,YouTube Ads,Versatile value-added framework,4872.22,Converted
3138,34863,Instagram Ads,Down-sized maximized portal,760.64,Converted
3139,38967,Instagram Ads,Monitored client-driven info-mediaries,1822.58,Not Converted
3140,2076,LinkedIn Ads,Quality-focused scalable intranet,3502.16,Converted
3141,23019,YouTube Ads,Persevering responsive focus group,3737.25,Not Converted
3142,17050,YouTube Ads,Re-engineered multi-state algorithm,2419.24,Not Converted
3143,48948,Google Ads,Reduced next generation structure,3950.03,Not Converted
3144,35809,Referral,Visionary 4thgeneration knowledgebase,1796.04,Not Converted
3145,35248,YouTube Ads,Automated client-server infrastructure,4755.63,Not Converted
3146,1426,Organic Search,Diverse coherent secured line,1081.27,Converted
3147,18773,Referral,Triple-buffered regional interface,898.9,Converted
3148,10974,Instagram Ads,Total multi-tasking firmware,3395.17,Converted
3149,19919,YouTube Ads,Polarized local knowledgebase,3985.24,Converted
3150,11719,Organic Search,Enterprise-wide grid-enabled structure,749.59,Not Converted
3151,29854,Referral,Front-line national infrastructure,2386.0,Converted
3152,4730,Instagram Ads,Up-sized incremental throughput,4165.47,Not Converted
3153,38710,LinkedIn Ads,Innovative client-driven moratorium,1129.11,Not Converted
3154,10788,Organic Search,Multi-lateral heuristic archive,4400.46,Converted
3155,11557,LinkedIn Ads,Reverse-engineered zero tolerance superstructure,268.38,Converted
3156,44993,Instagram Ads,Distributed disintermediate data-warehouse,1067.67,Converted
3157,31862,Referral,Managed systemic moratorium,3849.48,Not Converted
3158,2375,LinkedIn Ads,Inverse encompassing Graphical User Interface,3658.65,Converted
3159,46169,Referral,Right-sized even-keeled ability,4179.43,Converted
3160,21344,Organic Search,Operative explicit hardware,3245.97,Not Converted
3161,42458,Referral,Enterprise-wide clear-thinking circuit,3273.97,Converted
3162,13615,Google Ads,Intuitive value-added throughput,1020.05,Not Converted
3163,34525,Referral,Re-engineered stable software,911.32,Converted
3164,19528,Google Ads,Proactive regional intranet,1772.15,Not Converted
3165,29766,YouTube Ads,Phased zero-defect array,3035.55,Not Converted
3166,27578,Organic Search,Intuitive content-based moderator,1391.53,Not Converted
3167,43371,Referral,Reactive 24hour array,499.68,Not Converted
3168,17148,Instagram Ads,Managed systematic synergy,443.47,Converted
3169,12273,Referral,De-engineered 4thgeneration concept,1610.58,Converted
3170,46182,Google Ads,Ergonomic web-enabled capacity,677.57,Not Converted
3171,40544,LinkedIn Ads,Networked foreground interface,1325.57,Not Converted
3172,12235,Google Ads,Optimized zero tolerance success,3705.38,Not Converted
3173,12971,Referral,Advanced contextually-based core,267.34,Not Converted
3174,49670,Instagram Ads,Phased directional open system,4387.32,Not Converted
3175,22151,LinkedIn Ads,Down-sized stable challenge,3321.25,Converted
3176,16570,Referral,Future-proofed radical Graphical User Interface,1264.16,Not Converted
3177,26158,YouTube Ads,Self-enabling context-sensitive groupware,720.12,Converted
3178,25343,Referral,Up-sized national complexity,3572.32,Converted
3179,49542,Referral,Managed directional info-mediaries,2245.24,Not Converted
3180,46949,Referral,Synergistic heuristic standardization,4596.24,Converted
3181,42087,YouTube Ads,Enhanced 4thgeneration utilization,4568.91,Converted
3182,20898,LinkedIn Ads,Automated exuding algorithm,3772.72,Not Converted
3183,43196,Organic Search,Seamless homogeneous model,284.83,Converted
3184,36763,Referral,Reactive heuristic emulation,4625.17,Not Converted
3185,3125,Referral,Open-source even-keeled attitude,3738.37,Converted
3186,35630,Referral,Multi-lateral holistic budgetary management,650.37,Converted
3187,27008,Instagram Ads,Balanced systemic definition,809.1,Converted
3188,21779,Instagram Ads,Up-sized client-server customer loyalty,2983.81,Not Converted
3189,30313,YouTube Ads,Devolved didactic matrices,1813.62,Converted
3190,19463,LinkedIn Ads,Diverse exuding infrastructure,4680.63,Converted
3191,16575,Referral,Stand-alone zero tolerance functionalities,216.63,Not Converted
3192,33881,LinkedIn Ads,Adaptive zero-defect task-force,1440.11,Converted
3193,49042,Referral,Seamless dynamic implementation,3963.37,Not Converted
3194,26673,YouTube Ads,Extended bandwidth-monitored definition,297.82,Not Converted
3195,48846,YouTube Ads,Business-focused eco-centric orchestration,3210.9,Not Converted
3196,20544,Organic Search,Synergistic asymmetric concept,407.44,Not Converted
3197,42114,YouTube Ads,Proactive maximized open architecture,4068.38,Converted
3198,4586,Google Ads,Cross-group grid-enabled encoding,1085.39,Converted
3199,26285,Instagram Ads,Face-to-face well-modulated standardization,1286.6,Not Converted
3200,14574,LinkedIn Ads,Up-sized non-volatile strategy,4408.64,Converted
3201,8296,Referral,Quality-focused reciprocal architecture,1541.71,Converted
3202,27634,Referral,Reactive tangible frame,1004.64,Converted
3203,40517,YouTube Ads,Universal scalable extranet,3584.58,Converted
3204,26901,YouTube Ads,Total encompassing intranet,3456.59,Converted
3205,2766,Organic Search,Up-sized dedicated Local Area Network,1299.34,Converted
3206,37198,YouTube Ads,Organized empowering instruction set,1373.25,Not Converted
3207,25495,Instagram Ads,Configurable static core,2601.3,Not Converted
3208,46866,Instagram Ads,Managed grid-enabled productivity,3934.8,Not Converted
3209,19814,Instagram Ads,Proactive even-keeled function,4080.86,Not Converted
3210,16095,Instagram Ads,Customer-focused bandwidth-monitored neural-net,350.35,Not Converted
3211,37569,Organic Search,Expanded scalable artificial intelligence,369.66,Converted
3212,34613,LinkedIn Ads,Down-sized executive implementation,3543.17,Converted
3213,27657,LinkedIn Ads,Extended 6thgeneration alliance,4355.84,Not Converted
3214,48747,Google Ads,Stand-alone logistical superstructure,493.59,Converted
3215,27044,YouTube Ads,Ameliorated client-server strategy,3782.6,Not Converted
3216,19995,Referral,Multi-lateral client-server standardization,4998.87,Converted
3217,37123,Organic Search,Face-to-face well-modulated attitude,2456.49,Converted
3218,40389,Organic Search,Automated holistic infrastructure,1285.47,Not Converted
3219,40193,Google Ads,Upgradable local core,2657.23,Converted
3220,30438,LinkedIn Ads,Multi-tiered secondary Internet solution,802.2,Not Converted
3221,14742,Google Ads,Virtual 3rdgeneration customer loyalty,2224.71,Converted
3222,47269,YouTube Ads,Face-to-face attitude-oriented hardware,957.86,Converted
3223,2747,Instagram Ads,Self-enabling multimedia parallelism,2750.0,Converted
3224,12421,Organic Search,Face-to-face static synergy,3761.34,Converted
3225,7304,LinkedIn Ads,Adaptive grid-enabled budgetary management,3184.28,Converted
3226,38375,Instagram Ads,Persevering needs-based alliance,3073.95,Converted
3227,21317,Organic Search,Stand-alone tertiary moderator,1403.66,Not Converted
3228,5451,Google Ads,Synergized transitional flexibility,512.35,Converted
3229,40204,Instagram Ads,Total object-oriented adapter,2420.85,Not Converted
3230,24886,Organic Search,Stand-alone mobile info-mediaries,2686.98,Not Converted
3231,8953,Referral,Extended high-level initiative,220.65,Not Converted
3232,47124,LinkedIn Ads,Fully-configurable fault-tolerant solution,1007.63,Not Converted
3233,41363,Google Ads,Vision-oriented clear-thinking portal,386.4,Converted
3234,45753,Google Ads,Profound homogeneous ability,3561.21,Not Converted
3235,15992,Instagram Ads,Grass-roots neutral software,881.21,Converted
3236,10240,LinkedIn Ads,Networked clear-thinking forecast,2049.7,Converted
3237,17747,LinkedIn Ads,Team-oriented bi-directional open architecture,2304.56,Converted
3238,7949,Referral,Ergonomic local benchmark,1898.57,Not Converted
3239,43956,Google Ads,Persistent radical policy,741.36,Converted
3240,7668,Referral,Digitized encompassing service-desk,3106.94,Not Converted
3241,34782,YouTube Ads,Right-sized web-enabled contingency,2872.37,Not Converted
3242,16842,Referral,Switchable discrete paradigm,4786.56,Converted
3243,34538,YouTube Ads,Switchable methodical system engine,2233.96,Not Converted
3244,6043,Organic Search,Grass-roots zero administration hub,4245.55,Not Converted
3245,18235,LinkedIn Ads,Front-line modular leverage,3138.87,Converted
3246,13875,Google Ads,Function-based zero-defect time-frame,995.26,Not Converted
3247,32496,Instagram Ads,Monitored asynchronous circuit,1856.05,Not Converted
3248,1858,Google Ads,Exclusive systemic flexibility,4193.37,Not Converted
3249,18337,YouTube Ads,Re-contextualized 4thgeneration website,687.85,Not Converted
3250,20415,Organic Search,Persistent attitude-oriented infrastructure,1256.06,Converted
3251,12937,LinkedIn Ads,Intuitive user-facing hardware,437.04,Converted
3252,39024,Organic Search,Streamlined optimizing data-warehouse,1765.25,Not Converted
3253,12059,LinkedIn Ads,Exclusive neutral product,4064.58,Converted
3254,12845,Referral,Reactive multimedia benchmark,3113.12,Not Converted
3255,47651,Organic Search,Networked clear-thinking conglomeration,848.0,Converted
3256,38425,Google Ads,Synergized heuristic matrices,4956.55,Not Converted
3257,18765,Google Ads,Sharable asymmetric challenge,1750.01,Not Converted
3258,21936,Google Ads,Progressive global leverage,614.87,Not Converted
3259,38965,Referral,Focused optimal moratorium,2351.6,Not Converted
3260,48923,Organic Search,Profit-focused zero tolerance secured line,441.52,Converted
3261,11271,Google Ads,Open-source analyzing core,2639.22,Not Converted
3262,14726,YouTube Ads,Secured motivating structure,2668.62,Converted
3263,31328,LinkedIn Ads,Triple-buffered bottom-line moratorium,58.01,Not Converted
3264,9993,YouTube Ads,Persistent eco-centric attitude,4829.25,Converted
3265,37173,LinkedIn Ads,Up-sized asymmetric firmware,3806.97,Converted
3266,10572,Organic Search,Extended optimizing Local Area Network,1452.4,Converted
3267,19796,Referral,Team-oriented optimizing matrices,632.26,Not Converted
3268,47077,Google Ads,Persistent empowering task-force,4726.56,Converted
3269,42468,Referral,Synchronized optimal task-force,2159.62,Not Converted
3270,46550,Organic Search,Front-line intangible Graphic Interface,2256.88,Not Converted
3271,4542,Referral,Innovative grid-enabled toolset,3071.38,Converted
3272,46891,Instagram Ads,Extended multi-state function,1083.27,Converted
3273,31012,Google Ads,Integrated local secured line,1244.65,Not Converted
3274,49205,Referral,Up-sized national extranet,1332.55,Not Converted
3275,15789,Organic Search,Visionary grid-enabled hardware,1005.87,Converted
3276,38893,Organic Search,Function-based zero tolerance knowledge user,651.7,Converted
3277,21752,Google Ads,Cross-platform human-resource migration,2200.6,Not Converted
3278,41737,Organic Search,Organized leadingedge migration,2541.78,Converted
3279,7614,Google Ads,Adaptive heuristic challenge,311.98,Converted
3280,15385,Instagram Ads,Ergonomic demand-driven website,3096.25,Not Converted
3281,16863,Google Ads,User-friendly optimizing attitude,705.07,Not Converted
3282,16628,Organic Search,Multi-channeled explicit support,1158.24,Not Converted
3283,45878,Organic Search,Object-based asynchronous model,1856.0,Converted
3284,7056,YouTube Ads,Quality-focused non-volatile policy,3072.52,Not Converted
3285,26770,Google Ads,Intuitive heuristic support,2878.32,Converted
3286,25719,Organic Search,Synergistic even-keeled complexity,4374.99,Not Converted
3287,20132,Instagram Ads,Open-architected 24/7 hub,3684.39,Converted
3288,37937,YouTube Ads,Profit-focused context-sensitive customer loyalty,815.16,Converted
3289,1504,Instagram Ads,Customizable explicit infrastructure,68.73,Converted
3290,4051,YouTube Ads,Synchronized neutral Local Area Network,352.81,Converted
3291,13808,Instagram Ads,Upgradable hybrid collaboration,1760.88,Not Converted
3292,9648,Instagram Ads,Expanded 5thgeneration workforce,4102.31,Converted
3293,2600,Referral,Configurable bottom-line Graphic Interface,2369.58,Not Converted
3294,10022,LinkedIn Ads,Synchronized human-resource function,1612.6,Converted
3295,18298,YouTube Ads,Proactive neutral flexibility,1621.41,Converted
3296,45621,YouTube Ads,User-friendly coherent middleware,4279.8,Not Converted
3297,27348,YouTube Ads,Enterprise-wide 3rdgeneration alliance,2294.0,Not Converted
3298,2652,YouTube Ads,User-centric executive structure,963.08,Converted
3299,25007,Google Ads,User-centric content-based access,434.49,Converted
3300,45140,Organic Search,Persistent bi-directional ability,2880.29,Converted
3301,18535,Instagram Ads,Switchable system-worthy implementation,1282.14,Converted
3302,47570,Referral,Profound static parallelism,4217.62,Converted
3303,10725,Instagram Ads,Multi-lateral systematic task-force,2976.77,Not Converted
3304,36294,Instagram Ads,Vision-oriented bandwidth-monitored emulation,134.98,Not Converted
3305,45857,LinkedIn Ads,Open-architected non-volatile matrix,4438.44,Not Converted
3306,10520,Referral,Seamless neutral hub,1343.69,Not Converted
3307,970,Referral,Cloned mission-critical pricing structure,4903.76,Not Converted
3308,24525,Instagram Ads,Customer-focused optimizing approach,4656.78,Converted
3309,29854,Referral,Vision-oriented composite benchmark,1247.01,Converted
3310,35535,Organic Search,Enhanced client-driven projection,2999.67,Not Converted
3311,20499,Instagram Ads,Sharable uniform encoding,506.59,Not Converted
3312,16734,Google Ads,Multi-lateral background knowledge user,694.61,Converted
3313,14282,Instagram Ads,Sharable heuristic encryption,2095.16,Converted
3314,21445,LinkedIn Ads,Re-contextualized full-range core,2439.33,Converted
3315,49671,LinkedIn Ads,Managed zero-defect project,2601.9,Converted
3316,45686,YouTube Ads,Centralized national circuit,1552.56,Not Converted
3317,5080,YouTube Ads,Universal directional middleware,3517.05,Converted
3318,25430,YouTube Ads,Proactive optimal model,1094.2,Not Converted
3319,28219,Google Ads,De-engineered discrete customer loyalty,2293.26,Converted
3320,10243,Referral,Versatile real-time product,1616.0,Converted
3321,29370,Google Ads,Integrated 4thgeneration software,4623.79,Not Converted
3322,23509,LinkedIn Ads,Automated directional frame,4399.17,Converted
3323,49420,Referral,De-engineered client-driven policy,3136.13,Not Converted
3324,15663,Instagram Ads,Progressive zero tolerance help-desk,3385.8,Not Converted
3325,6258,Google Ads,Multi-lateral neutral solution,4668.12,Converted
3326,20689,Organic Search,Inverse mobile functionalities,1912.05,Converted
3327,36637,LinkedIn Ads,Right-sized national emulation,3820.6,Converted
3328,24400,Referral,Expanded encompassing capacity,3035.6,Not Converted
3329,2418,Referral,Devolved bi-directional middleware,386.49,Converted
3330,11610,Referral,Realigned actuating monitoring,4210.6,Not Converted
3331,7664,Organic Search,Function-based tangible circuit,4137.45,Not Converted
3332,33681,Google Ads,Polarized global architecture,4299.11,Not Converted
3333,8291,YouTube Ads,Open-architected contextually-based concept,161.51,Not Converted
3334,48361,Google Ads,Enhanced fresh-thinking service-desk,2124.56,Not Converted
3335,22306,LinkedIn Ads,Polarized motivating pricing structure,3066.57,Not Converted
3336,2116,Instagram Ads,Down-sized hybrid task-force,1846.0,Converted
3337,42141,YouTube Ads,Down-sized cohesive orchestration,636.88,Not Converted
3338,38499,Instagram Ads,Business-focused well-modulated system engine,3501.02,Converted
3339,2589,Google Ads,Face-to-face didactic website,3991.39,Not Converted
3340,10211,Organic Search,Future-proofed bottom-line hub,3888.95,Converted
3341,21030,Instagram Ads,Switchable real-time capacity,1581.99,Converted
3342,27239,YouTube Ads,Visionary uniform challenge,3479.93,Not Converted
3343,32989,LinkedIn Ads,Re-engineered 24/7 support,2003.27,Not Converted
3344,38086,Organic Search,Enhanced neutral success,3439.39,Converted
3345,191,LinkedIn Ads,Progressive secondary artificial intelligence,852.41,Converted
3346,13971,Referral,Team-oriented discrete open system,609.97,Converted
3347,2948,Google Ads,Re-contextualized methodical flexibility,1056.98,Not Converted
3348,39555,Organic Search,Proactive 4thgeneration approach,3055.05,Converted
3349,40023,LinkedIn Ads,Triple-buffered radical middleware,1978.16,Converted
3350,19610,LinkedIn Ads,Diverse coherent artificial intelligence,482.82,Converted
3351,24423,YouTube Ads,Exclusive zero tolerance protocol,4064.15,Not Converted
3352,9756,Google Ads,Re-engineered eco-centric ability,104.29,Not Converted
3353,1864,Referral,Decentralized multi-tasking secured line,4665.98,Converted
3354,10111,Google Ads,Multi-layered system-worthy access,2220.91,Converted
3355,34516,YouTube Ads,Operative mission-critical hierarchy,497.07,Converted
3356,43952,LinkedIn Ads,Implemented bifurcated solution,3503.39,Converted
3357,28103,Referral,Expanded radical leverage,4299.02,Not Converted
3358,13245,Google Ads,Synergistic cohesive concept,71.91,Not Converted
3359,49586,LinkedIn Ads,Intuitive tertiary hub,3518.43,Not Converted
3360,22263,YouTube Ads,Organized solution-oriented approach,117.22,Converted
3361,25172,Referral,Progressive zero-defect Internet solution,2528.61,Not Converted
3362,14250,Referral,Decentralized 24hour algorithm,2830.36,Not Converted
3363,12168,Referral,Digitized holistic ability,1459.42,Converted
3364,25290,Referral,Triple-buffered dynamic parallelism,2388.13,Not Converted
3365,49726,Organic Search,Exclusive context-sensitive Internet solution,2895.37,Not Converted
3366,16623,Google Ads,Realigned context-sensitive frame,1569.22,Converted
3367,16512,Instagram Ads,Cross-group bi-directional system engine,1555.15,Converted
3368,48993,YouTube Ads,Synchronized tangible support,4308.82,Not Converted
3369,44561,LinkedIn Ads,Vision-oriented maximized implementation,1123.92,Converted
3370,31420,YouTube Ads,User-friendly optimizing analyzer,4665.33,Converted
3371,22047,Referral,Re-engineered tangible workforce,510.34,Not Converted
3372,13616,Google Ads,Networked upward-trending instruction set,1470.39,Not Converted
3373,43188,YouTube Ads,Phased 6thgeneration complexity,1335.35,Not Converted
3374,46949,Google Ads,Virtual impactful neural-net,1142.56,Not Converted
3375,11611,LinkedIn Ads,User-friendly coherent policy,2612.0,Not Converted
3376,16519,Organic Search,Managed modular capability,4620.33,Not Converted
3377,39364,YouTube Ads,Stand-alone optimizing throughput,2993.75,Not Converted
3378,33757,YouTube Ads,Ameliorated real-time capacity,4592.37,Not Converted
3379,11693,Referral,Optional human-resource budgetary management,4732.27,Not Converted
3380,37529,YouTube Ads,Face-to-face contextually-based methodology,1214.3,Not Converted
3381,26804,Referral,Universal bottom-line collaboration,1447.5,Converted
3382,972,YouTube Ads,Extended asynchronous interface,295.32,Not Converted
3383,22440,YouTube Ads,Re-contextualized system-worthy help-desk,1014.91,Not Converted
3384,36918,Organic Search,Total leadingedge project,3824.51,Not Converted
3385,41047,Google Ads,Programmable holistic algorithm,2223.61,Not Converted
3386,43284,Google Ads,Open-source directional artificial intelligence,2164.58,Converted
3387,22972,LinkedIn Ads,Advanced next generation framework,4236.15,Converted
3388,11947,Organic Search,Re-engineered discrete Local Area Network,2218.73,Not Converted
3389,6430,Google Ads,Balanced multimedia migration,1736.05,Not Converted
3390,3489,Instagram Ads,Synchronized well-modulated utilization,3676.1,Converted
3391,22275,Google Ads,Inverse attitude-oriented interface,3023.92,Converted
3392,13646,Organic Search,Grass-roots content-based Internet solution,1794.91,Converted
3393,20684,Google Ads,Reactive zero tolerance paradigm,2155.18,Converted
3394,7887,Referral,Reactive fault-tolerant contingency,2742.58,Not Converted
3395,24503,LinkedIn Ads,Object-based object-oriented support,1790.71,Not Converted
3396,30918,Google Ads,Quality-focused systemic interface,2575.61,Converted
3397,18129,Referral,Vision-oriented multi-tasking definition,2764.55,Converted
3398,7402,Google Ads,Persevering homogeneous task-force,1056.35,Not Converted
3399,28885,YouTube Ads,Assimilated mobile workforce,4592.29,Not Converted
3400,13592,Google Ads,Face-to-face exuding flexibility,1853.77,Not Converted
3401,48541,YouTube Ads,Function-based user-facing approach,94.8,Not Converted
3402,21724,Instagram Ads,Open-architected neutral migration,2449.0,Converted
3403,5737,Instagram Ads,Advanced systematic workforce,862.72,Converted
3404,34603,Referral,Open-source client-server budgetary management,4344.84,Not Converted
3405,1178,Organic Search,Re-engineered user-facing hub,4315.54,Converted
3406,19471,YouTube Ads,Automated human-resource architecture,2256.7,Converted
3407,47339,LinkedIn Ads,Function-based eco-centric middleware,4986.05,Converted
3408,2824,Google Ads,Grass-roots incremental strategy,4951.84,Not Converted
3409,21668,LinkedIn Ads,Devolved interactive benchmark,705.59,Converted
3410,2260,Google Ads,Managed explicit utilization,706.08,Converted
3411,25422,Instagram Ads,Enterprise-wide content-based product,539.44,Converted
3412,31355,YouTube Ads,Progressive fresh-thinking array,2225.33,Converted
3413,3615,Google Ads,Optimized coherent toolset,2293.29,Converted
3414,8551,LinkedIn Ads,Business-focused cohesive model,3350.43,Not Converted
3415,35575,Google Ads,Up-sized 4thgeneration Internet solution,1152.11,Not Converted
3416,49108,Organic Search,Triple-buffered high-level open architecture,4959.12,Converted
3417,34775,Google Ads,Future-proofed zero tolerance knowledge user,1983.4,Converted
3418,47653,YouTube Ads,Networked dedicated frame,1002.85,Converted
3419,33342,Instagram Ads,Universal discrete service-desk,1143.59,Not Converted
3420,41488,Google Ads,Stand-alone systematic neural-net,1574.05,Converted
3421,2124,LinkedIn Ads,Down-sized uniform methodology,449.26,Converted
3422,15480,Referral,Devolved bifurcated strategy,947.82,Not Converted
3423,33565,Instagram Ads,Inverse background synergy,4493.16,Converted
3424,48493,LinkedIn Ads,Sharable zero-defect portal,911.26,Not Converted
3425,24256,Instagram Ads,Exclusive modular projection,420.12,Not Converted
3426,39049,Referral,Function-based transitional analyzer,3751.03,Converted
3427,13821,Organic Search,Upgradable human-resource monitoring,4468.56,Not Converted
3428,7235,Instagram Ads,Seamless full-range methodology,4956.46,Converted
3429,32607,Google Ads,De-engineered systemic array,1160.88,Not Converted
3430,24433,LinkedIn Ads,Horizontal responsive installation,3354.73,Converted
3431,30628,Organic Search,Distributed next generation implementation,3594.69,Converted
3432,33049,LinkedIn Ads,Front-line dynamic customer loyalty,2949.84,Not Converted
3433,23033,Organic Search,Configurable attitude-oriented support,4155.4,Not Converted
3434,1330,Organic Search,Seamless next generation complexity,4068.47,Not Converted
3435,11188,Instagram Ads,Streamlined client-server benchmark,1005.15,Not Converted
3436,20510,LinkedIn Ads,Innovative 24hour strategy,895.73,Not Converted
3437,33915,YouTube Ads,Future-proofed cohesive matrix,4373.44,Converted
3438,28307,Referral,Business-focused upward-trending customer loyalty,2389.65,Converted
3439,22189,Organic Search,Fundamental non-volatile knowledge user,4248.03,Not Converted
3440,33336,LinkedIn Ads,Virtual 24/7 process improvement,1698.53,Not Converted
3441,14457,Organic Search,Optional leadingedge encryption,4390.02,Not Converted
3442,48447,Google Ads,Business-focused contextually-based array,3479.43,Not Converted
3443,8342,Organic Search,Centralized scalable leverage,2834.87,Converted
3444,47830,Referral,Extended well-modulated implementation,1305.09,Not Converted
3445,16914,Organic Search,Customer-focused fresh-thinking instruction set,1194.32,Not Converted
3446,2784,Organic Search,Customizable asynchronous emulation,2141.32,Converted
3447,21390,Google Ads,Operative web-enabled analyzer,589.82,Not Converted
3448,34289,Referral,Fully-configurable bandwidth-monitored groupware,298.49,Converted
3449,17896,Instagram Ads,Quality-focused responsive concept,2622.34,Not Converted
3450,17674,YouTube Ads,Re-engineered tertiary strategy,2314.98,Converted
3451,11104,Organic Search,Open-architected reciprocal toolset,2821.54,Not Converted
3452,1073,Referral,Switchable composite success,3178.11,Converted
3453,24672,Google Ads,Mandatory radical product,1612.97,Not Converted
3454,38615,YouTube Ads,Intuitive systematic strategy,4702.96,Converted
3455,16027,Instagram Ads,Progressive empowering superstructure,3246.11,Not Converted
3456,31456,Google Ads,Managed system-worthy capability,2279.35,Converted
3457,11712,Instagram Ads,Focused value-added groupware,2415.31,Not Converted
3458,34773,Instagram Ads,Multi-channeled web-enabled intranet,903.79,Converted
3459,14889,LinkedIn Ads,Future-proofed interactive workforce,1938.72,Not Converted
3460,23349,Organic Search,Total bi-directional budgetary management,3345.85,Converted
3461,1145,LinkedIn Ads,Pre-emptive fault-tolerant system engine,346.08,Not Converted
3462,14071,LinkedIn Ads,Reverse-engineered 3rdgeneration attitude,1360.24,Not Converted
3463,29642,Google Ads,Centralized mobile focus group,1387.27,Not Converted
3464,29418,YouTube Ads,Realigned explicit product,3348.53,Converted
3465,21073,Google Ads,Compatible demand-driven product,3424.58,Not Converted
3466,3019,Google Ads,Centralized stable paradigm,1653.0,Not Converted
3467,27073,Organic Search,Intuitive didactic Internet solution,4243.28,Not Converted
3468,12595,Instagram Ads,Organic methodical neural-net,2428.11,Not Converted
3469,32073,LinkedIn Ads,Persistent asynchronous functionalities,1694.42,Converted
3470,37999,YouTube Ads,Balanced zero administration algorithm,2572.31,Converted
3471,22400,Organic Search,Integrated fresh-thinking productivity,3470.22,Converted
3472,24267,Google Ads,Automated tertiary infrastructure,1213.97,Not Converted
3473,48334,YouTube Ads,Managed 3rdgeneration initiative,799.48,Converted
3474,17947,YouTube Ads,Total interactive software,2370.7,Not Converted
3475,19935,Google Ads,User-friendly multi-tasking productivity,3653.85,Converted
3476,49969,Referral,User-centric interactive frame,2856.27,Not Converted
3477,42536,LinkedIn Ads,Proactive bi-directional functionalities,1932.99,Not Converted
3478,40296,YouTube Ads,Virtual multi-state architecture,3177.51,Converted
3479,21247,LinkedIn Ads,Multi-tiered systematic info-mediaries,4365.12,Converted
3480,23587,YouTube Ads,Universal non-volatile knowledgebase,878.47,Converted
3481,24339,LinkedIn Ads,Up-sized multi-tasking collaboration,840.87,Converted
3482,34581,Organic Search,Programmable systematic implementation,2434.89,Converted
3483,494,Instagram Ads,Profound web-enabled leverage,1893.83,Converted
3484,7527,LinkedIn Ads,Upgradable stable success,3541.07,Not Converted
3485,49780,LinkedIn Ads,De-engineered 5thgeneration initiative,2923.31,Converted
3486,49405,Instagram Ads,Sharable stable analyzer,545.96,Converted
3487,14827,Instagram Ads,Persistent asynchronous task-force,2247.25,Converted
3488,47824,Referral,Universal client-driven implementation,1944.27,Not Converted
3489,4730,Organic Search,Organic zero tolerance throughput,3875.71,Converted
3490,4982,LinkedIn Ads,Managed system-worthy interface,2653.88,Converted
3491,27279,Instagram Ads,Front-line homogeneous open architecture,385.31,Not Converted
3492,32666,Organic Search,Re-engineered well-modulated encoding,4764.1,Not Converted
3493,3203,YouTube Ads,Exclusive radical moratorium,309.42,Not Converted
3494,23162,Google Ads,Sharable value-added knowledgebase,604.3,Not Converted
3495,30069,Referral,Reverse-engineered upward-trending concept,3921.0,Not Converted
3496,23453,Organic Search,Self-enabling bifurcated installation,4239.73,Converted
3497,15283,Organic Search,Right-sized hybrid project,476.83,Not Converted
3498,41572,Instagram Ads,Streamlined content-based throughput,1906.41,Converted
3499,44400,Google Ads,Implemented directional protocol,2395.39,Not Converted
3500,36466,Instagram Ads,Persevering bottom-line structure,1503.68,Not Converted
3501,33304,Referral,Re-engineered uniform function,2739.46,Not Converted
3502,938,Google Ads,Organized heuristic extranet,3306.5,Converted
3503,14743,Organic Search,Persistent multi-state secured line,3214.52,Not Converted
3504,869,YouTube Ads,Versatile even-keeled neural-net,438.93,Not Converted
3505,37596,Referral,Programmable modular contingency,3830.64,Converted
3506,46353,YouTube Ads,Advanced logistical archive,2839.43,Not Converted
3507,46673,Referral,Mandatory systematic Graphic Interface,4630.37,Converted
3508,28849,Referral,Monitored holistic matrix,3242.23,Converted
3509,25859,Google Ads,Digitized analyzing product,2048.47,Not Converted
3510,24413,LinkedIn Ads,User-centric 5thgeneration definition,3047.1,Not Converted
3511,3724,Organic Search,Stand-alone 4thgeneration database,1716.14,Not Converted
3512,4776,Referral,Reactive context-sensitive interface,2683.69,Converted
3513,1314,Referral,Centralized static installation,160.34,Not Converted
3514,42594,Instagram Ads,De-engineered full-range encryption,4464.01,Converted
3515,9508,Referral,Extended asymmetric Internet solution,2541.49,Converted
3516,21004,Referral,Decentralized systemic alliance,2425.05,Converted
3517,8226,Organic Search,Expanded heuristic infrastructure,2711.6,Not Converted
3518,17825,LinkedIn Ads,Managed mission-critical extranet,1906.99,Converted
3519,35859,LinkedIn Ads,Organic content-based info-mediaries,1811.43,Converted
3520,34136,Referral,Multi-tiered methodical knowledge user,2113.55,Converted
3521,8932,Organic Search,Triple-buffered bottom-line budgetary management,3672.44,Not Converted
3522,3456,Referral,Realigned 3rdgeneration product,2111.18,Not Converted
3523,14415,YouTube Ads,Up-sized high-level hub,3532.89,Converted
3524,43202,LinkedIn Ads,Open-architected methodical hierarchy,1858.48,Not Converted
3525,4599,LinkedIn Ads,Grass-roots exuding workforce,974.98,Not Converted
3526,48067,Referral,Business-focused cohesive pricing structure,3306.23,Converted
3527,24839,LinkedIn Ads,Enhanced neutral task-force,3715.18,Converted
3528,1724,YouTube Ads,Fully-configurable executive protocol,1150.9,Not Converted
3529,19851,LinkedIn Ads,Right-sized systematic infrastructure,2961.38,Not Converted
3530,9756,Organic Search,Ergonomic uniform artificial intelligence,1464.39,Converted
3531,20687,Instagram Ads,Down-sized solution-oriented approach,1318.83,Converted
3532,14263,YouTube Ads,Function-based composite intranet,3611.01,Not Converted
3533,21814,Google Ads,Compatible user-facing hierarchy,3835.61,Not Converted
3534,22876,YouTube Ads,Persistent eco-centric superstructure,3885.47,Converted
3535,38470,YouTube Ads,Realigned coherent hierarchy,445.83,Converted
3536,30277,Google Ads,Profound local adapter,2451.45,Converted
3537,36438,YouTube Ads,Face-to-face object-oriented strategy,2435.73,Not Converted
3538,25778,Referral,Cloned exuding methodology,1493.85,Converted
3539,36867,Instagram Ads,Diverse background function,387.83,Not Converted
3540,20217,Organic Search,Multi-channeled executive throughput,2970.32,Not Converted
3541,38844,LinkedIn Ads,Multi-lateral heuristic leverage,1336.12,Converted
3542,3066,Organic Search,Up-sized background neural-net,4321.02,Converted
3543,19126,YouTube Ads,Re-contextualized explicit infrastructure,1418.82,Not Converted
3544,45529,Organic Search,Multi-lateral well-modulated workforce,3509.76,Converted
3545,39038,Organic Search,Advanced maximized definition,580.77,Not Converted
3546,4687,LinkedIn Ads,Ergonomic fault-tolerant intranet,3498.3,Converted
3547,48035,Google Ads,Optional didactic firmware,628.18,Converted
3548,11834,YouTube Ads,Public-key client-server standardization,2172.27,Not Converted
3549,983,Google Ads,Reduced systematic projection,2115.04,Not Converted
3550,18126,Referral,Focused incremental benchmark,1703.36,Converted
3551,13491,Instagram Ads,Focused bottom-line strategy,4616.21,Not Converted
3552,37190,Instagram Ads,Operative didactic secured line,2822.99,Converted
3553,9660,Instagram Ads,Exclusive static open architecture,1889.46,Not Converted
3554,48678,Referral,Enterprise-wide optimal emulation,1032.36,Converted
3555,27203,Google Ads,Down-sized bandwidth-monitored interface,3854.4,Not Converted
3556,42180,YouTube Ads,Distributed upward-trending circuit,3605.19,Not Converted
3557,22075,Google Ads,Secured optimal extranet,1884.81,Converted
3558,21076,Google Ads,Organic intangible database,584.06,Not Converted
3559,47128,YouTube Ads,Virtual tertiary matrix,4436.59,Converted
3560,26795,Referral,Programmable systemic definition,1546.14,Not Converted
3561,31510,Organic Search,Fundamental mobile concept,892.85,Converted
3562,41387,YouTube Ads,Profit-focused secondary structure,3630.69,Converted
3563,45213,Google Ads,Team-oriented discrete alliance,434.48,Not Converted
3564,27619,LinkedIn Ads,Configurable eco-centric conglomeration,4595.58,Not Converted
3565,11457,LinkedIn Ads,Reduced radical forecast,3842.27,Not Converted
3566,39245,YouTube Ads,Visionary bandwidth-monitored leverage,486.61,Converted
3567,3616,LinkedIn Ads,Virtual coherent Local Area Network,2209.65,Not Converted
3568,42043,YouTube Ads,Cloned transitional implementation,1591.28,Converted
3569,33067,Organic Search,Networked mission-critical productivity,3085.63,Not Converted
3570,34771,Google Ads,Balanced fault-tolerant access,713.82,Converted
3571,34559,LinkedIn Ads,Synchronized interactive intranet,3504.68,Converted
3572,23304,Google Ads,Decentralized human-resource solution,268.32,Converted
3573,43140,Organic Search,Fully-configurable optimal service-desk,2773.85,Not Converted
3574,23130,LinkedIn Ads,Multi-lateral user-facing website,4902.65,Converted
3575,23438,Google Ads,Focused methodical success,370.18,Converted
3576,33570,Referral,Intuitive optimal methodology,304.3,Not Converted
3577,10552,Google Ads,Integrated well-modulated hierarchy,4714.96,Not Converted
3578,49489,LinkedIn Ads,Vision-oriented full-range knowledge user,4095.25,Converted
3579,2378,Referral,Implemented neutral focus group,801.91,Not Converted
3580,34844,LinkedIn Ads,Proactive executive database,3481.15,Not Converted
3581,20076,Google Ads,Ameliorated contextually-based monitoring,2670.87,Converted
3582,40920,LinkedIn Ads,Cross-group grid-enabled Local Area Network,2669.82,Not Converted
3583,19646,Google Ads,Monitored transitional capacity,2817.84,Not Converted
3584,49619,Instagram Ads,Quality-focused well-modulated access,2090.28,Not Converted
3585,12825,YouTube Ads,Customer-focused discrete capability,4870.5,Not Converted
3586,19145,Organic Search,Total systematic focus group,636.28,Not Converted
3587,16922,Google Ads,Reduced logistical Graphical User Interface,2672.37,Not Converted
3588,12431,LinkedIn Ads,Self-enabling next generation product,2719.73,Converted
3589,24102,Google Ads,Decentralized contextually-based function,4336.04,Converted
3590,38389,Organic Search,Digitized explicit secured line,1327.85,Not Converted
3591,36911,Instagram Ads,Synchronized fault-tolerant encoding,2515.14,Converted
3592,26716,YouTube Ads,User-friendly zero administration policy,3645.47,Converted
3593,22858,Referral,Decentralized client-server paradigm,3106.35,Not Converted
3594,35882,Organic Search,Fully-configurable stable customer loyalty,1751.2,Not Converted
3595,49912,LinkedIn Ads,Horizontal 4thgeneration challenge,899.44,Not Converted
3596,38329,Organic Search,Organized client-driven portal,124.94,Converted
3597,11339,LinkedIn Ads,Fully-configurable logistical architecture,3750.59,Not Converted
3598,31844,Organic Search,Synergistic asynchronous instruction set,3907.83,Not Converted
3599,6637,Instagram Ads,Self-enabling intangible forecast,1189.63,Converted
3600,32537,YouTube Ads,Pre-emptive content-based throughput,4178.82,Not Converted
3601,15118,Instagram Ads,Virtual scalable protocol,2227.04,Converted
3602,37371,Google Ads,Fundamental secondary benchmark,2324.14,Not Converted
3603,33245,LinkedIn Ads,Intuitive contextually-based budgetary management,437.65,Converted
3604,39844,Instagram Ads,Customer-focused 4thgeneration portal,4467.05,Converted
3605,1398,Referral,Switchable asynchronous flexibility,1838.94,Not Converted
3606,31179,Referral,Future-proofed next generation success,3564.05,Not Converted
3607,28306,Google Ads,Versatile local archive,521.82,Not Converted
3608,8790,Google Ads,Extended client-driven projection,3355.64,Not Converted
3609,9494,Google Ads,Operative zero-defect alliance,2815.48,Converted
3610,18174,Organic Search,Enhanced even-keeled application,3057.42,Not Converted
3611,40279,LinkedIn Ads,Team-oriented modular product,1167.27,Converted
3612,32334,Organic Search,Team-oriented bandwidth-monitored core,83.09,Converted
3613,2689,Instagram Ads,Configurable user-facing encryption,2790.25,Not Converted
3614,17561,Referral,Networked tangible concept,228.55,Converted
3615,10425,YouTube Ads,Programmable neutral concept,3887.06,Not Converted
3616,8610,YouTube Ads,Assimilated 24hour Graphic Interface,3203.0,Not Converted
3617,34094,LinkedIn Ads,Future-proofed contextually-based Local Area Network,4479.41,Not Converted
3618,13896,Google Ads,Enhanced static ability,3399.42,Converted
3619,13107,Referral,Versatile client-driven throughput,2920.45,Not Converted
3620,39001,YouTube Ads,Assimilated leadingedge time-frame,2960.56,Not Converted
3621,45197,Instagram Ads,Grass-roots client-driven orchestration,1806.59,Converted
3622,49635,LinkedIn Ads,Future-proofed 24/7 challenge,4766.76,Converted
3623,34081,Organic Search,Balanced 5thgeneration workforce,4731.08,Not Converted
3624,49116,Referral,Future-proofed mission-critical standardization,3734.86,Converted
3625,9373,Organic Search,De-engineered next generation framework,2532.88,Not Converted
3626,25688,Instagram Ads,Quality-focused upward-trending task-force,3787.57,Converted
3627,28016,Organic Search,Persevering logistical functionalities,3502.87,Not Converted
3628,46525,Referral,Networked responsive time-frame,4030.23,Converted
3629,32760,LinkedIn Ads,Function-based human-resource service-desk,2133.41,Not Converted
3630,7764,Instagram Ads,Object-based zero tolerance throughput,4736.17,Not Converted
3631,38586,Organic Search,Optional multimedia attitude,2649.62,Converted
3632,20275,Organic Search,Right-sized scalable portal,2215.75,Not Converted
3633,38475,Referral,Synergized responsive architecture,3647.56,Converted
3634,2667,YouTube Ads,Phased dynamic toolset,3030.27,Converted
3635,11827,Referral,Devolved asynchronous Graphic Interface,518.96,Not Converted
3636,1779,LinkedIn Ads,Reduced analyzing core,1573.33,Not Converted
3637,21517,Google Ads,Cross-group object-oriented info-mediaries,555.51,Converted
3638,3956,YouTube Ads,Virtual encompassing emulation,2475.82,Not Converted
3639,14232,Referral,Devolved methodical hierarchy,1876.99,Converted
3640,48840,Referral,Proactive modular projection,1255.75,Not Converted
3641,3208,Referral,Horizontal exuding policy,4085.69,Converted
3642,37327,Referral,Synergistic systematic Local Area Network,4290.1,Converted
3643,1659,LinkedIn Ads,Ergonomic even-keeled access,4177.28,Converted
3644,43850,Referral,Innovative static circuit,96.82,Not Converted
3645,20297,Instagram Ads,Profound upward-trending conglomeration,4757.41,Converted
3646,5267,Instagram Ads,Expanded responsive frame,166.63,Not Converted
3647,11899,LinkedIn Ads,Optimized motivating Graphic Interface,3169.09,Not Converted
3648,49699,LinkedIn Ads,Synergistic local function,1564.23,Converted
3649,43875,Organic Search,Diverse uniform frame,4962.35,Not Converted
3650,35913,Referral,Ergonomic empowering project,950.23,Converted
3651,34551,Instagram Ads,Decentralized web-enabled encoding,4200.24,Converted
3652,8426,YouTube Ads,Digitized radical infrastructure,730.0,Converted
3653,20392,LinkedIn Ads,Expanded heuristic groupware,1380.3,Converted
3654,38206,Referral,Extended 4thgeneration definition,4768.28,Not Converted
3655,9797,Organic Search,Secured directional toolset,150.8,Converted
3656,21513,Google Ads,Re-contextualized 24hour database,4832.34,Converted
3657,25178,LinkedIn Ads,Stand-alone actuating process improvement,2183.96,Not Converted
3658,35350,Organic Search,Expanded local project,2973.3,Converted
3659,10960,YouTube Ads,Enhanced client-driven middleware,1449.25,Not Converted
3660,46102,Instagram Ads,Re-engineered exuding analyzer,2045.59,Not Converted
3661,28557,Instagram Ads,Decentralized methodical success,2840.67,Converted
3662,1692,Organic Search,Synchronized responsive website,4096.13,Converted
3663,41242,Instagram Ads,Customizable fault-tolerant Internet solution,4263.51,Not Converted
3664,39348,LinkedIn Ads,Multi-layered logistical algorithm,1923.99,Converted
3665,44642,Referral,Cloned encompassing throughput,4749.63,Not Converted
3666,12202,Instagram Ads,Intuitive client-server hub,4414.85,Not Converted
3667,30909,LinkedIn Ads,Persevering scalable productivity,3450.42,Not Converted
3668,44458,Instagram Ads,Assimilated intermediate success,3465.27,Not Converted
3669,36671,LinkedIn Ads,Operative attitude-oriented standardization,4052.42,Not Converted
3670,11868,Referral,Ergonomic methodical Local Area Network,1844.59,Converted
3671,48794,Google Ads,Advanced multi-state knowledge user,2447.22,Converted
3672,25278,Google Ads,Decentralized value-added definition,4660.39,Converted
3673,37531,Referral,Enhanced directional archive,3611.91,Not Converted
3674,40270,Google Ads,User-friendly multi-state time-frame,4289.84,Converted
3675,37681,YouTube Ads,Compatible regional algorithm,4482.5,Converted
3676,45366,Organic Search,Streamlined mission-critical moratorium,1991.55,Converted
3677,43118,Instagram Ads,Synergized 4thgeneration monitoring,1720.22,Not Converted
3678,20363,YouTube Ads,Organic interactive budgetary management,2961.76,Converted
3679,25032,Instagram Ads,Total bifurcated portal,4592.58,Not Converted
3680,24200,YouTube Ads,Integrated composite Internet solution,2618.55,Not Converted
3681,18176,LinkedIn Ads,Virtual systemic capacity,2828.4,Converted
3682,14113,Instagram Ads,Reactive even-keeled alliance,2578.22,Converted
3683,3569,LinkedIn Ads,Extended explicit framework,3187.59,Not Converted
3684,44967,YouTube Ads,Reduced object-oriented architecture,2670.38,Converted
3685,33665,Organic Search,Persevering value-added application,1311.47,Converted
3686,45347,Referral,Exclusive 5thgeneration intranet,774.76,Converted
3687,9217,Referral,Organic object-oriented array,1395.02,Not Converted
3688,11619,LinkedIn Ads,Switchable transitional task-force,523.34,Converted
3689,24293,Instagram Ads,Ergonomic coherent circuit,1755.81,Converted
3690,15603,LinkedIn Ads,Upgradable asymmetric methodology,2089.16,Converted
3691,8345,Organic Search,Persevering web-enabled website,658.71,Not Converted
3692,35868,YouTube Ads,Stand-alone intermediate algorithm,716.13,Not Converted
3693,33695,YouTube Ads,Re-engineered even-keeled policy,238.26,Converted
3694,42064,Organic Search,Pre-emptive incremental policy,3206.73,Not Converted
3695,48787,YouTube Ads,Up-sized radical conglomeration,440.69,Not Converted
3696,32573,Organic Search,Vision-oriented homogeneous emulation,2043.64,Converted
3697,40301,YouTube Ads,Triple-buffered dedicated contingency,4517.76,Not Converted
3698,689,YouTube Ads,Networked attitude-oriented superstructure,4514.71,Not Converted
3699,42379,YouTube Ads,Configurable multi-state info-mediaries,126.39,Not Converted
3700,9572,Instagram Ads,Reduced logistical implementation,384.49,Converted
3701,14206,LinkedIn Ads,Upgradable explicit support,4596.11,Not Converted
3702,8910,Google Ads,Adaptive actuating framework,4358.67,Not Converted
3703,11183,Instagram Ads,Balanced solution-oriented methodology,2281.57,Not Converted
3704,6522,Referral,Synchronized mobile capability,2824.6,Converted
3705,18046,Instagram Ads,Reduced high-level contingency,3359.42,Converted
3706,45278,Referral,Front-line scalable website,163.61,Not Converted
3707,48234,Instagram Ads,Implemented bottom-line open architecture,3001.63,Not Converted
3708,28783,Google Ads,Focused foreground success,4634.95,Converted
3709,22873,Google Ads,Right-sized context-sensitive website,3873.33,Not Converted
3710,31442,Organic Search,Persistent bandwidth-monitored artificial intelligence,3711.45,Converted
3711,4890,Instagram Ads,Persevering coherent info-mediaries,2961.77,Not Converted
3712,20255,Instagram Ads,Synergistic high-level solution,3348.74,Converted
3713,29106,LinkedIn Ads,Face-to-face empowering emulation,4043.61,Not Converted
3714,49727,LinkedIn Ads,Switchable bi-directional pricing structure,3798.05,Converted
3715,32113,LinkedIn Ads,De-engineered mission-critical synergy,4815.93,Not Converted
3716,18711,Referral,Synchronized mobile knowledge user,3195.55,Converted
3717,40609,Instagram Ads,Diverse empowering orchestration,810.87,Converted
3718,30264,Organic Search,Synergistic even-keeled methodology,1758.9,Not Converted
3719,6113,Referral,Automated 3rdgeneration approach,3911.43,Not Converted
3720,26187,Instagram Ads,Public-key content-based matrix,229.58,Converted
3721,43480,Google Ads,Fully-configurable fault-tolerant paradigm,2447.88,Converted
3722,43839,Organic Search,Digitized zero tolerance frame,3871.73,Converted
3723,47482,Referral,Robust client-driven framework,4868.05,Converted
3724,34328,YouTube Ads,Advanced mission-critical parallelism,4420.09,Converted
3725,46560,Organic Search,Pre-emptive mission-critical circuit,2942.45,Converted
3726,31962,Organic Search,Team-oriented dedicated alliance,1339.34,Converted
3727,24959,Google Ads,Fundamental holistic encoding,4686.73,Not Converted
3728,36929,Instagram Ads,Integrated exuding migration,1438.91,Not Converted
3729,49106,LinkedIn Ads,Compatible demand-driven policy,4875.22,Not Converted
3730,37286,Referral,Realigned homogeneous customer loyalty,3976.71,Converted
3731,28240,LinkedIn Ads,Upgradable eco-centric paradigm,4060.13,Converted
3732,32390,Google Ads,Synchronized bandwidth-monitored moderator,4781.67,Not Converted
3733,34867,Instagram Ads,Sharable coherent attitude,1628.47,Not Converted
3734,2540,Organic Search,Polarized intermediate definition,2414.01,Not Converted
3735,14370,Instagram Ads,Virtual full-range database,1014.0,Converted
3736,46798,LinkedIn Ads,Inverse mission-critical frame,3103.82,Not Converted
3737,18466,YouTube Ads,Enhanced asymmetric adapter,1714.95,Converted
3738,33690,Referral,Public-key context-sensitive array,53.36,Not Converted
3739,3290,LinkedIn Ads,Enterprise-wide asynchronous groupware,3440.68,Not Converted
3740,1232,YouTube Ads,Universal bi-directional artificial intelligence,2870.71,Not Converted
3741,36400,Instagram Ads,Implemented intermediate paradigm,4141.78,Not Converted
3742,28131,Instagram Ads,Adaptive real-time synergy,3080.6,Converted
3743,13354,YouTube Ads,Reverse-engineered human-resource Graphic Interface,2120.01,Not Converted
3744,16655,LinkedIn Ads,Organic global toolset,3894.86,Converted
3745,6157,LinkedIn Ads,Re-contextualized intangible moratorium,1723.93,Not Converted
3746,30903,Google Ads,Streamlined zero-defect leverage,2761.81,Not Converted
3747,38342,Instagram Ads,Cloned non-volatile conglomeration,835.25,Not Converted
3748,39738,Google Ads,Sharable multimedia migration,1648.48,Converted
3749,41113,YouTube Ads,Organic modular hierarchy,2207.32,Not Converted
3750,35009,YouTube Ads,Digitized asynchronous core,3999.21,Not Converted
3751,21432,LinkedIn Ads,Virtual background model,2480.24,Not Converted
3752,25248,Referral,Devolved multi-tasking throughput,3362.4,Not Converted
3753,43637,Instagram Ads,Switchable high-level productivity,640.37,Not Converted
3754,33310,Instagram Ads,Multi-channeled responsive capability,1945.37,Converted
3755,18317,Organic Search,Total full-range task-force,3739.94,Not Converted
3756,47242,YouTube Ads,Triple-buffered modular open system,1903.95,Not Converted
3757,49917,Organic Search,Distributed systematic system engine,228.84,Converted
3758,26144,YouTube Ads,Assimilated homogeneous methodology,3895.28,Converted
3759,34754,LinkedIn Ads,Front-line cohesive methodology,3547.5,Not Converted
3760,20241,Organic Search,Total incremental collaboration,2575.6,Converted
3761,9773,LinkedIn Ads,Down-sized directional protocol,3670.48,Not Converted
3762,29634,Referral,Vision-oriented bottom-line knowledge user,1603.38,Not Converted
3763,15981,Organic Search,Progressive global software,4183.23,Not Converted
3764,10373,Organic Search,Down-sized 3rdgeneration artificial intelligence,1836.01,Not Converted
3765,16220,Google Ads,Enterprise-wide tangible support,4047.55,Converted
3766,48544,Referral,Reverse-engineered next generation model,70.39,Converted
3767,18826,LinkedIn Ads,Universal full-range hardware,4261.36,Converted
3768,33938,LinkedIn Ads,Self-enabling fresh-thinking middleware,1047.1,Not Converted
3769,15461,Google Ads,Total bottom-line system engine,1428.47,Not Converted
3770,3842,YouTube Ads,Devolved systematic architecture,4844.56,Not Converted
3771,1664,Google Ads,Re-contextualized optimal ability,4730.92,Not Converted
3772,32312,Referral,Multi-layered high-level parallelism,3894.56,Converted
3773,28839,Instagram Ads,Secured tertiary algorithm,3070.68,Converted
3774,24889,Organic Search,Reduced real-time paradigm,3552.42,Converted
3775,18609,YouTube Ads,Horizontal discrete alliance,1441.19,Converted
3776,14027,LinkedIn Ads,Robust heuristic collaboration,3507.47,Not Converted
3777,32629,Referral,Future-proofed global extranet,2111.8,Not Converted
3778,22287,YouTube Ads,Adaptive foreground toolset,1455.27,Converted
3779,24900,Instagram Ads,Exclusive solution-oriented installation,3069.22,Converted
3780,13676,Google Ads,Compatible dynamic algorithm,1120.96,Converted
3781,4411,LinkedIn Ads,De-engineered coherent alliance,3947.99,Not Converted
3782,5023,Referral,Re-engineered responsive contingency,1584.58,Converted
3783,29777,YouTube Ads,Decentralized bi-directional framework,1188.17,Not Converted
3784,42203,YouTube Ads,Visionary client-driven leverage,412.24,Converted
3785,5683,YouTube Ads,Profit-focused neutral process improvement,1804.13,Not Converted
3786,42286,LinkedIn Ads,De-engineered homogeneous analyzer,2009.28,Not Converted
3787,7030,YouTube Ads,Open-source heuristic matrix,2688.31,Converted
3788,25258,Instagram Ads,Secured client-server ability,1803.42,Not Converted
3789,11557,LinkedIn Ads,Organized 24hour infrastructure,1902.53,Converted
3790,22498,LinkedIn Ads,Innovative didactic infrastructure,390.9,Not Converted
3791,42183,Instagram Ads,Synergistic modular open architecture,3912.69,Converted
3792,25407,LinkedIn Ads,Polarized local capability,1765.96,Not Converted
3793,5212,Instagram Ads,Virtual asymmetric strategy,3951.98,Converted
3794,13033,Google Ads,Visionary tangible contingency,1444.44,Converted
3795,41710,Referral,Automated stable capability,2419.71,Converted
3796,45243,Google Ads,Devolved non-volatile knowledge user,1282.6,Converted
3797,40836,YouTube Ads,Programmable methodical definition,1882.23,Converted
3798,49465,Instagram Ads,Mandatory fault-tolerant encoding,3534.7,Converted
3799,46286,Instagram Ads,Focused bi-directional function,4538.5,Not Converted
3800,8559,Instagram Ads,Reduced asymmetric flexibility,2717.69,Not Converted
3801,6791,YouTube Ads,Organic value-added database,731.31,Not Converted
3802,12448,LinkedIn Ads,Upgradable leadingedge moratorium,2854.64,Not Converted
3803,3288,Instagram Ads,Pre-emptive zero tolerance matrices,327.94,Not Converted
3804,47517,Instagram Ads,Proactive methodical process improvement,1992.48,Not Converted
3805,38885,Google Ads,Mandatory discrete pricing structure,3278.95,Not Converted
3806,33910,YouTube Ads,Switchable next generation budgetary management,941.42,Not Converted
3807,17493,YouTube Ads,Multi-channeled secondary open system,1670.98,Not Converted
3808,6400,LinkedIn Ads,Virtual user-facing utilization,4383.93,Converted
3809,9026,YouTube Ads,Pre-emptive national toolset,3454.66,Not Converted
3810,29184,Referral,Future-proofed 24/7 benchmark,1767.77,Not Converted
3811,48138,Organic Search,Extended static function,994.3,Not Converted
3812,25865,YouTube Ads,Innovative human-resource approach,3286.86,Not Converted
3813,33702,Google Ads,Streamlined system-worthy neural-net,2144.96,Not Converted
3814,30719,Organic Search,Pre-emptive real-time attitude,3034.97,Not Converted
3815,40941,LinkedIn Ads,Distributed methodical instruction set,3222.23,Converted
3816,15391,Organic Search,Managed foreground focus group,4621.37,Not Converted
3817,34136,Organic Search,Diverse uniform projection,214.02,Converted
3818,21060,Instagram Ads,Advanced motivating hub,2580.92,Not Converted
3819,40969,Instagram Ads,Pre-emptive mission-critical artificial intelligence,4089.92,Not Converted
3820,15247,Referral,Compatible uniform attitude,4043.23,Not Converted
3821,21201,Organic Search,Synergistic discrete definition,1814.11,Converted
3822,35996,Organic Search,Multi-layered impactful forecast,675.35,Converted
3823,32865,LinkedIn Ads,Total static projection,3628.23,Not Converted
3824,4097,Referral,Reduced discrete knowledgebase,1592.19,Converted
3825,25185,LinkedIn Ads,Multi-channeled eco-centric budgetary management,534.95,Not Converted
3826,33695,Organic Search,Managed contextually-based benchmark,3475.49,Not Converted
3827,37460,Instagram Ads,Quality-focused bandwidth-monitored approach,2451.7,Not Converted
3828,14400,Organic Search,Virtual value-added strategy,164.37,Not Converted
3829,13161,Instagram Ads,Distributed 3rdgeneration leverage,3156.26,Converted
3830,7639,Instagram Ads,De-engineered homogeneous algorithm,4211.2,Converted
3831,12715,YouTube Ads,Decentralized client-server infrastructure,1181.47,Converted
3832,15672,Instagram Ads,Enterprise-wide neutral knowledgebase,2644.31,Converted
3833,14520,YouTube Ads,Public-key scalable data-warehouse,4721.29,Converted
3834,31301,Instagram Ads,Reverse-engineered holistic array,1006.52,Converted
3835,35202,YouTube Ads,Operative 24hour process improvement,1281.55,Converted
3836,1316,LinkedIn Ads,Reactive methodical toolset,4095.05,Not Converted
3837,42589,Referral,Devolved mobile forecast,2288.32,Not Converted
3838,48026,Instagram Ads,Automated disintermediate throughput,3945.21,Converted
3839,15514,Google Ads,Reduced zero tolerance workforce,4000.42,Converted
3840,37401,Organic Search,Mandatory responsive adapter,4395.06,Not Converted
3841,9606,Organic Search,Profound systemic secured line,2997.2,Not Converted
3842,19291,Organic Search,Team-oriented 24hour algorithm,4922.1,Converted
3843,12968,LinkedIn Ads,Public-key multi-state installation,3106.71,Not Converted
3844,11919,YouTube Ads,Progressive composite initiative,251.54,Converted
3845,17012,Instagram Ads,Quality-focused motivating knowledge user,3316.39,Not Converted
3846,41478,Organic Search,Synergistic dedicated groupware,3012.49,Not Converted
3847,31508,LinkedIn Ads,Persistent executive intranet,3257.98,Converted
3848,34436,Organic Search,Multi-channeled dedicated workforce,974.94,Converted
3849,38237,YouTube Ads,Reverse-engineered explicit challenge,2280.56,Converted
3850,42877,Instagram Ads,Optimized even-keeled portal,482.47,Converted
3851,25681,Referral,Automated bifurcated system engine,3154.47,Not Converted
3852,16259,Organic Search,Customer-focused full-range concept,1696.17,Converted
3853,49375,LinkedIn Ads,Stand-alone zero-defect Graphical User Interface,722.82,Not Converted
3854,15044,Organic Search,Down-sized exuding archive,1472.82,Not Converted
3855,723,Organic Search,Down-sized disintermediate function,4405.79,Converted
3856,35347,Referral,Diverse zero tolerance workforce,1728.68,Not Converted
3857,41173,Instagram Ads,Customizable asynchronous product,4573.97,Converted
3858,27683,Google Ads,Persevering 3rdgeneration time-frame,831.48,Converted
3859,39321,Instagram Ads,Decentralized global productivity,397.07,Not Converted
3860,45198,Google Ads,Fully-configurable high-level collaboration,2146.88,Converted
3861,37784,Google Ads,Synergistic methodical alliance,3387.31,Converted
3862,25159,Google Ads,Virtual bi-directional orchestration,3342.61,Not Converted
3863,10259,LinkedIn Ads,Implemented value-added superstructure,796.15,Not Converted
3864,31732,Organic Search,Grass-roots exuding Local Area Network,4961.7,Not Converted
3865,6603,Google Ads,Self-enabling solution-oriented Internet solution,4680.8,Not Converted
3866,40891,Referral,Centralized executive encryption,1686.17,Not Converted
3867,47422,YouTube Ads,Fundamental client-driven concept,4826.34,Converted
3868,24224,Organic Search,Function-based real-time matrices,2266.68,Not Converted
3869,4377,Referral,Total homogeneous project,2774.63,Not Converted
3870,45020,Instagram Ads,Profit-focused explicit toolset,1208.04,Converted
3871,13953,Referral,Extended content-based task-force,656.96,Converted
3872,8803,LinkedIn Ads,Mandatory client-server artificial intelligence,1427.53,Converted
3873,15382,Organic Search,Fundamental content-based hardware,712.62,Converted
3874,20804,Instagram Ads,User-friendly optimizing intranet,4167.89,Converted
3875,40466,Google Ads,Centralized dedicated matrix,473.36,Not Converted
3876,31784,Organic Search,Cross-platform secondary product,2124.29,Converted
3877,33937,Organic Search,Operative coherent emulation,1527.61,Converted
3878,44612,Referral,Function-based upward-trending synergy,537.14,Not Converted
3879,6920,LinkedIn Ads,Down-sized multimedia leverage,1817.51,Not Converted
3880,20225,YouTube Ads,Virtual contextually-based methodology,1469.24,Not Converted
3881,32777,Referral,Switchable full-range complexity,1437.13,Not Converted
3882,45890,LinkedIn Ads,Operative multi-tasking model,2469.49,Converted
3883,27990,Referral,Multi-tiered stable utilization,4422.0,Not Converted
3884,13439,Referral,Re-contextualized coherent application,1794.84,Not Converted
3885,20307,YouTube Ads,Devolved intangible hub,4854.66,Converted
3886,1459,Instagram Ads,Customer-focused static definition,4955.96,Not Converted
3887,4384,Google Ads,Phased 4thgeneration neural-net,3766.7,Not Converted
3888,531,Organic Search,Synergized multimedia array,1589.9,Not Converted
3889,21734,LinkedIn Ads,Centralized maximized artificial intelligence,1971.82,Not Converted
3890,39599,Referral,Advanced fresh-thinking core,3065.45,Converted
3891,24241,Instagram Ads,Networked static productivity,3704.12,Converted
3892,40534,LinkedIn Ads,Switchable intangible approach,4611.43,Converted
3893,32912,Organic Search,Managed contextually-based collaboration,1260.18,Not Converted
3894,11707,Referral,Operative scalable system engine,3087.64,Not Converted
3895,9502,Organic Search,Face-to-face client-server Graphical User Interface,949.2,Converted
3896,1712,Organic Search,Cloned disintermediate functionalities,3576.7,Converted
3897,20353,YouTube Ads,Virtual user-facing framework,290.88,Not Converted
3898,1937,Instagram Ads,Managed impactful infrastructure,2505.86,Not Converted
3899,34481,Google Ads,Operative responsive task-force,2734.24,Converted
3900,34998,Referral,Enterprise-wide heuristic budgetary management,1777.33,Not Converted
3901,4131,LinkedIn Ads,Synchronized systematic info-mediaries,3658.67,Not Converted
3902,24140,Referral,Reactive zero administration throughput,3786.86,Converted
3903,5077,Organic Search,Pre-emptive real-time alliance,1024.76,Converted
3904,30510,Referral,Pre-emptive demand-driven workforce,4931.47,Not Converted
3905,28540,LinkedIn Ads,Focused hybrid help-desk,881.39,Not Converted
3906,41952,Referral,Seamless homogeneous Graphical User Interface,3919.3,Not Converted
3907,29627,Google Ads,Organized holistic success,4659.51,Not Converted
3908,20202,YouTube Ads,Re-engineered eco-centric productivity,306.7,Converted
3909,5408,YouTube Ads,Enterprise-wide bi-directional infrastructure,3463.16,Converted
3910,19414,Organic Search,Reactive logistical algorithm,800.82,Converted
3911,26597,Referral,Realigned solution-oriented process improvement,3042.53,Not Converted
3912,13050,LinkedIn Ads,Synchronized coherent knowledgebase,2229.01,Converted
3913,8684,Referral,Open-source asynchronous function,2723.21,Converted
3914,21712,Referral,Enhanced secondary structure,1624.2,Not Converted
3915,10860,LinkedIn Ads,Function-based asynchronous encoding,3502.55,Not Converted
3916,39920,Instagram Ads,Distributed cohesive data-warehouse,975.35,Not Converted
3917,47737,LinkedIn Ads,Object-based interactive secured line,339.65,Converted
3918,10723,LinkedIn Ads,Right-sized high-level portal,4352.56,Not Converted
3919,37502,Organic Search,Business-focused explicit matrix,4583.77,Not Converted
3920,29430,Google Ads,Pre-emptive cohesive definition,3344.51,Not Converted
3921,14226,LinkedIn Ads,Sharable maximized toolset,3161.96,Not Converted
3922,3901,Google Ads,Networked content-based hardware,3372.85,Not Converted
3923,25549,Google Ads,Decentralized didactic strategy,4037.89,Not Converted
3924,2357,Organic Search,Ameliorated motivating middleware,535.57,Not Converted
3925,39421,Instagram Ads,Robust heuristic infrastructure,3480.66,Not Converted
3926,31080,LinkedIn Ads,Operative optimal model,802.56,Not Converted
3927,38297,Organic Search,Cloned value-added toolset,3845.12,Not Converted
3928,1536,LinkedIn Ads,Down-sized discrete hub,546.57,Not Converted
3929,5907,Organic Search,Innovative uniform data-warehouse,4151.12,Not Converted
3930,8386,YouTube Ads,Cross-platform real-time access,3706.69,Converted
3931,24529,YouTube Ads,Networked actuating Internet solution,3517.31,Not Converted
3932,30324,YouTube Ads,Devolved real-time initiative,3458.03,Converted
3933,33225,Organic Search,Managed multi-state structure,3062.51,Not Converted
3934,25128,Google Ads,Networked high-level benchmark,716.47,Converted
3935,5893,Referral,Reduced clear-thinking software,3298.7,Converted
3936,7428,Organic Search,Persistent value-added open architecture,3249.14,Converted
3937,32982,Referral,Object-based eco-centric benchmark,4569.08,Converted
3938,16684,YouTube Ads,Progressive clear-thinking architecture,1599.84,Not Converted
3939,17304,Instagram Ads,Sharable incremental array,2389.92,Converted
3940,19240,Instagram Ads,Advanced discrete migration,3434.95,Not Converted
3941,6710,Organic Search,Up-sized mission-critical standardization,4168.98,Not Converted
3942,49778,Google Ads,Versatile upward-trending moderator,3313.48,Not Converted
3943,11931,Referral,Fully-configurable optimizing conglomeration,2554.39,Converted
3944,8950,Referral,Reverse-engineered encompassing firmware,2214.31,Not Converted
3945,3653,YouTube Ads,Reduced fault-tolerant moderator,1503.51,Not Converted
3946,40909,YouTube Ads,Function-based analyzing success,3900.65,Not Converted
3947,2331,Organic Search,Pre-emptive interactive extranet,2146.19,Not Converted
3948,28911,LinkedIn Ads,Streamlined optimizing success,468.1,Not Converted
3949,24724,Instagram Ads,Seamless dedicated instruction set,2076.51,Converted
3950,10429,Instagram Ads,Switchable demand-driven leverage,608.69,Converted
3951,23942,Referral,Programmable fresh-thinking matrix,1834.33,Not Converted
3952,45067,Organic Search,Upgradable demand-driven algorithm,2047.87,Not Converted
3953,46652,Instagram Ads,Realigned 4thgeneration array,1670.26,Not Converted
3954,36315,Google Ads,Cloned maximized budgetary management,166.09,Not Converted
3955,10995,YouTube Ads,Up-sized methodical Graphical User Interface,3794.51,Converted
3956,15526,Instagram Ads,Multi-channeled secondary leverage,230.31,Converted
3957,10973,Organic Search,Open-architected tangible protocol,856.9,Not Converted
3958,14102,YouTube Ads,Multi-channeled intermediate matrix,527.18,Not Converted
3959,42951,LinkedIn Ads,Function-based multi-state leverage,3067.07,Converted
3960,24587,Referral,Multi-lateral impactful hardware,3852.06,Not Converted
3961,23444,LinkedIn Ads,Open-architected hybrid hierarchy,4045.98,Converted
3962,5755,Organic Search,Realigned asymmetric model,3040.36,Not Converted
3963,19955,Google Ads,Profound mobile strategy,4177.15,Converted
3964,48122,Instagram Ads,Robust directional attitude,2171.44,Not Converted
3965,33534,LinkedIn Ads,Programmable 3rdgeneration solution,1483.66,Not Converted
3966,10396,LinkedIn Ads,De-engineered zero administration support,4298.12,Converted
3967,42379,LinkedIn Ads,Ergonomic system-worthy flexibility,3528.19,Converted
3968,42427,YouTube Ads,Future-proofed eco-centric forecast,3910.31,Not Converted
3969,42180,Instagram Ads,Self-enabling incremental architecture,3264.55,Converted
3970,14173,YouTube Ads,Compatible content-based algorithm,302.65,Converted
3971,34059,Referral,Persevering mobile info-mediaries,1239.03,Converted
3972,40932,LinkedIn Ads,Upgradable hybrid strategy,625.12,Converted
3973,5548,Referral,Re-engineered discrete capability,2537.26,Not Converted
3974,47582,LinkedIn Ads,Configurable hybrid migration,4736.63,Converted
3975,31782,Referral,Balanced holistic Graphical User Interface,3720.47,Converted
3976,37543,Organic Search,Configurable global array,2718.72,Not Converted
3977,18534,Organic Search,Multi-lateral composite projection,521.72,Not Converted
3978,38580,Google Ads,User-friendly dedicated migration,641.82,Not Converted
3979,20220,YouTube Ads,Stand-alone coherent encoding,118.37,Not Converted
3980,46115,LinkedIn Ads,De-engineered static analyzer,4074.25,Converted
3981,9248,YouTube Ads,Polarized regional utilization,209.97,Converted
3982,1527,Instagram Ads,Public-key human-resource instruction set,1310.6,Not Converted
3983,47053,Instagram Ads,Extended responsive throughput,1145.91,Not Converted
3984,49518,Google Ads,Multi-layered actuating alliance,2272.71,Converted
3985,7645,YouTube Ads,Reverse-engineered upward-trending hierarchy,2496.33,Converted
3986,36991,Google Ads,Operative motivating solution,4252.44,Not Converted
3987,42866,Google Ads,Reverse-engineered human-resource extranet,2571.08,Converted
3988,11356,LinkedIn Ads,Upgradable next generation ability,3904.16,Not Converted
3989,33255,Referral,Cross-group solution-oriented focus group,217.69,Not Converted
3990,29150,Organic Search,Versatile 3rdgeneration implementation,3258.61,Converted
3991,26993,Referral,Customer-focused didactic secured line,1945.29,Converted
3992,28710,Google Ads,Monitored analyzing hub,2605.96,Converted
3993,30009,Referral,Versatile secondary Graphic Interface,4056.18,Not Converted
3994,9349,Google Ads,Synergistic web-enabled portal,4963.62,Converted
3995,6674,Instagram Ads,Function-based logistical attitude,383.64,Converted
3996,43205,Instagram Ads,Intuitive methodical success,4918.62,Not Converted
3997,21305,LinkedIn Ads,Reactive client-server encryption,506.19,Converted
3998,46841,Referral,Inverse heuristic extranet,75.03,Converted
3999,12435,YouTube Ads,De-engineered composite database,95.86,Not Converted
4000,10048,YouTube Ads,Open-architected value-added frame,2944.27,Not Converted
4001,16392,LinkedIn Ads,Implemented 24/7 encryption,4407.91,Not Converted
4002,29498,LinkedIn Ads,Persistent disintermediate intranet,746.28,Not Converted
4003,34979,Instagram Ads,User-centric content-based array,3631.64,Not Converted
4004,18835,YouTube Ads,Multi-lateral bifurcated projection,3277.45,Converted
4005,37094,Google Ads,Balanced contextually-based help-desk,1994.63,Not Converted
4006,29406,Referral,Reactive reciprocal matrix,1049.47,Converted
4007,8537,LinkedIn Ads,Versatile solution-oriented Graphic Interface,2799.2,Not Converted
4008,11447,YouTube Ads,Virtual maximized conglomeration,2269.65,Not Converted
4009,8327,Google Ads,Horizontal multi-tasking orchestration,4653.21,Converted
4010,41979,LinkedIn Ads,Polarized leadingedge concept,2889.39,Converted
4011,39558,Instagram Ads,Multi-tiered methodical array,3687.64,Converted
4012,1781,Organic Search,Total system-worthy access,1455.17,Not Converted
4013,28119,Instagram Ads,Triple-buffered dynamic standardization,2656.05,Not Converted
4014,25303,YouTube Ads,Visionary high-level product,888.22,Converted
4015,6219,Google Ads,Centralized optimal system engine,1633.91,Not Converted
4016,28306,Organic Search,Universal dynamic frame,3499.75,Not Converted
4017,43729,Instagram Ads,Up-sized value-added definition,2700.09,Converted
4018,37472,Instagram Ads,Ameliorated attitude-oriented service-desk,3900.69,Converted
4019,6540,Referral,Polarized responsive framework,1888.25,Not Converted
4020,5262,Organic Search,Intuitive actuating protocol,4680.65,Converted
4021,12012,Instagram Ads,Diverse value-added encryption,2062.43,Converted
4022,36641,YouTube Ads,Cross-group high-level secured line,4266.92,Converted
4023,44338,Referral,User-friendly web-enabled circuit,2357.44,Not Converted
4024,31421,YouTube Ads,Synergized executive application,4359.85,Converted
4025,16529,Organic Search,Sharable bandwidth-monitored service-desk,1918.04,Converted
4026,16234,Google Ads,Ergonomic upward-trending success,3883.63,Not Converted
4027,40282,Referral,Seamless tertiary challenge,3082.1,Converted
4028,48906,Instagram Ads,Multi-lateral leadingedge throughput,1502.83,Not Converted
4029,867,Google Ads,Universal motivating benchmark,1995.12,Not Converted
4030,22919,Organic Search,Cross-platform modular instruction set,1680.74,Not Converted
4031,46419,LinkedIn Ads,Quality-focused reciprocal alliance,1846.1,Converted
4032,4486,Google Ads,Operative client-server model,4131.37,Not Converted
4033,3619,Referral,Stand-alone methodical array,3783.95,Not Converted
4034,3000,Organic Search,Implemented value-added software,3492.41,Not Converted
4035,42848,Google Ads,Open-architected zero tolerance policy,4091.88,Converted
4036,13439,Referral,Programmable 24hour challenge,1171.01,Not Converted
4037,35144,LinkedIn Ads,Visionary bifurcated utilization,3630.91,Converted
4038,17599,Google Ads,Quality-focused next generation approach,4389.52,Converted
4039,28834,Google Ads,Total national extranet,2604.8,Not Converted
4040,37669,LinkedIn Ads,Fundamental zero-defect artificial intelligence,560.28,Converted
4041,38736,Instagram Ads,Future-proofed high-level standardization,3827.6,Not Converted
4042,48591,YouTube Ads,Integrated explicit moratorium,1964.85,Not Converted
4043,36067,Organic Search,Cross-platform explicit portal,2166.37,Converted
4044,15683,Referral,Virtual scalable Graphic Interface,4995.87,Converted
4045,45839,Google Ads,Optimized context-sensitive adapter,3773.89,Converted
4046,2696,Instagram Ads,Cross-platform secondary throughput,3651.52,Not Converted
4047,33740,LinkedIn Ads,Reverse-engineered composite array,101.28,Converted
4048,49369,Organic Search,Expanded 6thgeneration attitude,2353.73,Not Converted
4049,5617,Instagram Ads,Inverse tertiary portal,4837.17,Not Converted
4050,15958,Organic Search,Devolved bandwidth-monitored initiative,2035.16,Not Converted
4051,39737,Referral,Ergonomic methodical concept,3905.72,Not Converted
4052,32212,Google Ads,Customizable static utilization,3768.8,Converted
4053,20276,Instagram Ads,Advanced methodical superstructure,1899.19,Converted
4054,20429,Instagram Ads,Multi-tiered needs-based moratorium,1078.11,Converted
4055,40423,Organic Search,Integrated value-added project,4291.41,Converted
4056,22271,YouTube Ads,Programmable multi-tasking standardization,2372.11,Not Converted
4057,43511,Google Ads,Balanced scalable infrastructure,2077.63,Not Converted
4058,44927,Google Ads,Seamless regional monitoring,960.67,Converted
4059,26736,Instagram Ads,Enhanced mobile productivity,4549.99,Not Converted
4060,20991,YouTube Ads,Persevering solution-oriented extranet,3241.76,Not Converted
4061,7882,Instagram Ads,Diverse hybrid projection,847.58,Converted
4062,32661,Instagram Ads,Managed optimizing model,2195.83,Not Converted
4063,17592,LinkedIn Ads,Extended systemic contingency,3276.67,Converted
4064,8820,LinkedIn Ads,Cloned value-added contingency,4855.32,Converted
4065,28602,Instagram Ads,Reverse-engineered interactive data-warehouse,462.02,Not Converted
4066,9667,Referral,Compatible zero tolerance moratorium,4675.62,Not Converted
4067,7423,Referral,Multi-lateral transitional support,3234.06,Converted
4068,35419,Organic Search,Front-line directional customer loyalty,3124.24,Not Converted
4069,4923,LinkedIn Ads,Extended web-enabled challenge,3537.9,Not Converted
4070,6437,Organic Search,Persistent analyzing model,1281.53,Not Converted
4071,4852,Instagram Ads,Diverse homogeneous artificial intelligence,2914.21,Not Converted
4072,49891,Organic Search,Public-key bi-directional moratorium,1921.35,Not Converted
4073,6699,Google Ads,Fundamental non-volatile alliance,3956.47,Not Converted
4074,4365,LinkedIn Ads,Realigned 5thgeneration neural-net,1182.02,Not Converted
4075,43237,Organic Search,Vision-oriented foreground customer loyalty,610.72,Not Converted
4076,7997,Organic Search,Focused web-enabled moderator,4655.5,Not Converted
4077,37072,Instagram Ads,Realigned multimedia solution,884.47,Not Converted
4078,20227,Instagram Ads,Streamlined logistical definition,3827.2,Converted
4079,9378,Referral,Optional next generation adapter,1101.15,Not Converted
4080,14172,Instagram Ads,Reactive clear-thinking groupware,4672.79,Not Converted
4081,40453,Referral,Profit-focused context-sensitive throughput,4106.24,Not Converted
4082,4069,Google Ads,Programmable systemic implementation,390.61,Converted
4083,27066,Referral,Extended maximized orchestration,3432.63,Converted
4084,43743,Instagram Ads,Fundamental multi-state encoding,2058.78,Not Converted
4085,30139,LinkedIn Ads,Optional methodical matrices,2977.69,Converted
4086,46537,Organic Search,User-centric stable initiative,1291.71,Converted
4087,29253,Organic Search,Optional fault-tolerant parallelism,3843.99,Converted
4088,19810,Referral,Mandatory neutral data-warehouse,3326.11,Converted
4089,38791,Instagram Ads,Streamlined modular interface,1055.02,Not Converted
4090,45374,YouTube Ads,Secured high-level monitoring,2757.49,Not Converted
4091,36046,Referral,Face-to-face asymmetric Internet solution,4388.89,Not Converted
4092,10875,YouTube Ads,Synergized 4thgeneration initiative,4268.42,Not Converted
4093,26877,YouTube Ads,Configurable multi-state adapter,4715.31,Converted
4094,33883,Instagram Ads,Triple-buffered disintermediate Graphical User Interface,3360.93,Converted
4095,44169,LinkedIn Ads,User-friendly hybrid success,4723.85,Converted
4096,44724,LinkedIn Ads,Fundamental 6thgeneration support,108.28,Not Converted
4097,14878,LinkedIn Ads,Down-sized holistic ability,4348.88,Converted
4098,5500,YouTube Ads,Team-oriented needs-based encoding,2131.1,Converted
4099,22271,Google Ads,Switchable tertiary benchmark,3923.55,Not Converted
4100,24848,Referral,Function-based regional leverage,1476.57,Not Converted
4101,25079,LinkedIn Ads,Inverse fault-tolerant superstructure,1046.15,Converted
4102,5829,Google Ads,Open-source logistical budgetary management,1691.69,Converted
4103,45589,Organic Search,Programmable secondary data-warehouse,2449.99,Not Converted
4104,37213,Google Ads,Universal explicit portal,2090.02,Not Converted
4105,43493,YouTube Ads,Ameliorated maximized pricing structure,3263.1,Converted
4106,8315,Instagram Ads,Vision-oriented 4thgeneration structure,1984.26,Not Converted
4107,48827,LinkedIn Ads,Cross-platform client-server definition,3085.69,Converted
4108,8282,YouTube Ads,Streamlined dynamic strategy,720.72,Not Converted
4109,2846,LinkedIn Ads,Open-architected static budgetary management,1632.82,Not Converted
4110,15234,Google Ads,Monitored intangible project,1014.3,Converted
4111,5500,Google Ads,Streamlined methodical neural-net,540.52,Converted
4112,44808,LinkedIn Ads,Optimized responsive forecast,4431.91,Not Converted
4113,4830,Google Ads,Persevering bi-directional knowledge user,3497.34,Not Converted
4114,7452,Referral,Automated context-sensitive ability,3136.78,Not Converted
4115,46551,YouTube Ads,Total dedicated policy,2162.76,Not Converted
4116,34354,Organic Search,Programmable next generation access,4374.19,Not Converted
4117,41162,Instagram Ads,Assimilated radical Graphical User Interface,2632.2,Converted
4118,46726,LinkedIn Ads,Multi-channeled actuating interface,694.92,Converted
4119,11636,Google Ads,Secured bandwidth-monitored archive,3578.21,Not Converted
4120,28024,Instagram Ads,Future-proofed maximized initiative,3044.11,Converted
4121,13292,Google Ads,Re-engineered composite policy,2145.25,Converted
4122,39100,Instagram Ads,Decentralized systematic functionalities,3061.5,Converted
4123,18613,Instagram Ads,Exclusive optimal standardization,3803.24,Converted
4124,10746,Organic Search,Universal user-facing parallelism,64.48,Not Converted
4125,38667,YouTube Ads,Total tertiary system engine,284.98,Converted
4126,33661,Google Ads,Managed user-facing hierarchy,4187.87,Not Converted
4127,5726,Referral,Public-key bifurcated artificial intelligence,3556.89,Not Converted
4128,4056,Organic Search,Ergonomic zero tolerance orchestration,4955.6,Converted
4129,21958,Instagram Ads,Organic contextually-based paradigm,1718.18,Converted
4130,16914,LinkedIn Ads,Organic well-modulated algorithm,334.24,Not Converted
4131,5057,Organic Search,Right-sized secondary data-warehouse,3225.89,Not Converted
4132,19763,Organic Search,Operative high-level emulation,4570.68,Not Converted
4133,7310,LinkedIn Ads,Innovative motivating hardware,3076.46,Not Converted
4134,24687,Organic Search,Team-oriented needs-based info-mediaries,1601.18,Not Converted
4135,11048,LinkedIn Ads,Universal responsive definition,4232.21,Not Converted
4136,35268,Instagram Ads,Organized interactive flexibility,1544.92,Converted
4137,49232,Instagram Ads,Robust 3rdgeneration superstructure,997.3,Converted
4138,36596,Organic Search,Multi-channeled neutral initiative,1696.61,Not Converted
4139,30101,Organic Search,Secured leadingedge throughput,3330.59,Not Converted
4140,18796,Referral,Right-sized optimal paradigm,1743.96,Not Converted
4141,28501,YouTube Ads,Customer-focused incremental standardization,4144.24,Not Converted
4142,83,Organic Search,Reactive contextually-based customer loyalty,1410.74,Not Converted
4143,22634,Organic Search,Adaptive systematic concept,1990.55,Converted
4144,900,Organic Search,Pre-emptive bandwidth-monitored approach,3862.36,Not Converted
4145,12390,Google Ads,Face-to-face scalable architecture,3721.92,Not Converted
4146,27776,Google Ads,Synergistic value-added methodology,4498.24,Not Converted
4147,49848,Google Ads,Focused 24hour focus group,918.98,Converted
4148,13592,LinkedIn Ads,Diverse optimal access,831.01,Converted
4149,31441,Referral,Multi-channeled zero-defect pricing structure,2392.34,Converted
4150,49661,Instagram Ads,Diverse real-time workforce,4816.87,Converted
4151,35527,Instagram Ads,Reverse-engineered background throughput,1707.38,Converted
4152,38467,Referral,Implemented static model,66.82,Converted
4153,43006,YouTube Ads,Reverse-engineered local productivity,3583.22,Converted
4154,15061,LinkedIn Ads,Profound bottom-line neural-net,2728.94,Not Converted
4155,45935,Referral,Configurable optimizing software,2368.24,Converted
4156,16453,Referral,Synergized demand-driven workforce,272.92,Not Converted
4157,48930,Referral,Decentralized attitude-oriented core,1392.97,Not Converted
4158,14681,Organic Search,Exclusive directional challenge,3598.49,Converted
4159,47039,LinkedIn Ads,Inverse methodical project,4876.25,Not Converted
4160,10563,Google Ads,Switchable disintermediate Local Area Network,2553.16,Not Converted
4161,49317,Instagram Ads,Integrated directional synergy,1767.47,Not Converted
4162,4334,YouTube Ads,Multi-layered scalable framework,1751.2,Not Converted
4163,43304,Google Ads,Stand-alone real-time Graphical User Interface,1393.94,Not Converted
4164,37030,Instagram Ads,Reactive analyzing productivity,3121.47,Converted
4165,11720,Organic Search,Enterprise-wide attitude-oriented policy,350.46,Not Converted
4166,27800,Instagram Ads,Synchronized hybrid standardization,4531.08,Not Converted
4167,4066,YouTube Ads,Innovative upward-trending orchestration,4559.13,Not Converted
4168,36028,Referral,Innovative full-range paradigm,1735.69,Not Converted
4169,17976,Google Ads,Configurable content-based initiative,1509.94,Converted
4170,30453,Referral,Optimized analyzing infrastructure,2003.99,Not Converted
4171,9244,YouTube Ads,Face-to-face reciprocal protocol,4238.09,Converted
4172,30669,Google Ads,De-engineered bi-directional encryption,1432.13,Converted
4173,35837,Referral,Inverse actuating framework,86.99,Converted
4174,27172,Organic Search,Optional composite interface,3664.72,Not Converted
4175,37280,Instagram Ads,Multi-layered bottom-line algorithm,3439.22,Not Converted
4176,13227,YouTube Ads,Multi-tiered context-sensitive attitude,2249.14,Converted
4177,32603,Referral,Face-to-face uniform model,1161.42,Converted
4178,30416,YouTube Ads,Right-sized content-based firmware,301.63,Converted
4179,49972,Referral,User-friendly bifurcated moderator,4391.81,Not Converted
4180,43358,Organic Search,Proactive empowering time-frame,1991.01,Not Converted
4181,41907,LinkedIn Ads,Robust upward-trending parallelism,3954.83,Converted
4182,33501,Referral,Total web-enabled toolset,1348.71,Converted
4183,34021,YouTube Ads,Digitized coherent archive,2407.72,Converted
4184,31121,Instagram Ads,Triple-buffered didactic implementation,3525.38,Converted
4185,32127,Organic Search,User-friendly value-added leverage,2877.77,Not Converted
4186,14644,YouTube Ads,Proactive human-resource monitoring,2512.56,Converted
4187,18761,Referral,Automated radical framework,4349.75,Converted
4188,27713,Organic Search,Persevering value-added middleware,4502.87,Not Converted
4189,12769,YouTube Ads,Public-key uniform groupware,453.11,Converted
4190,27671,Referral,Switchable heuristic service-desk,3874.87,Converted
4191,10061,Referral,Realigned 24/7 productivity,1499.74,Converted
4192,4456,YouTube Ads,Exclusive dynamic installation,4195.29,Not Converted
4193,8827,Google Ads,Digitized directional application,2868.09,Converted
4194,10758,Instagram Ads,Stand-alone fresh-thinking Internet solution,3113.22,Converted
4195,27898,Organic Search,Re-engineered logistical challenge,327.88,Converted
4196,13910,Instagram Ads,Total value-added approach,3075.73,Not Converted
4197,49593,Google Ads,Robust multi-state challenge,4748.45,Converted
4198,42946,LinkedIn Ads,Cross-group analyzing array,4408.64,Not Converted
4199,12785,LinkedIn Ads,Digitized 6thgeneration firmware,1775.71,Converted
4200,48025,YouTube Ads,Devolved zero tolerance interface,267.86,Converted
4201,8551,Organic Search,Customizable system-worthy software,2087.92,Not Converted
4202,39564,Referral,Expanded systematic focus group,1933.04,Not Converted
4203,13112,YouTube Ads,Networked leadingedge challenge,3004.84,Not Converted
4204,6137,Referral,Balanced neutral adapter,2782.69,Not Converted
4205,47290,Google Ads,Object-based secondary database,916.0,Not Converted
4206,46845,LinkedIn Ads,Advanced directional methodology,4115.03,Not Converted
4207,5292,Referral,Grass-roots uniform software,2437.6,Converted
4208,27489,LinkedIn Ads,Cloned uniform firmware,2214.18,Converted
4209,32074,Organic Search,Monitored solution-oriented application,4106.82,Converted
4210,39824,Referral,Implemented content-based hierarchy,3313.17,Not Converted
4211,30542,LinkedIn Ads,Re-contextualized bi-directional encryption,570.91,Converted
4212,49182,LinkedIn Ads,Synergistic hybrid knowledgebase,483.66,Converted
4213,4916,Organic Search,Optional client-driven task-force,152.06,Converted
4214,15135,Instagram Ads,Re-contextualized analyzing standardization,2919.5,Converted
4215,43918,Instagram Ads,Visionary full-range success,758.72,Not Converted
4216,28734,Organic Search,Persistent intangible success,919.31,Converted
4217,34772,LinkedIn Ads,Horizontal 5thgeneration frame,1880.04,Not Converted
4218,11703,Organic Search,Cross-platform motivating solution,246.95,Converted
4219,43391,Google Ads,Cross-platform holistic installation,4158.75,Not Converted
4220,24201,YouTube Ads,Universal object-oriented implementation,1377.3,Converted
4221,30630,LinkedIn Ads,Re-contextualized full-range capacity,3559.42,Not Converted
4222,29271,Organic Search,Seamless incremental leverage,1636.78,Converted
4223,33378,Google Ads,Proactive client-server protocol,299.6,Not Converted
4224,13400,Google Ads,Seamless multi-tasking product,2358.06,Not Converted
4225,33863,YouTube Ads,Fundamental background migration,986.88,Not Converted
4226,17314,YouTube Ads,Robust asymmetric encoding,3266.3,Converted
4227,21286,LinkedIn Ads,Persistent regional toolset,1827.64,Not Converted
4228,20199,Organic Search,Diverse clear-thinking conglomeration,1874.52,Converted
4229,7720,Referral,Organized stable intranet,699.52,Not Converted
4230,46668,Referral,Ameliorated multimedia encoding,944.82,Not Converted
4231,20331,Organic Search,Expanded zero-defect attitude,2223.73,Converted
4232,6675,LinkedIn Ads,Devolved intangible open architecture,3185.91,Not Converted
4233,25157,YouTube Ads,Re-contextualized content-based system engine,2495.68,Not Converted
4234,3096,LinkedIn Ads,Re-engineered national success,3005.48,Converted
4235,42514,Referral,Pre-emptive actuating process improvement,4029.82,Converted
4236,30561,Organic Search,Expanded contextually-based forecast,3156.15,Not Converted
4237,49457,Organic Search,Operative optimizing info-mediaries,904.83,Converted
4238,48855,YouTube Ads,Inverse disintermediate application,1656.84,Not Converted
4239,28568,LinkedIn Ads,Enhanced dynamic parallelism,2083.24,Not Converted
4240,26366,YouTube Ads,Up-sized next generation migration,615.68,Not Converted
4241,26458,LinkedIn Ads,Horizontal object-oriented hierarchy,2504.28,Not Converted
4242,41829,Instagram Ads,Quality-focused bottom-line intranet,2799.63,Converted
4243,3013,Google Ads,Cross-group high-level neural-net,2730.23,Converted
4244,31807,Organic Search,Universal 24/7 groupware,4019.7,Not Converted
4245,25968,Google Ads,Multi-tiered intangible portal,3418.65,Converted
4246,3640,Instagram Ads,Assimilated contextually-based forecast,1629.35,Not Converted
4247,17564,Organic Search,Upgradable holistic software,1747.88,Not Converted
4248,35963,Organic Search,Reactive modular customer loyalty,1544.23,Converted
4249,9467,Referral,Grass-roots tangible contingency,3861.63,Converted
4250,37807,Google Ads,Function-based secondary knowledgebase,1347.53,Converted
4251,12012,Instagram Ads,Re-contextualized needs-based contingency,2452.76,Converted
4252,14066,Organic Search,Digitized 24/7 parallelism,4222.89,Not Converted
4253,11823,Referral,Grass-roots interactive moratorium,2324.49,Not Converted
4254,2813,Referral,Profit-focused reciprocal function,4789.57,Not Converted
4255,27911,YouTube Ads,Expanded 6thgeneration policy,3394.42,Not Converted
4256,28336,YouTube Ads,Grass-roots bandwidth-monitored ability,3266.1,Not Converted
4257,37218,YouTube Ads,Adaptive encompassing initiative,3612.51,Converted
4258,28013,Google Ads,Cross-platform well-modulated access,3073.99,Converted
4259,30080,LinkedIn Ads,Re-contextualized dedicated hub,4883.29,Not Converted
4260,36095,LinkedIn Ads,Horizontal reciprocal model,2996.67,Converted
4261,26364,Google Ads,Reduced radical core,2994.2,Converted
4262,33299,LinkedIn Ads,De-engineered systemic conglomeration,2353.24,Converted
4263,13836,Instagram Ads,Profit-focused client-driven forecast,1439.52,Converted
4264,38280,Organic Search,Operative holistic installation,2028.96,Not Converted
4265,24587,Organic Search,Intuitive multi-tasking superstructure,2828.98,Converted
4266,5219,Google Ads,Future-proofed 24hour access,4645.46,Converted
4267,39220,Instagram Ads,Cross-group local middleware,1045.95,Converted
4268,27840,YouTube Ads,Networked system-worthy approach,1207.51,Not Converted
4269,38137,Referral,Team-oriented global capability,2424.4,Not Converted
4270,27252,Instagram Ads,Devolved holistic hierarchy,159.17,Not Converted
4271,1511,LinkedIn Ads,Progressive responsive website,4546.91,Converted
4272,12656,LinkedIn Ads,Expanded systematic task-force,1278.21,Converted
4273,13405,Google Ads,Future-proofed radical parallelism,3904.31,Not Converted
4274,28548,Instagram Ads,Customizable fault-tolerant time-frame,3642.71,Converted
4275,21116,Google Ads,Assimilated mission-critical collaboration,1940.71,Converted
4276,35394,Referral,Implemented optimal algorithm,3873.67,Not Converted
4277,27568,Instagram Ads,Multi-tiered upward-trending knowledge user,2771.57,Converted
4278,5336,Google Ads,Multi-tiered full-range success,3886.27,Converted
4279,41158,Referral,Triple-buffered system-worthy leverage,4967.55,Converted
4280,19959,Google Ads,Reduced heuristic leverage,1962.59,Converted
4281,44700,Organic Search,Enterprise-wide responsive middleware,2423.87,Not Converted
4282,10573,Referral,Fully-configurable even-keeled forecast,3051.65,Not Converted
4283,10843,Google Ads,Ergonomic discrete website,3423.27,Not Converted
4284,45983,Referral,Customizable cohesive alliance,482.74,Converted
4285,40535,LinkedIn Ads,Reactive impactful algorithm,2872.49,Not Converted
4286,49785,Google Ads,User-friendly even-keeled capability,3630.1,Not Converted
4287,7714,Referral,Diverse encompassing task-force,679.28,Converted
4288,35126,Organic Search,Innovative 6thgeneration data-warehouse,966.81,Not Converted
4289,7353,LinkedIn Ads,Innovative multi-state Local Area Network,3429.46,Converted
4290,43826,LinkedIn Ads,Digitized non-volatile benchmark,2541.86,Converted
4291,5458,Organic Search,Function-based context-sensitive initiative,4807.53,Not Converted
4292,20921,Organic Search,Re-contextualized global array,1735.36,Converted
4293,46894,YouTube Ads,Enterprise-wide encompassing strategy,1098.12,Not Converted
4294,28653,Google Ads,Inverse fresh-thinking archive,2651.36,Not Converted
4295,18396,Organic Search,Future-proofed 24/7 utilization,2856.1,Not Converted
4296,673,YouTube Ads,Persevering value-added infrastructure,3449.25,Not Converted
4297,10898,Referral,Compatible zero-defect attitude,1909.82,Converted
4298,46179,Google Ads,Innovative local help-desk,1520.81,Not Converted
4299,14428,Organic Search,Reverse-engineered tertiary algorithm,1036.09,Converted
4300,7866,Referral,Cross-group stable installation,2303.69,Converted
4301,49735,Organic Search,Profound non-volatile middleware,2235.53,Converted
4302,35440,Organic Search,Universal exuding encryption,1528.97,Converted
4303,2281,Referral,Balanced 3rdgeneration paradigm,2378.83,Not Converted
4304,30314,Referral,Balanced explicit encryption,1929.48,Not Converted
4305,21190,Referral,Enhanced content-based circuit,3117.78,Not Converted
4306,36959,Instagram Ads,Fully-configurable bifurcated alliance,3268.62,Not Converted
4307,9809,LinkedIn Ads,Focused content-based adapter,4404.37,Converted
4308,40087,Google Ads,Operative bi-directional forecast,2570.46,Converted
4309,19842,Google Ads,De-engineered bifurcated matrices,3184.44,Converted
4310,42361,Google Ads,Total analyzing website,1430.87,Converted
4311,36084,Instagram Ads,Ergonomic interactive analyzer,2521.74,Converted
4312,39129,Google Ads,Upgradable zero administration software,4922.37,Converted
4313,33909,Instagram Ads,Profound web-enabled secured line,1686.04,Not Converted
4314,39279,Organic Search,Proactive national model,540.76,Converted
4315,47821,Organic Search,Enterprise-wide static time-frame,4152.96,Not Converted
4316,37661,LinkedIn Ads,Fully-configurable hybrid encoding,1606.75,Converted
4317,27992,YouTube Ads,Customer-focused bi-directional website,4339.61,Converted
4318,16447,Referral,Innovative upward-trending project,377.65,Not Converted
4319,30997,Referral,User-centric modular policy,3494.8,Converted
4320,15364,LinkedIn Ads,Distributed uniform secured line,3014.64,Converted
4321,22774,Referral,Implemented human-resource model,3995.02,Converted
4322,48963,Referral,Horizontal intermediate support,500.32,Converted
4323,19658,LinkedIn Ads,Organic exuding process improvement,679.57,Converted
4324,14456,Google Ads,Cross-group intangible moderator,4459.27,Not Converted
4325,27516,Organic Search,Synergized even-keeled architecture,2449.96,Not Converted
4326,15010,LinkedIn Ads,Secured client-driven encryption,1556.98,Converted
4327,42114,YouTube Ads,Triple-buffered needs-based pricing structure,528.12,Converted
4328,25093,Instagram Ads,Fundamental transitional policy,4531.72,Not Converted
4329,34458,Instagram Ads,Advanced local database,835.86,Not Converted
4330,9385,Organic Search,Horizontal context-sensitive neural-net,1010.11,Not Converted
4331,18245,Referral,Progressive web-enabled initiative,3381.97,Converted
4332,43759,LinkedIn Ads,Fundamental transitional hierarchy,3703.77,Converted
4333,1822,YouTube Ads,Self-enabling heuristic benchmark,1807.05,Not Converted
4334,8601,LinkedIn Ads,User-friendly static open system,4514.95,Converted
4335,48872,Instagram Ads,Cloned didactic Graphic Interface,1310.21,Not Converted
4336,34415,Google Ads,Universal fault-tolerant help-desk,597.41,Converted
4337,49646,Google Ads,Quality-focused foreground frame,2974.48,Not Converted
4338,29127,YouTube Ads,Visionary explicit attitude,745.19,Not Converted
4339,35451,LinkedIn Ads,Ergonomic tangible middleware,579.0,Converted
4340,32899,Google Ads,Triple-buffered leadingedge database,615.34,Converted
4341,45038,Organic Search,Organic background productivity,4855.36,Converted
4342,48152,Google Ads,Cloned global budgetary management,3776.92,Converted
4343,15910,Google Ads,Adaptive homogeneous concept,2051.92,Converted
4344,23369,Google Ads,Seamless system-worthy project,3835.32,Converted
4345,21792,Instagram Ads,Synchronized full-range architecture,2312.69,Converted
4346,44255,LinkedIn Ads,Stand-alone 3rdgeneration leverage,4868.74,Converted
4347,46825,LinkedIn Ads,Streamlined 5thgeneration workforce,675.74,Not Converted
4348,7704,LinkedIn Ads,Object-based multi-tasking throughput,4281.69,Converted
4349,12216,Instagram Ads,Ergonomic reciprocal monitoring,2461.42,Not Converted
4350,23869,Organic Search,Synergistic empowering interface,1649.55,Not Converted
4351,31168,YouTube Ads,Implemented optimizing time-frame,4218.33,Not Converted
4352,11477,Organic Search,Proactive 5thgeneration time-frame,1886.81,Not Converted
4353,35737,Referral,Sharable multimedia knowledge user,1524.82,Converted
4354,41740,LinkedIn Ads,Public-key dynamic portal,4366.31,Not Converted
4355,7229,Google Ads,Digitized real-time Internet solution,128.64,Not Converted
4356,11795,Google Ads,Self-enabling disintermediate neural-net,4913.53,Not Converted
4357,42231,LinkedIn Ads,Open-architected systemic structure,3275.84,Not Converted
4358,46573,LinkedIn Ads,Innovative scalable knowledge user,544.81,Not Converted
4359,41878,Referral,Devolved uniform installation,1867.05,Not Converted
4360,46808,LinkedIn Ads,Profound responsive matrix,3669.83,Not Converted
4361,38371,LinkedIn Ads,Synchronized incremental open system,1528.8,Converted
4362,48357,Organic Search,Phased zero-defect superstructure,2065.94,Converted
4363,3745,Instagram Ads,Up-sized attitude-oriented middleware,2762.56,Converted
4364,12576,Referral,Vision-oriented multi-tasking budgetary management,2823.13,Converted
4365,30567,YouTube Ads,Reverse-engineered tangible knowledgebase,333.5,Not Converted
4366,7063,Referral,Public-key regional forecast,4749.55,Converted
4367,46873,YouTube Ads,Cross-platform context-sensitive conglomeration,2756.8,Not Converted
4368,983,YouTube Ads,Quality-focused impactful info-mediaries,2403.28,Not Converted
4369,32251,YouTube Ads,Open-architected methodical website,4837.48,Converted
4370,11661,Referral,Optimized 6thgeneration hub,3609.44,Converted
4371,5427,YouTube Ads,Virtual stable core,4422.39,Converted
4372,31688,Google Ads,Exclusive scalable circuit,4111.82,Converted
4373,49185,Instagram Ads,Fundamental didactic archive,431.98,Not Converted
4374,5824,Instagram Ads,Robust 5thgeneration alliance,182.59,Not Converted
4375,42621,YouTube Ads,Switchable incremental hardware,4064.17,Converted
4376,21064,Organic Search,Implemented next generation paradigm,2513.3,Converted
4377,35997,YouTube Ads,Cross-group 6thgeneration toolset,3347.05,Not Converted
4378,9556,YouTube Ads,Phased analyzing installation,2222.44,Converted
4379,18972,Referral,Future-proofed upward-trending software,2590.69,Converted
4380,46303,Instagram Ads,Grass-roots national software,4457.28,Converted
4381,35216,Organic Search,De-engineered systematic utilization,1263.21,Not Converted
4382,48495,Instagram Ads,Networked context-sensitive utilization,1757.11,Not Converted
4383,44261,Google Ads,Innovative bifurcated Internet solution,1534.64,Converted
4384,10749,Referral,Fully-configurable maximized approach,2933.65,Converted
4385,4554,Organic Search,Cross-group tangible workforce,3572.76,Not Converted
4386,1035,YouTube Ads,Cloned neutral benchmark,4859.67,Converted
4387,8920,Instagram Ads,Configurable real-time knowledge user,3667.2,Converted
4388,7318,YouTube Ads,Extended bottom-line info-mediaries,1115.06,Not Converted
4389,5585,Referral,Front-line reciprocal concept,4516.99,Not Converted
4390,29135,Referral,Right-sized intangible matrices,3340.47,Not Converted
4391,32113,Referral,Multi-lateral motivating capability,4236.78,Converted
4392,6765,Referral,Secured dynamic website,2079.45,Not Converted
4393,4967,Google Ads,Versatile leadingedge website,4794.27,Not Converted
4394,26795,Google Ads,Cloned disintermediate structure,2157.14,Not Converted
4395,6520,LinkedIn Ads,Organized demand-driven synergy,4374.83,Converted
4396,12396,Instagram Ads,Proactive web-enabled methodology,2482.0,Not Converted
4397,43988,Organic Search,Cross-platform radical moderator,2319.79,Not Converted
4398,26242,YouTube Ads,Exclusive system-worthy functionalities,1579.42,Not Converted
4399,41251,Instagram Ads,Diverse cohesive functionalities,3363.46,Converted
4400,17331,YouTube Ads,Compatible systematic challenge,1402.43,Converted
4401,12111,YouTube Ads,Persistent homogeneous policy,1322.59,Not Converted
4402,5801,Organic Search,Advanced tertiary instruction set,2911.42,Converted
4403,39601,Organic Search,Digitized radical initiative,4676.76,Converted
4404,15744,YouTube Ads,Vision-oriented exuding circuit,866.57,Not Converted
4405,17974,Organic Search,Centralized intangible groupware,2122.03,Converted
4406,39078,Referral,Stand-alone even-keeled toolset,3515.3,Not Converted
4407,3315,Organic Search,Future-proofed multi-tasking implementation,2927.18,Converted
4408,28504,Instagram Ads,User-centric impactful paradigm,743.36,Not Converted
4409,33446,YouTube Ads,Focused demand-driven focus group,2055.2,Not Converted
4410,7311,Organic Search,Open-architected static frame,4430.49,Converted
4411,34723,Instagram Ads,Upgradable global help-desk,621.23,Not Converted
4412,18059,YouTube Ads,Future-proofed eco-centric open system,3482.37,Not Converted
4413,18936,Instagram Ads,Optional global superstructure,2662.09,Not Converted
4414,6177,YouTube Ads,Cross-group 4thgeneration matrices,3943.25,Converted
4415,3829,Instagram Ads,Cross-platform cohesive budgetary management,4193.12,Not Converted
4416,9543,Referral,Organic empowering info-mediaries,139.64,Not Converted
4417,37507,Organic Search,Operative regional pricing structure,4422.54,Not Converted
4418,29578,Instagram Ads,Total empowering architecture,1328.6,Converted
4419,36656,LinkedIn Ads,Re-contextualized logistical contingency,1822.23,Converted
4420,9612,LinkedIn Ads,Synergistic zero administration protocol,4149.24,Converted
4421,32326,Google Ads,De-engineered needs-based hub,2524.03,Not Converted
4422,29167,Referral,Multi-layered neutral access,1124.74,Converted
4423,45001,Google Ads,Optional tertiary orchestration,3257.99,Not Converted
4424,41233,LinkedIn Ads,Vision-oriented global capability,1397.26,Not Converted
4425,4188,YouTube Ads,Re-engineered foreground framework,214.94,Not Converted
4426,16482,Referral,Reverse-engineered coherent firmware,408.97,Not Converted
4427,14138,YouTube Ads,Innovative intermediate knowledge user,3822.25,Not Converted
4428,26454,YouTube Ads,Switchable 5thgeneration toolset,4221.91,Not Converted
4429,1687,LinkedIn Ads,Configurable actuating middleware,772.1,Not Converted
4430,43651,YouTube Ads,Customizable impactful project,3207.96,Not Converted
4431,6016,Instagram Ads,Diverse transitional project,4682.0,Not Converted
4432,13451,LinkedIn Ads,Multi-channeled impactful implementation,4950.17,Not Converted
4433,49162,Google Ads,Multi-layered needs-based conglomeration,4863.58,Converted
4434,24487,YouTube Ads,Focused dedicated hub,4181.46,Not Converted
4435,2863,Referral,Virtual 3rdgeneration policy,2445.75,Converted
4436,48138,YouTube Ads,Progressive holistic capability,2966.42,Not Converted
4437,30508,Referral,Synergistic intermediate moderator,4466.79,Converted
4438,14260,Instagram Ads,Reduced multi-tasking hub,4627.35,Not Converted
4439,16062,Instagram Ads,Sharable actuating emulation,1396.16,Not Converted
4440,3366,LinkedIn Ads,Sharable value-added system engine,4100.9,Converted
4441,22407,Instagram Ads,Decentralized zero administration Graphical User Interface,3719.24,Not Converted
4442,2089,Referral,Virtual 24hour success,1189.21,Not Converted
4443,16302,Instagram Ads,Automated static approach,3261.45,Converted
4444,2038,Referral,Grass-roots 24/7 framework,2168.44,Converted
4445,39643,Instagram Ads,Down-sized fresh-thinking attitude,3611.25,Converted
4446,46723,LinkedIn Ads,Reduced modular methodology,3658.44,Converted
4447,9979,YouTube Ads,Public-key executive structure,2548.25,Converted
4448,5992,Referral,Open-source executive superstructure,2390.5,Not Converted
4449,25414,LinkedIn Ads,Team-oriented tertiary groupware,4711.76,Converted
4450,16801,Organic Search,Mandatory mission-critical alliance,1155.03,Not Converted
4451,45457,Google Ads,Fundamental zero-defect alliance,3721.52,Not Converted
4452,28376,Google Ads,Synergized human-resource migration,1722.13,Converted
4453,28426,Google Ads,User-centric 4thgeneration adapter,4431.43,Not Converted
4454,11787,YouTube Ads,Multi-layered leadingedge emulation,4492.59,Converted
4455,19381,Referral,Networked maximized time-frame,837.68,Converted
4456,10437,Google Ads,Up-sized neutral budgetary management,2414.71,Converted
4457,20733,Referral,Automated homogeneous portal,1811.07,Converted
4458,29151,YouTube Ads,Synergized client-driven monitoring,951.66,Converted
4459,13379,LinkedIn Ads,Extended client-server monitoring,4080.75,Not Converted
4460,15959,Organic Search,Down-sized logistical system engine,4916.18,Converted
4461,6429,YouTube Ads,Stand-alone foreground infrastructure,4478.04,Not Converted
4462,8538,Organic Search,Devolved encompassing product,3844.51,Converted
4463,19903,Organic Search,User-centric zero tolerance moderator,2335.21,Converted
4464,23928,Organic Search,Face-to-face high-level circuit,976.92,Converted
4465,884,Referral,Fundamental next generation superstructure,2419.88,Converted
4466,17782,Google Ads,Synchronized leadingedge ability,3723.02,Converted
4467,25790,Google Ads,Proactive reciprocal utilization,613.75,Not Converted
4468,46418,LinkedIn Ads,Multi-lateral global product,1535.18,Not Converted
4469,19926,Referral,Optimized leadingedge migration,4874.53,Converted
4470,45105,YouTube Ads,Fully-configurable holistic capability,1934.35,Not Converted
4471,21760,Instagram Ads,De-engineered well-modulated parallelism,738.7,Not Converted
4472,31819,Organic Search,Diverse analyzing software,1204.8,Not Converted
4473,21679,Referral,Mandatory disintermediate data-warehouse,1917.67,Not Converted
4474,41739,Organic Search,Up-sized logistical service-desk,1152.31,Not Converted
4475,13556,Referral,Enhanced high-level collaboration,2084.37,Converted
4476,24239,Referral,Future-proofed interactive functionalities,2872.42,Converted
4477,5801,YouTube Ads,Face-to-face eco-centric paradigm,2210.88,Converted
4478,48989,LinkedIn Ads,Exclusive responsive definition,2108.92,Converted
4479,32139,Instagram Ads,Monitored intermediate neural-net,3975.62,Converted
4480,24880,YouTube Ads,Secured full-range matrices,960.89,Not Converted
4481,27774,Organic Search,Compatible global knowledgebase,3600.53,Not Converted
4482,6345,Organic Search,Multi-layered tangible software,4110.58,Not Converted
4483,24902,Google Ads,Horizontal system-worthy Internet solution,2974.04,Not Converted
4484,26617,Organic Search,Total high-level throughput,288.94,Not Converted
4485,41335,LinkedIn Ads,Cross-group empowering database,1175.39,Not Converted
4486,41943,LinkedIn Ads,User-friendly bi-directional installation,2443.66,Not Converted
4487,25466,LinkedIn Ads,Assimilated systematic throughput,2197.69,Converted
4488,9068,Organic Search,Front-line motivating protocol,2163.77,Converted
4489,45734,Instagram Ads,Configurable actuating orchestration,361.0,Not Converted
4490,4215,Instagram Ads,De-engineered high-level open system,4020.18,Not Converted
4491,13721,Referral,Enhanced hybrid application,2958.23,Converted
4492,37541,YouTube Ads,Horizontal motivating product,4155.37,Converted
4493,16762,YouTube Ads,Grass-roots eco-centric info-mediaries,529.76,Converted
4494,35478,Referral,Cloned 5thgeneration adapter,1480.54,Not Converted
4495,9269,LinkedIn Ads,Triple-buffered fault-tolerant migration,3273.61,Converted
4496,18138,YouTube Ads,Business-focused non-volatile capacity,2599.54,Converted
4497,3107,Google Ads,Expanded eco-centric firmware,4436.91,Not Converted
4498,13086,Instagram Ads,Diverse incremental analyzer,2630.15,Converted
4499,17453,Organic Search,Advanced composite collaboration,3849.23,Converted
4500,42204,Organic Search,Visionary radical strategy,809.3,Converted
4501,15915,Instagram Ads,Polarized stable capacity,1478.89,Converted
4502,38344,YouTube Ads,Enhanced demand-driven product,1772.0,Converted
4503,47526,Referral,Seamless 4thgeneration benchmark,811.22,Converted
4504,2531,Google Ads,Centralized cohesive system engine,913.31,Not Converted
4505,16007,Instagram Ads,Persistent reciprocal concept,3386.0,Converted
4506,34923,Organic Search,Universal demand-driven utilization,495.1,Not Converted
4507,2179,Organic Search,Extended reciprocal challenge,1922.63,Not Converted
4508,28597,Instagram Ads,Progressive clear-thinking approach,2998.34,Not Converted
4509,38051,Referral,Right-sized asymmetric function,3428.28,Converted
4510,36410,YouTube Ads,Organized system-worthy forecast,104.12,Converted
4511,264,YouTube Ads,Multi-layered actuating knowledge user,171.47,Not Converted
4512,31047,YouTube Ads,Synchronized heuristic pricing structure,1808.7,Not Converted
4513,6764,YouTube Ads,Upgradable web-enabled Graphic Interface,4250.58,Not Converted
4514,12963,Google Ads,Managed maximized policy,3283.58,Not Converted
4515,17319,LinkedIn Ads,Re-engineered asynchronous middleware,2297.3,Converted
4516,3177,LinkedIn Ads,Organic context-sensitive solution,1644.34,Not Converted
4517,35347,Google Ads,Re-contextualized uniform utilization,2958.5,Not Converted
4518,31731,Google Ads,Extended leadingedge concept,485.08,Not Converted
4519,24962,Google Ads,Automated methodical access,246.54,Not Converted
4520,18973,Referral,Innovative fault-tolerant artificial intelligence,410.05,Not Converted
4521,33779,YouTube Ads,Advanced well-modulated utilization,3503.84,Converted
4522,11,Referral,Proactive coherent alliance,2534.56,Not Converted
4523,32786,Google Ads,Object-based hybrid application,2075.32,Converted
4524,24976,Referral,Quality-focused real-time time-frame,1486.43,Not Converted
4525,8611,Google Ads,Advanced 24/7 application,2011.09,Converted
4526,35466,LinkedIn Ads,Operative transitional function,2314.54,Not Converted
4527,28095,LinkedIn Ads,Centralized mission-critical artificial intelligence,1980.23,Not Converted
4528,2067,Instagram Ads,Cross-platform object-oriented framework,1813.7,Converted
4529,26587,YouTube Ads,Mandatory multi-tasking secured line,485.5,Converted
4530,9866,Referral,User-friendly content-based algorithm,316.84,Not Converted
4531,865,LinkedIn Ads,Optimized solution-oriented toolset,1039.58,Converted
4532,41117,Instagram Ads,Organic holistic middleware,2670.08,Converted
4533,3291,LinkedIn Ads,Customer-focused mission-critical protocol,4537.36,Converted
4534,29149,Organic Search,Advanced upward-trending workforce,836.24,Converted
4535,18882,LinkedIn Ads,Synchronized 24hour synergy,1930.77,Converted
4536,20545,Instagram Ads,Reduced homogeneous hub,3407.15,Converted
4537,5905,Organic Search,Adaptive zero-defect neural-net,4002.06,Converted
4538,42822,Instagram Ads,Compatible neutral protocol,2819.67,Not Converted
4539,20394,YouTube Ads,Total grid-enabled matrices,2011.38,Not Converted
4540,34755,Organic Search,User-friendly asynchronous groupware,1059.84,Not Converted
4541,4452,LinkedIn Ads,Sharable bifurcated capability,4487.66,Converted
4542,44649,LinkedIn Ads,Profit-focused bi-directional superstructure,3122.01,Converted
4543,6756,YouTube Ads,Front-line motivating initiative,167.89,Converted
4544,27260,Instagram Ads,Object-based stable archive,156.24,Not Converted
4545,45451,Google Ads,Reduced executive matrices,366.03,Not Converted
4546,20110,YouTube Ads,De-engineered 24/7 infrastructure,2821.37,Converted
4547,41910,LinkedIn Ads,Multi-channeled leadingedge collaboration,1548.14,Converted
4548,34220,Google Ads,Business-focused needs-based customer loyalty,4811.16,Not Converted
4549,44926,Referral,Managed asymmetric time-frame,755.85,Not Converted
4550,45851,Organic Search,Assimilated bifurcated toolset,2458.36,Not Converted
4551,38630,YouTube Ads,Configurable logistical extranet,2074.07,Converted
4552,39795,Referral,Public-key executive toolset,1156.58,Not Converted
4553,38755,Referral,Re-engineered maximized superstructure,4096.63,Converted
4554,41909,Instagram Ads,Implemented bandwidth-monitored budgetary management,1744.98,Not Converted
4555,40426,Instagram Ads,Proactive responsive groupware,2576.61,Not Converted
4556,6944,Referral,Advanced high-level definition,4014.56,Not Converted
4557,38702,Google Ads,Programmable reciprocal structure,2213.96,Converted
4558,43402,Referral,Cloned transitional knowledge user,2297.43,Converted
4559,4268,YouTube Ads,Cross-platform upward-trending structure,3437.38,Converted
4560,14533,LinkedIn Ads,Multi-layered national groupware,4380.01,Converted
4561,12091,Google Ads,Innovative dedicated Internet solution,1133.87,Not Converted
4562,24872,LinkedIn Ads,Customer-focused dedicated knowledge user,4650.06,Converted
4563,27566,Instagram Ads,Universal grid-enabled service-desk,1917.96,Converted
4564,29847,LinkedIn Ads,Polarized well-modulated capability,2181.85,Converted
4565,13617,YouTube Ads,Object-based intangible flexibility,2088.09,Not Converted
4566,27122,Organic Search,Team-oriented next generation help-desk,1841.65,Converted
4567,25613,Referral,Stand-alone client-driven contingency,3784.06,Not Converted
4568,5813,Instagram Ads,Expanded demand-driven adapter,3697.12,Not Converted
4569,31932,Google Ads,Persistent incremental pricing structure,3765.09,Not Converted
4570,5172,Instagram Ads,Multi-channeled coherent secured line,3214.9,Not Converted
4571,33253,Google Ads,Proactive holistic ability,847.36,Converted
4572,6204,Referral,Monitored asymmetric structure,4239.52,Not Converted
4573,6184,Organic Search,Open-architected multimedia groupware,2063.16,Not Converted
4574,45626,LinkedIn Ads,Object-based intermediate core,3106.35,Converted
4575,36454,Organic Search,Business-focused system-worthy installation,3013.59,Not Converted
4576,46570,Instagram Ads,Programmable empowering intranet,377.26,Not Converted
4577,31433,LinkedIn Ads,Total human-resource migration,2467.13,Converted
4578,6983,LinkedIn Ads,Fundamental value-added algorithm,98.82,Not Converted
4579,24824,Google Ads,Self-enabling composite success,160.15,Not Converted
4580,40429,Organic Search,Secured dedicated leverage,2518.72,Not Converted
4581,10188,Google Ads,Adaptive high-level success,3169.49,Not Converted
4582,31542,Referral,Secured modular application,4605.66,Converted
4583,44208,YouTube Ads,Devolved attitude-oriented adapter,4896.9,Converted
4584,47294,YouTube Ads,Vision-oriented analyzing solution,2028.68,Converted
4585,6721,Instagram Ads,Multi-layered fresh-thinking firmware,4547.54,Converted
4586,40006,YouTube Ads,Multi-layered composite monitoring,3075.01,Not Converted
4587,19108,Organic Search,Expanded mobile standardization,507.4,Converted
4588,4216,YouTube Ads,Compatible composite structure,3236.69,Converted
4589,48084,Organic Search,Optional real-time leverage,4471.35,Converted
4590,19074,Organic Search,Realigned foreground flexibility,1402.36,Converted
4591,11323,LinkedIn Ads,Configurable non-volatile approach,205.19,Converted
4592,4525,Instagram Ads,Optional tangible frame,2094.63,Converted
4593,28907,Instagram Ads,Open-source eco-centric secured line,4665.17,Not Converted
4594,23639,Instagram Ads,Total systemic interface,1924.89,Not Converted
4595,46171,Google Ads,Multi-lateral zero tolerance service-desk,1608.88,Converted
4596,5981,LinkedIn Ads,Pre-emptive eco-centric productivity,1926.21,Converted
4597,28285,Organic Search,Visionary stable paradigm,2723.39,Not Converted
4598,26319,YouTube Ads,Multi-lateral mobile approach,933.28,Not Converted
4599,5026,Instagram Ads,Compatible uniform synergy,2480.8,Converted
4600,20259,Instagram Ads,Switchable leadingedge hub,3509.64,Not Converted
4601,24754,LinkedIn Ads,Configurable exuding migration,1080.07,Not Converted
4602,40157,Referral,Grass-roots multi-state complexity,4484.55,Not Converted
4603,13090,Referral,Configurable context-sensitive paradigm,866.95,Converted
4604,6535,Organic Search,Secured background encryption,899.94,Not Converted
4605,38973,Referral,Multi-channeled dynamic initiative,842.3,Converted
4606,32245,Google Ads,Implemented full-range alliance,4506.1,Not Converted
4607,49228,Instagram Ads,Focused full-range interface,4155.53,Not Converted
4608,14528,Organic Search,Synergized maximized interface,3348.67,Not Converted
4609,7539,YouTube Ads,Customer-focused exuding utilization,4324.82,Not Converted
4610,16433,Organic Search,Cloned 4thgeneration moderator,361.95,Converted
4611,9607,YouTube Ads,Fully-configurable fault-tolerant budgetary management,2793.87,Not Converted
4612,17665,Instagram Ads,Horizontal directional access,2777.53,Converted
4613,25149,Referral,Synergized next generation architecture,3371.93,Not Converted
4614,30129,Instagram Ads,Synergized well-modulated orchestration,1411.46,Converted
4615,38742,Organic Search,Business-focused value-added approach,1856.67,Converted
4616,49454,Organic Search,Multi-layered multi-state complexity,1325.26,Converted
4617,11664,Instagram Ads,Programmable zero administration emulation,1566.31,Not Converted
4618,19822,Referral,Organized mobile website,1138.66,Converted
4619,16878,Instagram Ads,Synergized radical conglomeration,4890.97,Not Converted
4620,45552,YouTube Ads,Customizable hybrid array,2443.58,Converted
4621,45940,LinkedIn Ads,Digitized mobile knowledgebase,1644.27,Not Converted
4622,46000,YouTube Ads,Visionary methodical extranet,4869.46,Converted
4623,5362,YouTube Ads,Team-oriented multi-tasking attitude,246.16,Not Converted
4624,33380,Instagram Ads,Synergized disintermediate moratorium,4411.34,Converted
4625,32460,Google Ads,Triple-buffered object-oriented knowledge user,4747.48,Not Converted
4626,33401,Referral,Automated modular benchmark,3919.68,Not Converted
4627,47972,Google Ads,Networked 5thgeneration approach,2412.44,Not Converted
4628,967,Referral,Stand-alone secondary circuit,195.34,Not Converted
4629,2597,YouTube Ads,Ameliorated clear-thinking neural-net,754.34,Converted
4630,30474,Referral,Programmable multimedia paradigm,235.29,Not Converted
4631,2950,Google Ads,Expanded intangible complexity,620.86,Converted
4632,47957,Google Ads,Phased empowering flexibility,3426.26,Not Converted
4633,49107,YouTube Ads,Re-engineered hybrid parallelism,1080.46,Not Converted
4634,23399,Google Ads,Ameliorated real-time flexibility,829.07,Not Converted
4635,6070,Organic Search,Polarized context-sensitive hardware,2431.02,Not Converted
4636,10758,YouTube Ads,Public-key local knowledgebase,597.95,Converted
4637,43989,Google Ads,Expanded eco-centric frame,2132.22,Not Converted
4638,17972,Referral,Seamless fresh-thinking core,4037.86,Converted
4639,28383,YouTube Ads,Optional client-server success,1578.93,Not Converted
4640,19372,Google Ads,Distributed coherent architecture,1655.34,Converted
4641,39264,YouTube Ads,Distributed 24/7 website,1248.38,Not Converted
4642,3676,Organic Search,Fully-configurable 3rdgeneration secured line,2878.43,Not Converted
4643,14575,Referral,Customizable clear-thinking archive,3256.67,Converted
4644,47734,LinkedIn Ads,Function-based 4thgeneration access,3133.99,Not Converted
4645,46243,Instagram Ads,Upgradable solution-oriented circuit,1616.87,Converted
4646,16607,YouTube Ads,Reverse-engineered mission-critical infrastructure,874.72,Converted
4647,11345,Google Ads,Reduced human-resource ability,2661.87,Not Converted
4648,23651,YouTube Ads,Business-focused attitude-oriented task-force,3699.19,Converted
4649,16258,Instagram Ads,Implemented well-modulated customer loyalty,3288.0,Converted
4650,49827,YouTube Ads,Virtual methodical contingency,879.42,Converted
4651,7989,YouTube Ads,Organic solution-oriented Graphical User Interface,4111.01,Converted
4652,38880,Google Ads,Networked high-level portal,2747.31,Not Converted
4653,29910,LinkedIn Ads,Mandatory background monitoring,346.99,Not Converted
4654,17702,YouTube Ads,Open-source transitional alliance,754.31,Not Converted
4655,44066,Referral,Function-based value-added standardization,3342.97,Not Converted
4656,9699,Referral,Universal motivating standardization,2015.17,Not Converted
4657,20691,Instagram Ads,Adaptive motivating focus group,1700.99,Not Converted
4658,43827,Google Ads,Intuitive incremental solution,3142.4,Converted
4659,25903,Referral,Triple-buffered demand-driven alliance,4045.34,Not Converted
4660,13886,YouTube Ads,Grass-roots local projection,4356.06,Not Converted
4661,16125,Organic Search,Polarized mobile access,3907.46,Converted
4662,31301,YouTube Ads,Switchable well-modulated methodology,2694.52,Converted
4663,25459,YouTube Ads,Multi-tiered multi-state portal,401.2,Converted
4664,49468,Google Ads,Extended client-server encoding,4044.06,Not Converted
4665,46075,LinkedIn Ads,Persevering multi-tasking intranet,4577.12,Not Converted
4666,44446,Referral,Self-enabling zero administration contingency,4650.16,Converted
4667,27474,Referral,Extended even-keeled data-warehouse,1180.44,Not Converted
4668,42034,Referral,Customer-focused homogeneous methodology,1245.24,Converted
4669,15901,Google Ads,Persevering zero administration hierarchy,4749.23,Not Converted
4670,5664,LinkedIn Ads,Ergonomic secondary projection,3749.19,Converted
4671,18133,Instagram Ads,Enterprise-wide maximized focus group,4889.83,Converted
4672,33683,LinkedIn Ads,Persevering heuristic matrix,1376.64,Converted
4673,1624,Instagram Ads,Monitored eco-centric portal,2741.28,Converted
4674,18096,Referral,Multi-layered foreground structure,3830.0,Not Converted
4675,28937,YouTube Ads,Expanded dynamic artificial intelligence,4530.42,Not Converted
4676,6588,YouTube Ads,Polarized reciprocal groupware,129.63,Not Converted
4677,36199,Referral,Customizable systemic ability,4026.59,Converted
4678,46942,Instagram Ads,Versatile bi-directional firmware,1746.78,Not Converted
4679,28113,Referral,Expanded stable migration,4399.55,Not Converted
4680,45279,YouTube Ads,Fully-configurable secondary secured line,3667.66,Converted
4681,4096,Referral,Face-to-face local Internet solution,2985.18,Not Converted
4682,38723,LinkedIn Ads,Multi-tiered next generation moratorium,1404.9,Converted
4683,16448,LinkedIn Ads,Digitized full-range productivity,288.87,Converted
4684,33654,Google Ads,Pre-emptive content-based moderator,4546.42,Converted
4685,1491,Instagram Ads,Advanced eco-centric firmware,63.52,Converted
4686,46178,Google Ads,Grass-roots impactful benchmark,3588.14,Not Converted
4687,21845,LinkedIn Ads,Ameliorated empowering solution,2003.66,Converted
4688,49797,Instagram Ads,Secured client-server contingency,1415.73,Converted
4689,18395,Organic Search,Customer-focused modular hub,4687.35,Not Converted
4690,38171,LinkedIn Ads,Ergonomic systemic protocol,3360.42,Not Converted
4691,33821,YouTube Ads,Up-sized zero tolerance synergy,3169.29,Not Converted
4692,32365,Instagram Ads,Centralized explicit middleware,3935.88,Converted
4693,32918,Instagram Ads,Customizable tangible model,1918.53,Converted
4694,34125,Organic Search,Visionary multi-tasking model,1227.96,Not Converted
4695,7464,LinkedIn Ads,Seamless intermediate installation,2335.32,Converted
4696,49126,YouTube Ads,Automated intangible superstructure,4176.79,Converted
4697,41796,Referral,Reactive dedicated access,2264.22,Not Converted
4698,42220,Organic Search,Innovative well-modulated Local Area Network,4356.14,Converted
4699,10717,LinkedIn Ads,Virtual multimedia time-frame,3737.27,Converted
4700,17367,Organic Search,Seamless client-server flexibility,3433.96,Converted
4701,48690,YouTube Ads,Quality-focused solution-oriented workforce,4298.81,Not Converted
4702,40012,Referral,Vision-oriented clear-thinking framework,3696.44,Converted
4703,47119,Organic Search,Sharable object-oriented interface,533.05,Not Converted
4704,885,Instagram Ads,Fully-configurable 3rdgeneration definition,4625.1,Converted
4705,42970,LinkedIn Ads,Versatile bandwidth-monitored system engine,3488.21,Converted
4706,3020,Referral,Optional logistical firmware,958.04,Not Converted
4707,20033,Google Ads,Programmable national benchmark,2759.34,Not Converted
4708,15940,Organic Search,Customer-focused foreground capability,470.22,Not Converted
4709,13684,Google Ads,Devolved zero tolerance analyzer,89.27,Not Converted
4710,25064,Organic Search,Inverse even-keeled software,291.08,Not Converted
4711,37323,Instagram Ads,Switchable motivating Graphical User Interface,4198.95,Converted
4712,34496,Organic Search,Profit-focused asymmetric protocol,927.74,Not Converted
4713,19462,LinkedIn Ads,Re-contextualized secondary workforce,1079.07,Not Converted
4714,11697,Instagram Ads,Upgradable next generation intranet,1537.46,Not Converted
4715,40180,LinkedIn Ads,Upgradable 6thgeneration functionalities,812.48,Not Converted
4716,18034,LinkedIn Ads,Monitored client-server info-mediaries,4401.99,Converted
4717,38971,Google Ads,Enterprise-wide solution-oriented migration,970.4,Converted
4718,20572,Instagram Ads,Down-sized systematic budgetary management,873.32,Converted
4719,38128,YouTube Ads,Managed bandwidth-monitored service-desk,4834.06,Converted
4720,870,Organic Search,Front-line clear-thinking secured line,1466.15,Not Converted
4721,9691,YouTube Ads,Decentralized 5thgeneration initiative,999.96,Converted
4722,17190,Google Ads,Team-oriented impactful extranet,4592.69,Not Converted
4723,48317,Google Ads,Digitized modular infrastructure,1983.52,Not Converted
4724,10184,Organic Search,Compatible explicit application,2032.25,Not Converted
4725,34512,YouTube Ads,Monitored static function,1430.31,Not Converted
4726,23326,Referral,Phased intangible productivity,3346.45,Converted
4727,48986,Referral,Universal logistical strategy,4950.48,Converted
4728,48234,Organic Search,Operative intangible knowledge user,3019.94,Not Converted
4729,44347,LinkedIn Ads,Cross-platform value-added parallelism,4325.22,Not Converted
4730,9475,Organic Search,Reduced 24hour Local Area Network,105.89,Converted
4731,11354,Organic Search,Synchronized real-time archive,4670.69,Not Converted
4732,6832,YouTube Ads,Digitized motivating support,2027.99,Converted
4733,1311,Google Ads,Visionary fault-tolerant contingency,2452.79,Converted
4734,37324,Referral,Customer-focused upward-trending Graphical User Interface,4363.54,Converted
4735,27476,Referral,Operative bandwidth-monitored application,4390.25,Converted
4736,139,Referral,Re-contextualized methodical methodology,606.26,Converted
4737,29774,Organic Search,Innovative 5thgeneration capability,932.28,Not Converted
4738,25482,Google Ads,Self-enabling uniform productivity,1847.5,Not Converted
4739,29189,Referral,Realigned client-driven website,1571.44,Not Converted
4740,44140,LinkedIn Ads,Monitored radical approach,981.72,Not Converted
4741,9061,Google Ads,Vision-oriented 24/7 project,3945.24,Converted
4742,47104,Organic Search,Upgradable foreground ability,3713.76,Not Converted
4743,39943,LinkedIn Ads,Pre-emptive dedicated success,1638.53,Not Converted
4744,41226,Instagram Ads,Integrated global throughput,1445.16,Not Converted
4745,49372,YouTube Ads,Pre-emptive even-keeled contingency,1066.03,Converted
4746,36690,YouTube Ads,Profound grid-enabled moderator,4603.29,Converted
4747,21240,Instagram Ads,Synergized dynamic emulation,663.05,Converted
4748,38697,Google Ads,Synergized real-time definition,1353.43,Converted
4749,5770,LinkedIn Ads,Adaptive intangible moderator,902.39,Not Converted
4750,20242,Google Ads,Upgradable 24hour strategy,468.14,Not Converted
4751,25269,Organic Search,Exclusive actuating help-desk,2510.82,Not Converted
4752,4602,Instagram Ads,Robust optimal emulation,4090.31,Not Converted
4753,21260,Organic Search,Networked empowering framework,2594.19,Converted
4754,18273,Instagram Ads,Multi-layered global initiative,2812.48,Converted
4755,36300,LinkedIn Ads,Re-engineered motivating algorithm,4649.53,Not Converted
4756,32770,Google Ads,Assimilated attitude-oriented support,4256.71,Not Converted
4757,16244,Google Ads,Phased grid-enabled time-frame,2746.62,Converted
4758,43292,LinkedIn Ads,Total dedicated info-mediaries,1118.79,Not Converted
4759,28703,YouTube Ads,Sharable actuating functionalities,2974.76,Not Converted
4760,47395,Organic Search,Integrated incremental superstructure,2958.06,Converted
4761,37649,Google Ads,Triple-buffered zero administration pricing structure,4290.06,Converted
4762,47367,Google Ads,Grass-roots radical array,110.15,Not Converted
4763,44392,LinkedIn Ads,Face-to-face full-range migration,645.86,Not Converted
4764,7626,Instagram Ads,Total 5thgeneration structure,1928.21,Converted
4765,4733,YouTube Ads,Distributed mobile monitoring,3813.49,Not Converted
4766,1588,Google Ads,Right-sized bandwidth-monitored solution,1541.91,Converted
4767,19403,Referral,Decentralized content-based open system,3295.44,Converted
4768,17177,Google Ads,Persistent client-server methodology,1780.16,Not Converted
4769,18715,Referral,Face-to-face multimedia policy,2043.63,Not Converted
4770,10332,Instagram Ads,Implemented impactful knowledgebase,1137.27,Converted
4771,5453,LinkedIn Ads,Multi-layered explicit leverage,3175.97,Not Converted
4772,27148,Google Ads,Mandatory attitude-oriented artificial intelligence,2096.52,Converted
4773,5396,YouTube Ads,Customer-focused zero administration framework,539.77,Converted
4774,41745,LinkedIn Ads,Function-based mission-critical superstructure,72.73,Converted
4775,4834,Google Ads,Front-line attitude-oriented data-warehouse,1692.68,Not Converted
4776,16534,Instagram Ads,Configurable motivating alliance,2722.38,Not Converted
4777,30742,Referral,Pre-emptive 24/7 complexity,2407.85,Not Converted
4778,28290,YouTube Ads,Re-contextualized leadingedge website,2583.55,Converted
4779,5597,YouTube Ads,Distributed national contingency,2126.08,Converted
4780,40854,LinkedIn Ads,Polarized regional standardization,1317.28,Not Converted
4781,17928,YouTube Ads,Decentralized executive functionalities,3923.04,Converted
4782,8848,Organic Search,Monitored multi-tasking service-desk,662.99,Not Converted
4783,1008,Referral,Sharable dedicated moderator,4933.02,Not Converted
4784,27793,LinkedIn Ads,Face-to-face systematic service-desk,4184.6,Not Converted
4785,40790,Google Ads,Advanced 6thgeneration budgetary management,826.78,Not Converted
4786,27784,Google Ads,Devolved system-worthy policy,420.33,Converted
4787,37682,Organic Search,Virtual multi-tasking initiative,647.02,Converted
4788,33566,YouTube Ads,Total upward-trending model,1045.81,Converted
4789,13391,YouTube Ads,Organized object-oriented protocol,4185.9,Not Converted
4790,28790,YouTube Ads,Virtual well-modulated superstructure,4677.28,Not Converted
4791,14420,YouTube Ads,Operative dedicated product,3813.65,Converted
4792,33220,Instagram Ads,Front-line regional productivity,4247.57,Converted
4793,49623,Instagram Ads,Organized eco-centric access,2710.16,Not Converted
4794,3300,LinkedIn Ads,Persevering bifurcated encryption,4462.2,Converted
4795,29445,Organic Search,Distributed non-volatile emulation,3554.27,Not Converted
4796,28450,YouTube Ads,Robust 5thgeneration moratorium,1247.51,Not Converted
4797,2555,LinkedIn Ads,Up-sized impactful product,4130.45,Converted
4798,37788,Referral,Versatile logistical analyzer,1363.13,Converted
4799,311,LinkedIn Ads,Stand-alone 24/7 instruction set,4074.33,Converted
4800,24598,LinkedIn Ads,Realigned context-sensitive matrix,1633.86,Converted
4801,7885,YouTube Ads,Synergized user-facing alliance,3063.8,Converted
4802,17089,YouTube Ads,Programmable needs-based focus group,2881.66,Not Converted
4803,35948,Organic Search,Innovative mission-critical leverage,4875.91,Not Converted
4804,7769,Instagram Ads,Networked secondary algorithm,4687.41,Not Converted
4805,33499,LinkedIn Ads,Enterprise-wide eco-centric Local Area Network,2426.4,Not Converted
4806,13506,Google Ads,Organic intangible functionalities,3012.85,Converted
4807,31200,YouTube Ads,Self-enabling regional instruction set,2173.83,Converted
4808,17851,Google Ads,Multi-lateral next generation software,1227.26,Converted
4809,45162,Referral,Open-architected high-level workforce,2607.6,Not Converted
4810,35926,Google Ads,Re-engineered asymmetric knowledge user,2541.08,Not Converted
4811,20605,Google Ads,Pre-emptive multimedia parallelism,3322.98,Not Converted
4812,17927,Instagram Ads,Expanded client-driven system engine,3905.22,Converted
4813,2635,Instagram Ads,Robust 4thgeneration complexity,3294.99,Converted
4814,46967,Organic Search,Integrated 3rdgeneration ability,4119.15,Not Converted
4815,30444,Google Ads,Mandatory tangible Internet solution,1141.6,Converted
4816,24199,Instagram Ads,Focused holistic installation,1076.29,Not Converted
4817,48027,Organic Search,Ergonomic intermediate frame,2651.87,Converted
4818,49527,Google Ads,Operative scalable challenge,3449.43,Not Converted
4819,41310,Referral,Compatible demand-driven challenge,630.67,Not Converted
4820,14336,Google Ads,Vision-oriented context-sensitive frame,4839.15,Converted
4821,5157,Referral,Multi-lateral clear-thinking middleware,3256.23,Not Converted
4822,23242,YouTube Ads,Public-key maximized concept,4622.41,Not Converted
4823,11887,Instagram Ads,Future-proofed scalable matrices,3842.37,Not Converted
4824,2459,Google Ads,Integrated scalable portal,1395.22,Converted
4825,420,LinkedIn Ads,Ameliorated methodical database,1833.46,Not Converted
4826,37137,LinkedIn Ads,Balanced dedicated core,4840.71,Not Converted
4827,34571,LinkedIn Ads,Multi-layered stable budgetary management,1193.3,Not Converted
4828,26725,Organic Search,Upgradable responsive service-desk,1683.49,Not Converted
4829,8098,Google Ads,Customizable regional time-frame,4992.17,Not Converted
4830,4670,YouTube Ads,Customizable bandwidth-monitored info-mediaries,692.84,Not Converted
4831,9428,Referral,Synergistic non-volatile intranet,744.73,Not Converted
4832,24215,YouTube Ads,Configurable tangible neural-net,792.8,Converted
4833,1321,Instagram Ads,Advanced stable access,4612.85,Not Converted
4834,25039,Instagram Ads,Horizontal fresh-thinking leverage,831.21,Not Converted
4835,621,Google Ads,Reduced systematic customer loyalty,550.04,Not Converted
4836,45003,Referral,Progressive bandwidth-monitored access,243.96,Not Converted
4837,2915,Referral,Decentralized systematic benchmark,4001.33,Not Converted
4838,40764,YouTube Ads,Distributed exuding open system,3435.11,Converted
4839,28149,YouTube Ads,Switchable holistic toolset,2798.07,Converted
4840,44098,Instagram Ads,Re-contextualized regional hierarchy,1676.38,Converted
4841,10407,Instagram Ads,Universal exuding info-mediaries,2651.22,Not Converted
4842,1223,Referral,Decentralized zero-defect archive,1353.18,Not Converted
4843,33257,LinkedIn Ads,Right-sized interactive hub,4969.89,Converted
4844,33974,YouTube Ads,Advanced bifurcated encoding,1138.64,Converted
4845,28148,LinkedIn Ads,Universal contextually-based service-desk,3456.4,Converted
4846,29779,Instagram Ads,Multi-lateral well-modulated groupware,4548.45,Not Converted
4847,36359,Instagram Ads,Public-key foreground flexibility,4722.38,Not Converted
4848,21461,Referral,Virtual needs-based open system,4700.54,Converted
4849,41825,YouTube Ads,Multi-lateral zero-defect focus group,221.19,Converted
4850,41609,Referral,Secured tangible structure,52.14,Not Converted
4851,17963,Instagram Ads,Organized executive data-warehouse,2573.1,Converted
4852,14315,YouTube Ads,Grass-roots uniform moderator,4433.01,Converted
4853,38862,LinkedIn Ads,Enterprise-wide 4thgeneration support,631.54,Converted
4854,7509,LinkedIn Ads,Synchronized value-added matrices,783.45,Not Converted
4855,29745,YouTube Ads,Public-key global parallelism,2975.66,Converted
4856,30004,Organic Search,Reverse-engineered systematic budgetary management,557.32,Converted
4857,11252,LinkedIn Ads,Grass-roots optimal utilization,3826.04,Converted
4858,38511,Google Ads,Synergized real-time neural-net,1508.77,Not Converted
4859,1961,YouTube Ads,Focused neutral contingency,2137.06,Not Converted
4860,8171,Google Ads,Open-architected exuding definition,2611.94,Converted
4861,31146,Instagram Ads,Universal methodical function,1510.65,Converted
4862,23350,Referral,Decentralized static budgetary management,2289.92,Not Converted
4863,20483,Referral,Extended tertiary extranet,4275.96,Not Converted
4864,28196,Organic Search,Realigned next generation complexity,985.06,Not Converted
4865,30156,Instagram Ads,Ergonomic analyzing encryption,1731.5,Not Converted
4866,5541,Referral,Automated intangible moratorium,2965.79,Converted
4867,47808,Referral,Progressive discrete circuit,4732.11,Not Converted
4868,15659,YouTube Ads,Persevering stable Local Area Network,120.06,Converted
4869,37050,Google Ads,Switchable high-level initiative,1457.33,Not Converted
4870,48947,Google Ads,Pre-emptive secondary portal,3676.98,Not Converted
4871,10044,YouTube Ads,Expanded 4thgeneration open architecture,4192.7,Not Converted
4872,26112,Organic Search,Sharable discrete structure,4994.03,Converted
4873,25609,YouTube Ads,Persevering national attitude,3852.59,Converted
4874,35098,Referral,Quality-focused multimedia firmware,4165.63,Not Converted
4875,31836,Referral,Synergized disintermediate policy,3071.53,Converted
4876,9111,Organic Search,Compatible even-keeled solution,3724.19,Not Converted
4877,20513,Organic Search,Re-engineered high-level solution,2986.15,Converted
4878,42270,YouTube Ads,Phased content-based service-desk,66.97,Converted
4879,39980,Referral,Universal local groupware,1847.36,Not Converted
4880,10712,Organic Search,Re-contextualized neutral functionalities,4323.77,Not Converted
4881,42956,Instagram Ads,Decentralized zero-defect conglomeration,1510.29,Converted
4882,14290,Instagram Ads,Centralized responsive alliance,4293.02,Not Converted
4883,27247,Referral,Reduced even-keeled policy,3855.21,Converted
4884,43319,Organic Search,Implemented zero administration paradigm,2295.5,Not Converted
4885,17711,Google Ads,Down-sized clear-thinking capacity,3992.92,Not Converted
4886,1216,YouTube Ads,De-engineered intangible leverage,686.52,Converted
4887,43527,Google Ads,Inverse system-worthy matrix,97.54,Not Converted
4888,13814,Organic Search,Phased zero administration portal,2847.61,Converted
4889,38817,LinkedIn Ads,Upgradable eco-centric open architecture,3659.73,Converted
4890,34163,Google Ads,Reverse-engineered didactic workforce,4868.21,Not Converted
4891,20283,Instagram Ads,Object-based global pricing structure,4010.91,Not Converted
4892,43076,Google Ads,User-centric analyzing productivity,3056.99,Converted
4893,20720,LinkedIn Ads,Progressive logistical frame,3188.99,Not Converted
4894,29795,YouTube Ads,Triple-buffered multi-state groupware,4350.74,Converted
4895,27760,Organic Search,Open-architected 4thgeneration productivity,2354.49,Converted
4896,9276,Organic Search,Programmable bifurcated archive,1644.35,Not Converted
4897,41901,YouTube Ads,Programmable mission-critical adapter,3464.02,Converted
4898,18060,Google Ads,Managed needs-based moderator,4311.91,Converted
4899,10577,Instagram Ads,Synchronized multi-state policy,1540.55,Not Converted
4900,39535,LinkedIn Ads,Self-enabling directional moderator,220.42,Not Converted
4901,7727,Google Ads,Profound background contingency,2454.46,Not Converted
4902,4265,YouTube Ads,Programmable stable secured line,4792.98,Not Converted
4903,1896,Instagram Ads,Compatible high-level framework,92.72,Not Converted
4904,33076,LinkedIn Ads,Self-enabling zero administration interface,2617.21,Converted
4905,3719,Organic Search,Re-engineered next generation neural-net,3468.48,Not Converted
4906,11344,Google Ads,Public-key local circuit,4695.88,Converted
4907,45617,LinkedIn Ads,Cross-platform exuding adapter,4906.46,Converted
4908,47834,Instagram Ads,Customer-focused modular approach,1188.98,Converted
4909,37856,Instagram Ads,Persistent national challenge,3264.39,Converted
4910,6090,YouTube Ads,Multi-channeled upward-trending infrastructure,953.5,Not Converted
4911,38481,Referral,Decentralized client-driven policy,635.4,Converted
4912,19212,Organic Search,Cloned grid-enabled alliance,2387.16,Converted
4913,32273,Google Ads,Digitized holistic solution,777.14,Not Converted
4914,11880,Organic Search,Centralized empowering challenge,4032.07,Not Converted
4915,21880,Referral,Triple-buffered value-added frame,4774.46,Converted
4916,15185,YouTube Ads,Devolved radical parallelism,2566.86,Not Converted
4917,7400,YouTube Ads,Intuitive client-server Graphic Interface,4548.12,Converted
4918,44403,Referral,Enterprise-wide bandwidth-monitored application,1726.61,Not Converted
4919,3016,YouTube Ads,De-engineered intangible intranet,1108.86,Not Converted
4920,34975,Google Ads,Exclusive needs-based initiative,395.0,Converted
4921,22202,Google Ads,Multi-channeled secondary firmware,2532.71,Converted
4922,47884,Organic Search,Upgradable bottom-line function,377.33,Converted
4923,12697,Instagram Ads,Persistent leadingedge functionalities,137.19,Converted
4924,13995,Referral,Face-to-face even-keeled budgetary management,592.66,Converted
4925,21093,LinkedIn Ads,Customer-focused zero administration project,4371.64,Converted
4926,48998,Organic Search,Customizable bandwidth-monitored forecast,1250.38,Not Converted
4927,10297,YouTube Ads,User-friendly full-range collaboration,690.44,Converted
4928,3049,YouTube Ads,Open-architected full-range service-desk,4376.13,Not Converted
4929,39463,Google Ads,Versatile client-server ability,2428.17,Converted
4930,12196,LinkedIn Ads,Digitized local time-frame,1461.09,Not Converted
4931,5820,Referral,Face-to-face motivating solution,4132.75,Converted
4932,7067,Google Ads,Compatible logistical process improvement,3953.39,Not Converted
4933,23677,YouTube Ads,Optimized bottom-line frame,4110.39,Not Converted
4934,22359,Instagram Ads,Open-architected grid-enabled protocol,1541.98,Not Converted
4935,28226,Instagram Ads,Face-to-face discrete portal,4528.02,Converted
4936,48837,Referral,Open-source human-resource paradigm,4928.17,Not Converted
4937,11114,Instagram Ads,Devolved multimedia approach,908.99,Converted
4938,46091,LinkedIn Ads,Multi-layered bifurcated utilization,1196.89,Converted
4939,48291,Organic Search,Object-based analyzing model,2681.79,Not Converted
4940,1161,Instagram Ads,Organized intangible database,3928.89,Not Converted
4941,34183,Referral,Horizontal maximized complexity,1221.74,Not Converted
4942,19636,Google Ads,Switchable non-volatile orchestration,2366.32,Converted
4943,2917,Organic Search,Programmable neutral monitoring,3020.65,Not Converted
4944,33063,Instagram Ads,Open-source holistic adapter,3473.63,Not Converted
4945,48993,LinkedIn Ads,Distributed hybrid strategy,1257.78,Converted
4946,47867,Referral,Ergonomic optimizing utilization,1605.51,Converted
4947,36846,Google Ads,Programmable multi-state encryption,2576.43,Converted
4948,30264,YouTube Ads,Function-based incremental productivity,2041.67,Not Converted
4949,24601,YouTube Ads,Proactive asymmetric model,2274.23,Converted
4950,44431,Organic Search,Customizable impactful function,1884.19,Not Converted
4951,71,Referral,Operative holistic pricing structure,1184.9,Converted
4952,46992,LinkedIn Ads,Intuitive fresh-thinking forecast,1109.61,Not Converted
4953,6478,Organic Search,Re-contextualized analyzing extranet,626.22,Converted
4954,41750,Instagram Ads,Enterprise-wide user-facing interface,1673.99,Converted
4955,31130,Organic Search,Extended non-volatile installation,3267.57,Converted
4956,9758,Google Ads,Implemented asymmetric neural-net,1062.16,Converted
4957,34862,LinkedIn Ads,Face-to-face next generation superstructure,4773.39,Converted
4958,33911,LinkedIn Ads,Configurable modular collaboration,3823.37,Not Converted
4959,42661,Organic Search,Vision-oriented fault-tolerant encryption,4887.73,Not Converted
4960,38690,LinkedIn Ads,Organic full-range matrix,2296.59,Not Converted
4961,33254,Organic Search,Visionary national hub,3812.32,Converted
4962,5502,Instagram Ads,Realigned national emulation,3152.7,Not Converted
4963,43508,LinkedIn Ads,Customizable holistic hardware,1115.59,Not Converted
4964,36799,Referral,Managed regional moderator,2522.04,Not Converted
4965,3909,Google Ads,Inverse grid-enabled array,1222.59,Converted
4966,40236,YouTube Ads,Organized asymmetric productivity,4832.33,Converted
4967,35032,LinkedIn Ads,Quality-focused exuding moderator,3488.94,Not Converted
4968,8769,Referral,Team-oriented asymmetric hierarchy,3129.57,Not Converted
4969,15953,Referral,Horizontal didactic workforce,1290.63,Converted
4970,42011,Referral,Versatile secondary software,3679.32,Not Converted
4971,12620,Google Ads,Business-focused transitional artificial intelligence,1918.15,Converted
4972,24457,Instagram Ads,Synergistic optimizing benchmark,4716.28,Converted
4973,41524,YouTube Ads,Sharable 3rdgeneration access,3613.14,Converted
4974,9315,Referral,Total methodical budgetary management,554.69,Converted
4975,30174,Organic Search,Adaptive even-keeled leverage,1486.92,Converted
4976,37423,Organic Search,Upgradable non-volatile contingency,3343.27,Converted
4977,4098,Google Ads,Focused composite matrix,353.94,Converted
4978,38986,Instagram Ads,Configurable incremental capability,1933.71,Converted
4979,31487,Referral,Ameliorated fresh-thinking knowledgebase,4305.64,Converted
4980,46498,Google Ads,Adaptive bandwidth-monitored matrix,1029.73,Converted
4981,36708,LinkedIn Ads,Vision-oriented full-range moderator,3033.87,Not Converted
4982,13592,Organic Search,Virtual homogeneous Local Area Network,3598.94,Not Converted
4983,8672,Instagram Ads,Robust demand-driven superstructure,623.34,Converted
4984,14384,YouTube Ads,Open-architected tangible initiative,3569.81,Not Converted
4985,4788,LinkedIn Ads,Future-proofed empowering access,3825.13,Not Converted
4986,25750,Instagram Ads,Multi-lateral impactful solution,779.73,Not Converted
4987,6053,Instagram Ads,Organized grid-enabled process improvement,4382.06,Converted
4988,37960,Referral,Seamless mission-critical protocol,1224.93,Converted
4989,37697,Google Ads,Balanced transitional Graphical User Interface,1930.13,Converted
4990,23543,Instagram Ads,Vision-oriented modular parallelism,2700.55,Converted
4991,32964,Organic Search,Face-to-face foreground process improvement,160.56,Converted
4992,18909,YouTube Ads,Inverse fault-tolerant Graphic Interface,877.55,Converted
4993,43300,LinkedIn Ads,Multi-lateral leadingedge access,2704.04,Not Converted
4994,48262,Google Ads,Grass-roots real-time matrix,2853.27,Not Converted
4995,10161,Google Ads,Innovative content-based migration,2579.64,Not Converted
4996,39288,Referral,Up-sized local system engine,3617.11,Converted
4997,38610,Google Ads,Function-based multi-state matrix,2476.69,Not Converted
4998,27428,LinkedIn Ads,Self-enabling bottom-line function,1975.59,Not Converted
4999,21086,Instagram Ads,Front-line object-oriented archive,1970.98,Converted
5000,26263,Google Ads,Progressive attitude-oriented firmware,1312.31,Converted
